一	one
一下击鼓声	dub
一世	generation
一丝不苟	regularly, meticulous
一丝不苟地	regularly
一丝不苟的	meticulous, punctilious
一丝儿	whisker
一丝光线	glimmer
一个	single
一个一个	singly
一个一个地	singly
一个劲儿	persistently
一串	trail, string
一些	some
一些的	some
一代	generation
一件一件	piecemeal
一件一件地	piecemeal
一价基	monad
一价物	monad
一份	share, portion
一伙	pack
一伙人	crowd
一会儿	while, little
一体化	incorporate
一体化的	incorporate
一侧的	unilateral
一册	copy
一击	sock
一分	penny
一切	all
一切的	all
一则	item
一刺	prick
一刻钟	quarter
一前一后	tandem
一前一后地	tandem
一剪	snip
一副	pair, pack
一副下流相	campy
一副下流相的	campy
一副假牙	denture
一副牙齿	denture
一匙	spoonful
一千元	gees
一千年	millennium, millennia
一千年的	millennial
一半	half
一半地	half
一半的	half
一卷	reel
一卷软片	cartridge
一卷钞票	bankroll
一厢情愿	wishful
一厢情愿的	wishful
一双	pair
一口	bite, mouthful
一口气	respiration
一口淡酒	tiff
一口酒	snifter
一吸	whiff
一吹	whiff
一周一次	weekly
一周一次的	weekly
一品红	poinsettia
一回	bout
一团	clot, posse
一团槽	snafu
一团槽的	snafu
一团糟	imbroglio
一圈	lap
一块地板	floorboard
一堆	lots
一夜的逗留	overnight
一大杯的容量	tankard
一夫一妻制	monogamy, monogamous
一夫一妻制的	monogamous
一头逐渐变细	taper
一套问答	catechism
一学期	trimester
一定	constant, definite
一定不	scarcely
一定的	constant, definite
一家之主	householder
一家人	household
一对	pair
一封电报	telegram
一小滴水珠	glob
一局	inning
一岁崽	yearling
一巴掌	cuff, spank
一帆风顺	successful
一帆风顺的	successful
一年一度	yearly
一年一度的	yearly
一年一次	annual, annually
一年一次的	annual
一年两次	biannual
一年两次的	biannual
一式三份	triplicate
一律	uniform
一律的	uniform
一心一意	intently, preoccupied
一心一意地	intently
一心一意的	preoccupied, wholehearted
一打	dozen
一打的	dozen
一扭	twist
一批	batch, passel
一批信件	packet
一把	handful
一抱之量	armful, armload
一拉	lug
一拖	lug
一揽子	package
一揽子的	package
一文不名	broke
一文不名的	broke
一日间	diurnal
一日间的	diurnal
一旦	once
一时	temporarily
一时冲动	spontaneously
一时的事物	temporality
一时的兴致	whim
一月一次	menstrual
一月一次的	menstrual
一望而知	commonsense
一望而知的	commonsense
一期	tranche
一本正经	solemnity, humourless
一本正经的	humourless, humorless
一本正经的人	prig
一束	skein, hank
一条策略	tactic
一条船的货物	boatload
一条面包	loaf
一杯的容量	tumbler
一杯茶	cuppa
一杯饮料	noggin
一样	alike, uniformly
一概	entirely
一次	once
一次回转	rev
一次所制之量	batch
一次烘焙的量	baking
一次的	primary
一次的挤奶量	milking
一次酿造的量	brewing
一次饮用量	potion
一氧化物	monoxide
一流	swell, ace
一流人物	daisy
一流的	swell, ace
一滩	sop
一滴	blob, glob
一点	damn
一点一点地咬	nibble
一点也不	none
一点儿	splash
一点点	little
一片	tranche
一片一片	piecemeal
一片一片的	piecemeal
一片空白状	oblivion
一环路	circuitry
一生	lifetime
一生的	lifetime
一画	brushstroke
一瘸一拐	lamely
一瘸一拐地	lamely
一百	hundred
一百年	centenary, centennial
一百年的	centenary, centennial
一百的	hundred
一直	right
一看	look
一瞥	glance, glimpse
一瞬间	flash, tick
一瞬间的	flashy
一知半解	sophomoric
一知半解的	sophomoric
一磅重的东西	pounder
一神教	monotheism
一神论	monotheism, monotheistic
一神论的	monotheistic
一种书桌	davenport
一种大腊肠	bologna
一种描述	version
一种油	vinaigrette
一种粗麻布	huck
一种纸牌赌博	baccarat
一稿数用	canned
一稿数用的	canned
一窝	brood
一窝小猪	farrow
一笑置之	laughing
一笑置之的	laughing
一笔	trait
一笔款	money
一符多音	polyphony
一簇	tuft
一系列	cavalcade
一级防范禁闭	lockdown
一组	batch, platoon
一组搁板	shelving
一经	once
一维的	unidimensional
一绺卷发	heartbreaker
一绺头发	tress
一群	troop, galaxy
一群人	crew, tribe
一群同伴	companionship
一致	one
一致同意	unanimously, unanimity
一致地	coincidentally, pursuant
一致性	consistency, coherence
一致标准	unified
一致标准的	unified
一致的	one
一般	general
一般人	everyman
一般化	generalization, generalize
一般地	ordinarily
一般性	universality
一般承认	accepted
一般承认的	accepted
一般概念	universal
一般水平	average
一般的	generic, ecumenical
一茶匙的容量	teaspoonful
一茶匙的量	tsp
一览表	schedule
一贯正确的人	infallible
一起	together
一连串	serial
一连串的	serial
一部分	some
一部分地	partially
一针	stitch
一镑	quid
一镑金币	quid
一闪	glimpse
一队	troop
一队人	queue
一阵	shower, whiff
一阵一阵痛	twinge
一阵发怒	wax
一阵喷烟	puff
一阵阵	fitful
一阵阵的	fitful
一阵风	blast
一页	folio
一项	particular
一项战术	tactic
一餐	meal, feed
一齐	simultaneously
丁烷	butane
丁种	delta
丁草胺	machete
丁香	clove, lilac
丁香花	lilac
丁鲷	tench
七叶树	buckeye
七叶树果实	conker
七嘴八嘴地说	gabble
七日服丧期	shiva
万古	eon, aeon
万向	versatile
万向接头	hooke
万向的	versatile
万寿菊	marigold
万岁	hooray, hurrah
万应药	panacea
万斯	vance
万用	versatile
万用的	versatile
万神殿	pantheon
万能	almighty
万能开锁片	shim
万能的	almighty
万能药	panacea, elixir
万能钥匙	twirl
万花筒	kaleidoscope
万花筒似	kaleidoscopic
万花筒似的	kaleidoscopic
丈夫	husband
丈夫的	marital
三	tri
三个一组	triangle, triple
三个月	trimester
三人一组	trinity
三人执政之职	triumvirate
三人的竞赛	threesome
三人间	triangular
三人间的	triangular
三代的	tertiary
三件一套	triplet
三件一组	triad
三价磷的	phosphorous
三位一体	trinity, triune
三位一体的	triune
三位字节	triplet
三便士	threepence
三便士银币	threepence
三倍	triple, treble
三倍地	threefold
三倍数	triple
三倍的	triple, treble
三元组	triad
三击不中出局	whiff
三击未中出局	strikeout
三叉神经痛	tic
三叶草	shamrock, clover
三叶虫	trilobite
三和音	triad
三头的	triceps
三头统治	triumvirate
三头肌	triceps
三头马车	troika
三夹板	plywood
三岁雄鹿	sorrel
三幅一联	triptych
三心二意	skittish
三心二意的	skittish
三思而后行	prudent
三思而后行的	prudent
三执政	triumvirate
三方之间	trilateral
三方之间的	trilateral
三明治	sandwich
三月	march
三月期	trimester
三次	thrice
三段论	syllogism
三点的牌	trey
三等品	thirds
三级分类	reclassify
三联	trilogy, triplicate
三联症	trilogy
三联的	triplicate
三聚二氰亚胺	melon
三脚台	tripod
三脚架	tripod
三脚桌	tripod
三色	tricolor
三色国旗	tricolor
三色国旗的	tricolor
三色堇	pansy
三色旗	tricolor
三色的	tricolor
三苯氧胺	tamoxifen
三角	triangle, delta
三角关系	triangle
三角叶杨	cottonwood
三角墙	pediment
三角学	trigonometry
三角布绷带	cravat
三角形	triangle, triangular
三角形划分	triangulation
三角形区	delta
三角形天帆	skyscraper
三角形布	gore
三角形的	triangular
三角旗	pennant
三角洲	delta
三角测量	triangulation
三角的	triangular
三角绷带	cravat
三角锦旗	pennant
三角骨	pyramidal
三轮车	tricycle
三部剧	trilogy
三部曲	trilogy
三酸甘油酯	triglyceride
三重	tripartite, threefold
三重唱	trio
三重地	threefold
三重的	tripartite, threefold
三齿嵩	sagebrush
上下	thereabouts
上下左右移动	pan
上下文	context
上下文的	contextual
上下跳动	bob
上下运动	pump
上了闩	barred
上了闩的	barred
上侧	upside
上光	glaze
上光于	gloss
上升	raise, rise
上升温暖气流	thermal
上升的	rising, ascending
上升管	riser
上升运动	send
上厕所	toilet
上古	primitive
上古的	primitive
上司	boss
上场队员	player
上坡	upgrade
上坡的	uphill
上客	load
上层土	topsoil
上层建筑	superstructure
上层清液	supernatant
上层的	supernatant
上层社会	aristocracy
上岸	landing, disembark
上市	listing
上市的	listed
上帝	lord, heaven
上弦工人	stringer
上手	smith
上扬	higher, bullish
上扬的	bullish
上挂钩	becky
上标题	heading
上段	upside
上流	genteel
上流的	genteel
上流社会	fashionable
上流社会的	fashionable
上流阶层	gentility
上浆	size
上涂料	dope
上涂料的	coated
上涨	up
上游	upriver
上游的	upriver
上溢	overflow
上演	stage
上演的	presentational
上现蜃景	looming
上电	electrify
上瘾	addictive
上瘾的	addictive
上瘾者	addict
上皮	epithelial, epithelium
上皮的	epithelial
上等	good
上等地	superbly
上等的	good
上等皮纸	vellum
上等细麻布	lawn
上级	upper, superior
上级的	upper, superior
上腹部	midsection, midriff
上船	ship
上菜	serving
上菜用具	server
上蜡	waxing
上蜡于	wax
上衣衣料	coating
上装	upload
上议员	senator
上议院	lords
上议院的	senatorial
上诉	appeal
上诉人	appellant
上诉的	appellant, appellate
上过蜡	waxed
上过蜡的	waxed
上过釉	glazed
上过釉的	glazed
上进	aspirant
上进的	aspirant
上述	above
上述各项	premise
上述的	above
上部	upside
上部构造	superstructure
上釉于	glaze
上锁	locked
上锁人	locker
上锁的	locked
上闩	latch
上限	ceiling
上院议员	lords
上面	over
上面的	over
上鞋底	sole
上颈手枷	pillory
上颌骨	maxillary
上颌骨的	maxillary
上颚	mandible
上风	windward
上风的	windward
上风面	windward
上齿	upper
下	down
下一个	next
下一个的	next
下丘脑	hypothalamus
下仔	calve
下令	appoint
下位	inferiority
下侧	underside
下倾	declination
下决心	will
下凹	sunken
下凹的	sunken
下划线	underline, underscore
下列	following
下列各项	following
下列的	following
下判断	judge
下午	afternoon
下午茶时间	teatime
下半生	afterlife
下去	down
下口	undercut
下命令召回	countermand
下坡	downhill, downgrade
下坡的	downhill, downslope
下垂	droop, sag
下垂物	pendant
下垂的	flagging, droopy
下垂部分	tippet
下士	corporal
下大雨	pour
下女	biddy
下定决心	locked
下定决心的	locked
下小雨	sprinkle
下层	lower
下层丛林	undergrowth
下层土	subsoil
下层的	lower
下层社会	underworld, rabble
下层社会的	underprivileged
下层绒毛	undercoat
下层阶级的人	lowlife
下属	underling
下巴	chin
下巴的外形	jawline
下意识	subliminal, subconscious
下意识地	subliminally
下意识的	subliminal, subconscious
下手	underling, stooge
下摆	skirt
下放	devolve, decentralize
下方	inferior
下方的	inferior
下旋削球	undercut
下木	underwood
下标	inferior, subscript
下标的	subscript
下栽	download
下次	next
下毒	poison
下毛毛雨	drizzle
下水	launch
下水典礼	launching
下水道	sewer
下水道设施	sanitation
下沉	sink
下流	blue, nasty
下流人	cad
下流地	obscenely
下流的	blue, nasty
下流社会	underworld
下游	downstream
下游地	downstream
下游的	downstream
下狱	jail, imprisonment
下等	coarse
下等的	coarse
下级	lower, junior
下级地位	subordination
下级的	lower, junior
下脚	tailing
下腹部	underbelly
下落	whereabouts
下蛋	lay
下行	descending
下行的	descendent, descending
下角料	offal
下议院	commons
下议院议员	commons
下贱	debased
下贱的	debased
下赌注	stake, wager
下身麻痹	paraplegic
下身麻痹患者	paraplegic
下身麻痹的	paraplegic
下鄂	jowl
下鄂的垂肉	jowl
下锚	anchorage
下阵雨	shower
下降	drop, descend
下降的	descendant, descendent
下降趋势	downturn, downside
下院	commons
下陷	settle, sink
下雨	rain, rainy
下雨夹雪	sleet
下雨的	rainy
下雪	snow
下雪的	snowy
下雹	hail
下雾	mist
下面	under
下面的	under
下颌的轮廓	jawline
下颌骨	mandible
下颚骨	jawbone
下风	lee, leeward
下风处	lee
下风的	lee, leeward
下马	dismount
下麻醉药	drugged
不	not
不一致	differ, disagree
不一致地	inconsistently
不一致的	conflicting, inconsistent
不上算	unprofitable
不上算的	unprofitable
不严密	relaxed, imprecise
不严密的	relaxed, imprecise
不严格	relaxed, lax
不严格的	relaxed, lax
不中用	shiftless
不中用的	shiftless
不中用的人	duffer
不为人所爱	unloved
不为人所爱的	unloved
不久	soon, shortly
不久以前	yesteryear
不久以后	anon
不久的	measurable
不义	unjustly, disloyal
不义地	unjustly
不义的	disloyal
不乐意	begrudgingly
不习惯	unaccustomed
不习惯的	unaccustomed
不了解	uncomprehending, incomprehension
不了解的	uncomprehending
不予帮助	unhelpful
不予帮助的	unhelpful
不予重视	downplay
不交的	disjointed
不亲切	unkind
不亲切的	unkind
不人道	inhumanity
不人道的	inhuman
不仁慈	unkind, relentlessly
不仁慈地	unkindly
不仁慈的	unkind
不仅如此	nay
不介意	reckless
不介意的	reckless
不令人满意	unsatisfactory
不令人满意的	unsatisfactory
不以为然	disapprovingly
不以为然地	disapprovingly
不休息	nonstop, sleepless
不休息地	nonstop
不休息的	nonstop, sleepless
不优雅	ungainly
不优雅的	ungainly
不会	unable
不会受伤害	invulnerable
不会受伤害的	invulnerable
不会弄错	unmistakable, unmistakably
不会弄错地	unmistakably
不会弄错的	unmistakable
不会搞错	unmistakable
不会搞错的	unmistakable
不会的	unable
不会破	unbreakable
不会破的	unbreakable
不会被误解	unmistakable
不会被误解的	unmistakable
不会误解	unmistakably
不会误解地	unmistakably
不会说话	speechless
不会说话的	speechless
不传导	opaque
不传导的	opaque
不传热	opaque
不传热的	opaque
不体谅	unkindly
不体谅地	unkindly
不体面	scandalous, shamefully
不体面地	shamefully
不体面的	scandalous
不作努力	effortlessly
不作努力地	effortlessly
不作声	peace
不依惯例	unconventional
不依惯例的	unconventional
不侵犯的	nonaggressive
不侵略的	nonaggressive
不便	inconvenient, inconvenience
不便的	inconvenient
不保密	unclassified
不保密的	unclassified
不信	doubt
不信仰	unbelief
不信任	mistrust, distrust
不信任的	distrustful
不信奉国教	nonconformity
不信宗教的人	doubter
不信实的	unfaithful
不信的	skeptical
不信相	disbelievingly
不信相地	disbelievingly
不信神	infidelity, infidel
不信神的	infidel, godless
不修边幅	slovenly, raunchy
不修边幅地	slovenly
不修边幅的	slovenly, raunchy
不值得	unworthy
不值得做	unrewarding
不值得做的	unrewarding
不值得注意	unremarkable
不值得注意的	unremarkable
不值得的	unworthy
不值得羡慕	unenviable
不值得羡慕的	unenviable
不值得考虑	inconsiderable
不值得考虑的	inconsiderable
不值钱	cheap
不值钱的	cheap
不值钱的东西	farthing
不假	truly
不假思索	unthinkingly
不假思索地	unthinkingly
不偏	impartiality
不偏不倚	impartial, neutrality
不偏不倚的	impartial, nonjudgmental
不偏袒	indifference
不偏袒的	impartial
不做梦	dreamless
不做梦的	dreamless
不停	endless
不停地	ceaselessly, incessantly
不停地说	harp
不停地转动	gyrate
不停的	endless
不健全	unsound, diseased
不健全的	unsound, diseased
不健康	sickness, unhealthy
不健康的	unhealthy, unfit
不像	unlike
不像的	unlike
不允许	impermissible, disallow
不允许的	impermissible
不充分	inadequate, scant
不充分地	poorly
不充分的	inadequate, scant
不充分的表演	underplay
不充足	insufficient
不充足地	scantily
不充足的	insufficient
不光彩	disreputable, dishonour
不光彩的	disreputable
不免一死	mortal
不免一死的	mortal
不全骨折	infraction
不公平	unfair, injustice
不公平地	partially, unfairly
不公平的	unfair, unjust
不公正	iniquity, inequity
不公正的	injurious, unjust
不公正的人	unjust
不公正行为	iniquity
不关心	careless, nonchalant
不关心地	indifferently
不关心政治	apolitical
不关心政治的	apolitical
不关心的	careless, nonchalant
不关紧要之事	nothing
不具名	anonymously
不具名地	anonymously
不典型	uncharacteristically, uncharacteristic
不典型地	uncharacteristically
不典型的	uncharacteristic, unrepresentative
不兼容性	incompatibility
不再	anymore
不再使用	discarded
不再抱幻想	disenchanted
不再抱幻想的	disenchanted
不再生效	off
不再生效的	off
不再着迷	disenchanted
不再着迷的	disenchanted
不准	forbid, disallow
不准确	false
不准确地	false
不准确的	inaccurate
不减弱	unabated
不减弱的	unabated
不凡的人	prodigy
不出奇	unsurprisingly
不出奇的	unsurprisingly
不出庭者	defaulter
不出所料	unsurprisingly
不出所料的	unsurprisingly
不出烟的	smokeless
不分类的	unclassified
不分胜负	tie
不切实	crackpot
不切实的	crackpot
不切实际	academic, unreasonable
不切实际地	unrealistically
不切实际的	academic, unreasonable
不切题	impertinent, impertinence
不切题的	impertinent
不利	adverse, disadvantage
不利于适应	maladaptive
不利于适应的	maladaptive
不利地	unfavorably, unfavourably
不利条件	handicap
不利的	adverse
不到时候	untimely
不到时候的	untimely
不剃须	unshaven
不剃须的	unshaven
不加克制	indiscreet
不加克制的	indiscreet
不加思考	blind
不加思考的	blind
不加批判	uncritical
不加批判的	uncritical
不加批评	uncritically
不加批评地	uncritically
不加渲染	drily, unadorned
不加渲染地	drily
不加渲染的	unadorned
不加鉴别	uncritically
不加鉴别地	uncritically
不务正业者	loafer
不动	still
不动产	estate
不动产所有权	freehold
不动产的	landed
不动人	unmoving
不动人的	unmoving
不动心	levelly
不动心地	levelly
不动性	immobility
不动情	phlegmatic
不动情的	phlegmatic
不动感情	dispassionately, unsentimental
不动感情地	dispassionately
不动感情的	unsentimental
不动摇	steady
不动摇的	steady
不动的	still
不劳而获的	unearned
不勉强	unconstrained
不勉强的	unconstrained
不匀度	irregularity
不匀称	disproportionately, asymmetry
不包括	barring
不包括在内	excluded
不包铅	unleaded
不包铅的	unleaded
不匹配的	unmatched
不协和音	cacophony
不协调	incongruous, ragged
不协调地	ajar
不协调的	incongruous, ragged
不卫生	unsanitary
不卫生的	unsanitary
不厌倦	tireless
不厌倦的	tireless
不原谅人	unforgiving
不原谅人的	unforgiving
不及格	fail
不及物	neuter
不及物的	neuter
不友善	unfriendly
不友善地	unfriendly
不友好	chilly
不友好的	chilly
不反应	nonreactive
不反应的	nonreactive
不发声	mutely
不发声地	mutely
不发火	misfire
不发达	underdeveloped, underdevelopment
不发达的	underdeveloped
不受刑罚	impunity
不受协的	uncompromising
不受处罚	unpunished
不受处罚的	unpunished
不受妨碍	unhindered, unencumbered
不受妨碍的	unhindered, unencumbered
不受干涉	unmolested
不受干涉的	unmolested
不受影响	immune
不受影响的	immune, unaffected
不受怀疑	unsuspected
不受怀疑的	unsuspected
不受惩罚	impunity
不受抑制	uncontrolled
不受抑制的	uncontrolled
不受拘束	uninhibited
不受拘束的	uninhibited
不受控制	unbridled, uncontrolled
不受控制的	unbridled, uncontrolled
不受束缚	footloose
不受束缚的	footloose
不受欢迎	undesirable, unacceptable
不受欢迎的	undesirable, unacceptable
不受欢迎的人	undesirable
不受法律制约	lawlessness
不受烦扰	unmolested
不受烦扰的	unmolested
不受约束	uncommitted, unconstrained
不受约束的	uncommitted, unconstrained
不受赏识	unappreciated
不受赏识的	unappreciated
不受阻的	unimpeded
不受阻碍	unhindered
不受阻碍的	unhindered
不受限制	unlimited
不受限制的	unlimited
不变	constant, constantly
不变化	invariably
不变化地	invariably
不变地	constantly
不变性	inflexibility
不变的	constant, permanent
不变的东西	invariable
不变量	invariant
不可亲	unapproachable
不可亲的	unapproachable
不可亵渎	inviolable
不可亵渎的	inviolable
不可侵犯	inviolable
不可侵犯的	sacred, inviolable
不可信	suspect
不可信任	treacherous
不可信任的	treacherous
不可信地	unbelievably
不可信的	suspect
不可信赖	unreliability
不可再生	nonrenewable
不可再生的	nonrenewable
不可分割的	undivided
不可分的	inseparable, indivisible
不可动摇	unshakable
不可动摇的	unshakable
不可原谅	unforgivable
不可原谅的	unforgivable
不可反转	irreversibly
不可反转地	irreversibly
不可变	immutable
不可变的	immutable
不可口	unpalatable
不可口的	unpalatable
不可名状	indescribable, nameless
不可名状的	indescribable, nameless
不可否认	undeniable, undeniably
不可否认地	undeniably
不可否认的	undeniable
不可宽赦	inexcusable
不可宽赦的	inexcusable
不可居住	uninhabitable
不可居住的	uninhabitable
不可弥补的	irreparable
不可归还	nonrefundable
不可归还的	nonrefundable
不可得到	unattainable
不可得到的	unattainable
不可得的	unavailable
不可忍受	insufferable
不可忍受的	insufferable
不可思议	weird, magic
不可思议地	strangely, mysteriously
不可思议的	weird, magic
不可抗力	irresistible
不可抵抗	irresistible, overwhelmingly
不可抵抗地	overwhelmingly
不可抵抗的	irresistible
不可挽回	irreversibly
不可挽回地	irreversibly
不可挽回的	irreparable
不可改变	irreversible, unshakeable
不可改变的	irreversible, unshakeable
不可救药	hopeless
不可救药的	hopeless
不可救药的人	incorrigible
不可数	uncountable
不可数的	uncountable
不可更改	irreversibly
不可更改地	irreversibly
不可更新	nonrenewable
不可更新的	nonrenewable
不可毁灭	indestructible
不可毁灭的	indestructible
不可测知的	inscrutable
不可测量	immeasurably, immeasurable
不可测量地	immeasurably
不可测量的	immeasurable
不可爱	loveless
不可爱的	loveless
不可理喻	impenetrable
不可理喻的	impenetrable
不可理解	baffling
不可理解的	inscrutable
不可用性	unavailability
不可用的	unusable
不可知	unknowable
不可知的	unknowable
不可知论	skeptical
不可知论的	skeptical
不可知论者	skeptic, agnostic
不可移动的	immovable
不可约	irreducible
不可约的	irreducible
不可缺少	indispensable
不可缺少之物	indispensable
不可缺少的	indispensable
不可能	impossible
不可能之事	impossibility
不可能地	impossibly
不可能性	impossibility
不可能的	impossible
不可能的事	impossibility
不可见	sightless
不可见的	sightless
不可解释	unaccountably
不可解释地	unaccountably
不可解释的	unaccountable
不可言喻	ineffable
不可言喻的	ineffable
不可证实	unsustainable
不可证实的	unsustainable
不可识别的	unrecognizable
不可辩驳的	incontrovertible, irrefutable
不可逃避	inevitability
不可逆	irreversible
不可逆的	irreversible
不可逾越	impassable
不可逾越的	impassable
不可避免	inevitably, inevitable
不可避免地	inevitably
不可避免的	inevitable, unavoidable
不可阻碍	unstoppable
不可阻碍的	unstoppable
不可非议的	justifiable
不可靠	unreliable, uncertainty
不可靠地	shakily
不可靠的	unreliable, irresponsible
不可预料	incalculable
不可预料的	incalculable
不可预测性	unpredictability
不可预知	unpredictable
不可预知性	unpredictability
不可预知的	unpredictable
不可饶恕	unforgivable
不可饶恕的	unforgivable
不合	disagreement
不合体	unbecoming
不合体的	unbecoming
不合作	uncooperative
不合作的	uncooperative
不合季节	unseasonably
不合季节地	unseasonably
不合意	disagreeable
不合意的	disagreeable
不合时令	untimely
不合时令的	untimely
不合时机	inopportune
不合时机的	inopportune
不合标准	bastard
不合标准的	bastard
不合格	unqualified, incompetence
不合格品	reject
不合格的	unqualified
不合法	irregular, irregularly
不合法地	unlawfully, illegally
不合法的	irregular, perverse
不合潮流的人	anachronism
不合理	unreasonable, absurd
不合理地	unreasonably, irrationally
不合理的	unreasonable, absurd
不合群的动物	loner
不合行规	unprofessional
不合行规的	unprofessional
不合规则	illegitimate
不合规则的	illegitimate
不合规定	illegal
不合规定的	illegal
不合规格	substandard
不合规格之物	irregular
不合规格的	substandard
不合语法	ungrammatical
不合语法的	ungrammatical
不合身	overgrown
不合身的	overgrown
不合适	unfortunate, improper
不合适的	unfortunate, improper
不合逻辑	inconsequential, illogical
不合逻辑的	inconsequential, illogical
不合道理	unjustifiable
不合道理的	unjustifiable
不吉	portentous, inauspicious
不吉利	ill, sinister
不吉利地	ominously
不吉利的	ill, sinister
不吉的	portentous, inauspicious
不吉祥的	unfavorable
不同	different, another
不同圆心	eccentric
不同圆心的	eccentric
不同地	otherwise
不同寻常	abnormally
不同性质的	miscellaneous
不同意	disagree, dissent
不同意的	dissenting
不同意者	dissenter
不同成分	heterogeneity
不同文化间	intercultural
不同文化间的	intercultural
不同时	asynchronous
不同时的	asynchronous
不同期	asynchronous
不同期的	asynchronous
不同的	different, another
不名誉	infamous, disgrace
不名誉的	infamous, ignominious
不吐放	unreleased
不吐放的	unreleased
不含混的	unequivocal
不含糊	unequivocal, unambiguous
不含糊地	unambiguously
不含糊的	unequivocal, unambiguous
不含酒精	nonalcoholic
不含酒精的	nonalcoholic
不听	deafness
不听话	stubborn, intractable
不听话的	stubborn, intractable
不吸引人	unprepossessing
不吸引人的	unprepossessing
不和	feud, friction
不和善	unkindly
不和善地	unkindly
不和的	discordant
不和蔼	surly
不和蔼的	surly
不和谐	dissonant, ajar
不和谐的	dissonant, ajar
不和谐音	dissonance
不咎	condone
不唐突	unobtrusive
不唐突的	unobtrusive
不喜欢	objection, dislike
不喜社交的	antisocial
不回答	unresponsive
不回答的	unresponsive
不回避的	unchallenged
不在	absent
不在乎	recklessly
不在使用	unused
不在使用的	unused
不在意	negligent
不在意的	negligent, oblivious
不在犯罪现场	alibi
不在的	absent
不在者	absentee
不均匀性	heterogeneity
不均匀的	heterogeneous
不均等	uneven
不均等的	uneven
不均衡	imbalance, unevenly
不均衡地	unevenly
不均衡的	unbalanced
不坚固	insecure
不坚固的	insecure
不坚持要求	waive
不坦率	indirect
不坦率的	indirect
不复存在	disappearing
不复杂	uncomplicated
不复杂的	uncomplicated
不多	few
不多的	few
不多话	guardedly
不够	insufficient
不够地	insufficiently
不够大	undersized
不够大的	undersized
不够好	inadequately
不够好地	inadequately
不够格	incompetence
不够格的	wanting
不够的	insufficient
不大可能	improbable
不大可能性	improbability
不大可能的	improbable
不大可能的事	improbability
不太可能	unlikely
不太可能的	unlikely
不太热烈	tepid
不太热烈的	tepid
不夸张	literally
不夸张地	literally
不奉承	unflattering
不奉承的	unflattering
不好不坏	fair, mediocre
不好不坏的	fair, mediocre
不好吃	unpalatable
不好吃的	unpalatable
不如实地叙述	misrepresent
不妥	wrongfully
不妥协	uncompromising, intransigence
不妥协地	uncompromisingly
不妥协的	uncompromising
不妥协的人	intransigent
不妥地	wrongfully
不孕	sterile
不孕症	infertility
不孕的	sterile
不存在	nonexistent, negation
不存在之物	unreality
不存在的	nonexistent
不存在的东西	nonexistence
不存在的事	nonexistence
不孝	disobedience, disobedient
不孝的	disobedient
不学无术	uninformed
不学无术的	uninformed
不宁的	restless
不安	tension, nervous
不安全	unsafe, insecurity
不安全地	precariously
不安全感	insecurity
不安全的	unsafe, insecure
不安地	anxiously, restlessly
不安定	instability
不安定的	slippery
不安的	nervous, uncomfortable
不安的状态	unrest
不安稳	unsafe
不安稳的	unsafe
不安静	restless
不安静的	restless
不完全	half
不完全变化词	defective
不完全地	imperfectly, incompletely
不完全地陈述	understate
不完全性	incompleteness
不完全的	half
不完全的景象	peep
不完善	incomplete
不完善的	incomplete
不完备	imperfectly
不完备地	imperfectly
不完整	imperfect, inchoate
不完整的	imperfect
不完美	faulty, imperfect
不完美的	faulty, imperfect
不定	variable
不定地	erratically, fluidly
不定式	infinitive
不定式的	infinitive
不定形	shapeless
不定形的	shapeless
不定性	indeterminacy
不定期的	unscheduled
不定的	variable
不宜	unfavorable
不宜手术的	inoperable
不宜的	unfavorable
不实	disloyal, falsely
不实地	falsely
不实用的	uneconomic
不实的	disloyal
不实际	platonic
不实际的	platonic
不审慎	unscrupulous
不审慎的	unscrupulous
不客气	unreservedly
不客气地	unreservedly
不害羞	unabashed
不害羞的	unabashed
不容异说	intolerant
不容异说的	intolerant
不容忍	intolerant
不容忍的	intolerant
不容易看到	unobtrusively
不容易看到地	unobtrusively
不容置疑	unassailable
不容置疑的	conclusive, unassailable
不宽容	intolerance
不宽恕人	unforgiving
不宽恕人的	unforgiving
不察觉的	unaware
不对称	asymmetrical, asymmetric
不对称的	asymmetrical, asymmetric
不对题	impertinence
不寻常	unusual, unusually
不寻常地	unusually
不寻常的	unusual
不尊敬	disrespectful
不尊敬的	disrespectful
不小心	remiss, mindless
不小心的	remiss, mindless
不尖	pointless
不尖的	pointless
不屈	gamely, unyielding
不屈不挠	tenacity, persevere
不屈不挠地	tirelessly
不屈不挠的	tenacious, indomitable
不屈地	gamely
不屈挠	inflexible
不屈挠的	inflexible
不屈曲	inflexible
不屈曲的	inflexible
不屈服	indomitable
不屈服的	indomitable
不屈的	unyielding
不屑一顾	dismissively
不屑一顾地	dismissively
不屑做	scorn
不履行义务者	defaulter
不履行责任	default
不巧	inopportune
不巧的	inopportune
不希望得到	undesired
不希望得到的	undesired
不带感情	dispassionate
不带感情的	dispassionate
不常	seldom
不常发生	infrequently
不常的	seldom
不干净	squalor
不平	dissatisfaction, grouchy
不平均的	unequal
不平坦	uneven, unevenly
不平坦地	unevenly
不平坦的	uneven
不平常	remarkable
不平常地	uncommon
不平常的	remarkable
不平度	roughness
不平的	grouchy
不平稳	jerky
不平稳的	jerky
不平等	inequality
不平行	unevenly
不平行地	unevenly
不平衡	imbalance, lopsided
不平衡的	lopsided, unbalanced
不平静	disquiet
不幸	poor, disaster
不幸之事	mishap
不幸事件	calamity
不幸事故	misfortune
不幸地	ill
不幸的	poor, unfortunate
不幸的是	unfortunately
不幸福	unhappily
不幸福地	unhappily
不庄严	undignified
不庄严的	undignified
不应得	undeserved
不应得的	undeserved
不应的	refractory
不延迟	forthwith
不延迟地	forthwith
不引人注意	unspectacular, inconspicuous
不引人注意的	unspectacular, inconspicuous
不引人注目	unobtrusive
不引人注目的	unobtrusive
不强调	unstressed
不强调的	unstressed
不当	wrongness
不当治疗	malpractice
不彻底	halfway
不彻底的	halfway
不得了	horrendous
不得了的	horrendous
不得人心	unpopular
不得人心的	unpopular
不得体	impropriety, unseemly
不得体的	unseemly
不得已	unavoidable
不得已的	unavoidable
不得罪人	tactfully
不得罪人地	tactfully
不得要领	pointless, inconclusive
不得要领的	pointless, inconclusive
不必要	unnecessary, needless
不必要地	unnecessarily, needlessly
不必要的	unnecessary, needless
不忠	treason
不忠实	untrue, disloyalty
不忠实的	untrue, unfaithful
不忠的	disloyal, traitorous
不忠行为	disloyalty
不快	umbrage, pique
不快乐	unhappy
不快乐的	unhappy
不快的	displeased
不怀疑	unsuspecting
不怀疑的	unsuspecting
不怕死	daredevil
不怕死的	daredevil
不怜悯	unrelenting
不怜悯的	unrelenting
不急	unhurried
不急的	unhurried
不恭维	unflattering
不恭维的	unflattering
不恰当	irrelevant
不恰当地	wrongly
不恰当的	irrelevant
不恰当组合	irrelevance
不悔悟	unrepentant
不悔悟的	unrepentant
不悦	sulk, disfavor
不悦目	unsightly
不悦目的	unsightly
不情愿	reluctant, reluctantly
不情愿地	reluctantly, unwillingly
不情愿的	reluctant
不惯	unaccustomed
不惯的	unaccustomed
不惹人注意	unimpressive
不惹人注意的	unimpressive
不惹眼	shamefaced
不惹眼的	shamefaced
不愉快	repugnant, displeasure
不愉快事件	unpleasantness
不愉快地	wickedly
不愉快的	repugnant, cheerless
不愉快的音调	cacophony
不感兴趣	uninterested, languidly
不感兴趣地	languidly
不感兴趣的	uninterested
不感动人	unmoving
不感动人的	unmoving
不感觉	imperceptibly
不感觉地	imperceptibly
不感谢	thankless
不感谢的	thankless
不愿	grudging, hated
不愿向前走	restive
不愿向前走的	restive
不愿意	unwilling, averse
不愿意的	unwilling, averse
不愿的	reluctant
不慌不忙	unhurriedly
不慌不忙地	unhurriedly
不慌张	unflappable
不慌张的	unflappable
不慌忙	unhurried
不慌忙的	unhurried
不慎重	indiscretion
不懂世故	unsophisticated
不懂世故的	unsophisticated
不懂世故的人	greenhorn
不懂事	innocent
不懂事的	innocent
不懈	unremitting
不懈的	unremitting
不成体统	improper
不成体统的	improper
不成功	unsuccessful
不成功的	unsuccessful
不成文的	unwritten
不成比例	disproportionate
不成比例的	disproportionate
不成熟	juvenile, premature
不成熟的	juvenile, premature
不成问题	unquestionably, unproblematic
不成问题的	unproblematic, unquestioned
不戴假面具	undisguised
不戴假面具的	undisguised
不扩散	nonproliferation
不承担责任	irresponsibility
不承认	disavow
不承诺	disclaimer, noncompliance
不抵抗主义	pacifism
不抵抗主义者	pacifist
不拘束的	unconstrained
不拘泥	liberal
不拘泥的	liberal
不拘礼	informal
不拘礼地	familiarly
不拘礼的	informal
不拘礼节	informally
不拘礼节地	informally
不拥挤	uncrowded
不拥挤的	uncrowded
不振	sluggishness
不提出疑问	unquestioning
不提出疑问的	unquestioning
不提出质询	unquestioning
不提出质询的	unquestioning
不插铅条	unleaded
不插铅条的	unleaded
不支付	nonpayment
不支薪水	unpaid
不支薪水的	unpaid
不改变	immovable
不改变的	immovable
不改悔	unrepentant
不改悔的	unrepentant
不敬	disrespect, irreverent
不敬畏神	ungodly
不敬畏神的	ungodly
不敬的	irreverent
不敬神	profane, blasphemous
不敬神的	profane, blasphemous
不敬行为	irreverence
不整洁	disheveled, raunchy
不整洁地	slovenly
不整洁的	disheveled, raunchy
不整齐	irregular, untidy
不整齐的	irregular, untidy
不整齐的衣着	disarray
不文明	uncivilized
不文明的	uncivilized
不料	unawares
不断	constantly, straight
不断向上	excelsior
不断向上的	excelsior
不断地	constantly, straight
不断地唠叨	nag
不断打扰	pester
不断灌输	instil
不断的	loud, perpetual
不断的苦痛	gnawing
不新鲜	stale
不新鲜的	stale
不时打断	punctuate
不时髦	naff, unfashionable
不时髦的	naff, unfashionable
不明智	unwisely, unwise
不明智地	unwisely
不明智的	unwise
不明确	ambiguity, ambiguous
不明确的	ambiguous, doubtful
不易了解	unclear
不易了解的	unclear
不易动感情	unemotional
不易动感情的	unemotional
不易弯曲	unyielding
不易弯曲的	unyielding
不易忘怀	haunting
不易忘怀的	haunting
不易懂	involved
不易懂的	involved
不易打碎	unbreakable
不易打碎的	unbreakable
不易损坏	impervious
不易损坏的	impervious
不易接近	unapproachable
不易接近的	unapproachable
不易控制	uppity
不易控制的	uppity
不是	no
不是存心	unintended
不是存心的	unintended
不是故意	unintentional
不是故意的	unintentional
不显眼	unobtrusively, inconspicuous
不显眼地	unobtrusively
不显眼的	inconspicuous
不显著	unremarkable, inconspicuously
不显著地	inconspicuously
不显著的	unremarkable
不景气	depression
不景气的	stagnant
不曾	never
不服	malcontent
不服从	disobedience, disobey
不服从法律	lawlessness
不服从的	unwilling, disobedient
不服的	malcontent
不期而遇	unprepared
不期而遇的	unprepared
不机敏	tactless, witless
不机敏的	tactless, witless
不机智	tactless
不机智的	tactless
不朽	monumental, immortality
不朽人物	immortal
不朽的	monumental
不来梅港市	bremen
不果断	unresolved
不果断的	unresolved
不标准的	atypical
不检点	profligate, laxity
不检点的	profligate
不模棱两可	unequivocal
不模棱两可的	unequivocal
不模糊的	unambiguous
不正	fraudulent
不正常	deviant, abnormally
不正常振动	shimmy
不正常的	deviant
不正常的事物	freak
不正常的人	deviant
不正常的兴奋	hysteria
不正当	wrong
不正当地	unfairly, unlawfully
不正当的	wrong
不正当的举止	misbehavior
不正当行为	impropriety
不正的	fraudulent
不正直	unfair
不正直地	dishonestly
不正直的	unfair
不正确	incorrect, untrue
不正确地	wrongly
不正确的	incorrect, untrue
不正确运转	mishandling
不歪	unswerving
不歪的	unswerving
不死	immortal, undying
不死的	immortal, undying
不死的人	undead
不死鸟	phoenix
不毛	desert, sterile
不毛的	desert, sterile
不民主	undemocratic
不民主的	undemocratic
不沉着	fidgety
不沉着的	fidgety
不治的病人	incurable
不法	illicit, illegitimate
不法份子	undesirable
不法地	unjustly
不法的	illicit, illegitimate
不法行为	malfeasance
不注意	regardless, carelessly
不注意地	carelessly
不注意的	heedless, reckless
不洁	filth, impurity
不洁净	unclean
不洁净的	unclean
不洁地	nastily
不洁的	unwashed
不活动	inactive, inactivity
不活动性	dormancy
不活动的	inactive, quiescent
不活泼	dead
不活泼的	dead
不流动	stagnant
不流动的	stagnant
不流畅	slack, laboriously
不流畅地	laboriously
不流畅的	slack
不流血	bloodless
不流血的	bloodless
不流行	unpopular, unfashionable
不流行的	unpopular, unfashionable
不浪费	economically
不浪费地	economically
不消化	indigestible, indigestion
不消化的	indigestible
不混乱	unruffled
不混乱的	unruffled
不清楚	vague, unclear
不清楚地	dully
不清楚的	vague, unclear
不清洁	unsanitary
不清洁的	unsanitary
不温和	intemperate
不温和的	intemperate
不溶解的	insoluble
不满	discontent, dissatisfaction
不满之声	catcall
不满意	discontented, unsatisfied
不满意的	discontented, unsatisfied
不满现状的人	malcontent
不满的	resentful, malcontent
不漂亮	clumsily, clumsiness
不漏水	watertight
不漏水的	watertight
不灭	eternal
不灭的	eternal
不灭的声望	immortality
不灵敏性	insensitivity
不灵活	awkwardness, locked
不灵活的	locked
不炫耀	unpretentious
不炫耀的	unpretentious
不烦恼	untroubled
不烦恼的	untroubled
不热	lukewarm, unheated
不热心	unenthusiastic
不热心的	unenthusiastic
不热情	lukewarm
不热情的	lukewarm
不热的	lukewarm, unheated
不然	else
不煤	brat
不熟悉	unfamiliar
不熟悉的	unfamiliar
不熟练	unskilled, amateurish
不熟练的	unskilled, amateurish
不爱国	unpatriotic
不爱国的	unpatriotic
不爱社交的	antisocial
不牢固	weak
不牢固的	weak
不牢靠	insecure, precariously
不牢靠地	precariously
不牢靠的	insecure
不特别	unexceptional
不特别的	unexceptional
不犯错误	unerring
不犯错误的	unerring
不犹豫	forthwith, unquestioning
不犹豫地	forthwith
不犹豫的	unquestioning
不狡猾	guileless
不狡猾的	guileless
不现实	impractical, unrealistically
不现实地	unrealistically
不现实的	impractical
不理智	inept
不理智的	inept
不理睬	ignore
不甜	unsweetened
不甜的	unsweetened
不生产	unproductive
不生产的	unproductive
不生效	abrogate
不用	unused, disused
不用动词	nonverbal
不用动词的	nonverbal
不用的	unused
不用稿子	unscripted
不用稿子的	unscripted
不用语言	nonverbal
不用语言的	nonverbal
不畏惧	unflinching
不畏惧的	unflinching
不畏缩	unflinching
不畏缩的	unflinching
不留心	heedless, unthinking
不留心的	heedless, unthinking
不留神	unguarded, mindless
不留神的	unguarded, mindless
不疲倦	tireless
不疲倦的	tireless
不痛	painless
不痛的	painless
不的	nae
不盲	sighted
不盲的	sighted
不相信	incredulously, unconvinced
不相信地	incredulously
不相信者	unbeliever
不相关	irrelevance
不相关性	irrelevance
不相关的	unconcerned
不相关的事物	irrelevance
不相容	incompatible
不相容性	incongruity
不相容的	incompatible
不相干	irrelevant, disparate
不相干性	incoherence
不相干的	irrelevant, disparate
不相当的	repugnant
不相称	inappropriate
不相称的	inappropriate
不相符之处	discrepancy
不相等	unequal
不相等的	unequal
不相连	separately
不相配	unmatched, unbecoming
不相配的	unmatched, unbecoming
不省人事	senseless
不省人事的	senseless
不真实	untrue, mythical
不真实的	untrue, mythical
不眠	vigil
不眠症	vigilance, wakefulness
不眨眼	unblinking
不眨眼的	unblinking
不着重	unstressed
不着重的	unstressed
不着陆	nonstop
不着陆的	nonstop
不睡眠	sleepless
不睡眠的	sleepless
不知不觉	oblivious, involuntary
不知不觉地	involuntarily, unwittingly
不知不觉的	oblivious, involuntary
不知不觉陷入	slide
不知何故	somehow
不知情	unwitting, unwittingly
不知情地	unwittingly
不知情的	unwitting, ignorant
不知感恩	thankless
不知感恩的	thankless
不知所措	perplexed, nonplussed
不知所措的	perplexed, nonplussed
不知疲倦	indefatigable, tirelessly
不知疲倦地	tirelessly
不知疲倦的	indefatigable, inexhaustible
不知礼	graceless
不知礼仪的人	sinner
不知礼的	graceless
不知羞耻	shameless, shamelessly
不知羞耻地	shamelessly
不知羞耻的	shameless
不知耻	unashamed, graceless
不知耻的	unashamed, graceless
不知自责	remorseless
不知自责的	remorseless
不知足	insatiable
不知足的	insatiable
不知道	unknown
不知道的	unknown
不矫揉造作	unaffected
不矫揉造作的	unaffected
不确信	uncertain
不确信的	uncertain
不确定	uncertain, uncertainty
不确定地	uncertainly
不确定度	uncertainty
不确定性	indeterminacy
不确定权	possibility
不确定的	uncertain, dubious
不确定的事物	uncertainty
不确实	inexact
不确实的	inexact
不礼貌	indecent
不礼貌的	indecent
不神圣	unholy
不神圣的	unholy
不祥	unlucky
不祥物	jinx
不祥的	unlucky
不科学	unscientific
不科学的	unscientific
不称职	ineptitude, dorky
不称职地代表	misrepresent
不称职的	dorky
不称职的人	dork
不称职者	inept
不稳	crank
不稳固	unsteady, unsteadily
不稳固地	unsteadily
不稳固的	unsteady
不稳地滑动	slither
不稳定	unstable, precarious
不稳定地	uneasily, unsteadily
不稳定性	instability
不稳定的	unstable, precarious
不稳的	crank
不稳而倒下	toppled
不穿衣服	undressed
不穿衣服的	undressed
不穿鞋	shoeless
不穿鞋的	shoeless
不端行为	malpractice
不笑	unsmiling
不笑的	unsmiling
不符值	discrepancy
不符合	discrepancy
不符合传统	nontraditional
不符合传统的	nontraditional
不符合宪法	unconstitutional
不符合宪法的	unconstitutional
不符合的	discrepant
不符要求的	inept
不等	disparity
不等同	unequalled, unequaled
不等同的	unequalled, unequaled
不等式	inequality
不等的	unequal
不管	regardless
不精密	inaccurately, inexact
不精密地	inaccurately
不精密的	inexact
不精确	imprecise, inaccurate
不精确的	imprecise
不精细	unsophisticated
不精细的	unsophisticated
不紧	loosely
不纯	impure, impurity
不纯洁	unclean
不纯洁的	unclean
不纯的	impure
不经意	casual
不经意地	unwittingly
不经意的	casual
不经济	wasteful, uneconomic
不经济的	wasteful, uneconomic
不结果	fruitless
不结果实	infertile
不结果实的	infertile
不结果的	fruitless
不绝	incessant, hourly
不绝地	hourly
不绝的	incessant
不统一	disunity
不绣的	stainless
不编离	unswerving
不编离的	unswerving
不老	ageless
不老实	disingenuous, twisty
不老实的	disingenuous, twisty
不老实的人	twister
不老的	ageless
不老长寿药	elixir
不耐	intolerance
不耐烦	impatient, impatiently
不耐烦的	impatient
不聚成焦点	unfocused
不聚成焦点的	unfocused
不肥沃	infertile, infertility
不肥沃的	infertile
不肯定	unsure
不肯定的	unsure
不育	barren
不育症	infertility
不育的	barren
不胜任	unfit, incompetence
不胜任的	unfit, unqualified
不能	unable
不能下定义	indefinable
不能下定义的	indefinable
不能代替	irreplaceable
不能代替的	irreplaceable
不能作废	unavoidable
不能作废的	unavoidable
不能使用	defunct
不能使用的	defunct
不能信赖	untrustworthy
不能信赖的	untrustworthy
不能修补	irreparable
不能修补的	irreparable
不能倒置	irreversible
不能倒置的	irreversible
不能克服	insuperable
不能克服的	insuperable
不能分	inseparable
不能分割	indivisible
不能分割的	indivisible
不能分的	inseparable
不能分辩	unjustifiable
不能分辩的	unjustifiable
不能利用	unavailable
不能利用的	unavailable
不能到达	unreachable
不能到达的	unreachable
不能制胜	insuperable
不能制胜的	insuperable
不能削减	irreducible
不能削减的	irreducible
不能动手术	inoperable
不能动手术的	inoperable
不能区别	indistinguishable
不能区别的	indistinguishable
不能医治	incurable
不能医治的	incurable
不能协调	irreconcilable
不能协调的	irreconcilable
不能压制	irresistible
不能压制的	irresistible
不能反驳	irrefutable
不能反驳的	irrefutable
不能取消	irrevocable, irrevocably
不能取消地	irrevocably
不能取消的	irrevocable
不能变	immutable
不能变更	irrevocable
不能变更的	irrevocable
不能变的	immutable
不能和解	irreconcilable
不能和解的	irreconcilable
不能回答的	unanswerable
不能复位的	irreducible
不能复原	irretrievable, irrecoverable
不能复原的	irretrievable, irrecoverable
不能复归	irreducible
不能复归的	irreducible
不能夺取	inalienable
不能夺取的	inalienable
不能安抚	implacable
不能安抚的	implacable
不能实施	impracticable
不能实施的	impracticable
不能实行	impractical, unworkable
不能实行的	impractical, unworkable
不能容忍	flagrant
不能容忍的	flagrant
不能并存	incompatible
不能并存的	incompatible
不能弥补的	irretrievable
不能强制的	unenforceable
不能征服	invincible
不能征服的	invincible
不能得到	unreachable
不能得到的	unreachable
不能忍受	unbearably, unsustainable
不能忍受地	unbearably
不能忍受的	unsustainable
不能恢复	irreparably
不能恢复地	irreparably
不能恢复的	irrevocable, irretrievable
不能想像	unthinkable, unimaginably
不能想像地	unimaginably
不能想像的	unthinkable
不能想象	inconceivable, unimaginable
不能想象的	inconceivable, unimaginable
不能感知	imperceptible
不能感知的	imperceptible
不能成立的	unsustainable
不能手术的	inoperable
不能执行的	unenforceable
不能承认	inadmissible
不能承认的	inadmissible
不能抑制	untamed
不能抑制的	untamed
不能拭除	indelible
不能拭除的	indelible
不能挽回	irrevocable, irreparable
不能挽回地	irretrievably, irreparably
不能挽回的	irrevocable, irreparable
不能接受地	unacceptably
不能接受的	unacceptable
不能控制的	uncontrollable
不能撤回	irrevocably
不能撤回地	irrevocably
不能撤销的	irrevocable
不能收回	irrecoverable
不能收回的	irrecoverable
不能改变	unchangeable
不能改变的	unchangeable
不能替代的	irreplaceable
不能比拟	unequalled, unequaled
不能比拟的	unequalled, unequaled
不能比较	incomparable, incommensurable
不能比较的	incomparable, incommensurable
不能渗透	impermeable
不能渗透的	impermeable
不能溶解	insoluble
不能溶解的	insoluble
不能满足的	insatiable
不能熄灭	unquenchable
不能熄灭的	unquenchable
不能理解	incomprehensible
不能理解的	incomprehensible
不能的	unable
不能相信	incredibly
不能相信地	incredibly
不能知道	unknowable
不能知道的	unknowable
不能矫正	incurable
不能矫正的	incurable
不能破坏	indestructible
不能破坏的	indestructible
不能维持	untenable
不能维持的	untenable
不能考虑	unthinkable
不能考虑的	unthinkable
不能肯定的	unsubstantiated
不能胜任	insufficient
不能胜任地	insufficiently
不能胜任的	insufficient
不能自持	irresistibly
不能自持地	irresistibly
不能行的	incapable
不能补救	irretrievably
不能补救地	irretrievably
不能解决	insoluble, inextricably
不能解决地	inextricably
不能解决的	insoluble
不能解释	inexplicable
不能解释的	inexplicable
不能让与	inalienable
不能让与的	inalienable
不能说明	inexplicable, unaccountably
不能说明地	unaccountably
不能说明的	inexplicable
不能读	unreadable
不能读的	unreadable
不能调换	irreplaceable
不能调换的	irreplaceable
不能超越	insurmountable
不能超越的	insurmountable
不能转售	inalienable
不能转售的	inalienable
不能辨别	indistinguishable
不能辨别的	indistinguishable
不能还原的	irreducible
不能透入	proof
不能透入的	proof
不能透过的	impervious
不能通融的	uncompromising
不能通行	impassable, impracticable
不能通行的	impassable, impracticable
不能通过	impenetrable, impermeable
不能通过的	impenetrable, impermeable
不能遏制	unquenchable
不能遏制的	unquenchable
不能避免	inevitability
不能防卫	indefensible
不能防卫的	indefensible
不能防守	untenable
不能防守的	untenable
不能预料的	unexpected
不能预测	inscrutable
不能预测的	inscrutable
不能预见的	unforeseeable
不能飞	flightless
不能飞的	flightless
不能驳倒	irrefutable
不能驳倒的	irrefutable
不脸红	unabashed
不脸红的	unabashed
不自在	uncomfortable, uneasy
不自在地	uneasily, uncomfortably
不自在的	uncomfortable, uneasy
不自然	unnatural, contrived
不自然地	unnaturally, artificially
不自然的	unnatural, contrived
不自私	unselfish
不自私的	unselfish
不舒	discomfort
不舒服	sick, uncomfortable
不舒服的	uncomfortable
不舒适	uncomfortably, discomfort
不舒适地	uncomfortably
不良	badness
不良份子	undesirable
不良的	poor
不节制	intemperate
不节制的	intemperate
不苟言笑	tacit
不苟言笑的	tacit
不落俗套	nonconformist, offbeat
不落俗套的	nonconformist, offbeat
不落俗套的人	nonconformist
不虔诚	unholy
不虔诚的	unholy
不行	nix
不表同情	unsympathetic
不表同情的	unsympathetic
不衰退	unabated
不衰退的	unabated
不被使用	disuse
不被注意	unnoticed
不被注意的	unnoticed
不装模作样	unpretentious
不装模作样的	unpretentious
不装腔作势	unassuming
不装腔作势的	unassuming
不装订	inbound
不要	nix
不要脸的家伙	motherfucker
不见	disappear, missing
不见世面	frumpy
不见世面的	frumpy
不见的	missing
不规则	anomaly, irregular
不规则发生	catchy
不规则发生的	catchy
不规则地	inordinately
不规则性	illegitimacy, scrambling
不规则物	irregular
不规则的	irregular, abnormal
不规则碎片形	fractal
不规律	erratically
不规律地	erratically
不规矩的行为	misbehavior
不触犯人	inoffensive
不触犯人的	inoffensive
不言明	implicitly
不认	disown
不认错	unapologetic
不认错地	unapologetically
不认错的	unapologetic
不讨人喜欢	unprepossessing, unpleasantly
不讨人喜欢地	unpleasantly
不讨人喜欢的	unprepossessing
不讨厌	inoffensive
不讨厌的	inoffensive
不让对方得分	shutout
不让步	uncompromising, obstinate
不让步的	uncompromising, obstinate
不记名	bearer
不讲明的	implicit
不讲理	brutal
不讲理的	brutal
不讲道德	unprincipled
不讲道德的	unprincipled
不讲道理	wrongful
不讲道理的	unreasonable, wrongful
不许	disallow, forbid
不许可	inadmissible, impermissible
不许可的	inadmissible, impermissible
不论	whether
不论何时	whenever
不诚实	dishonest, fraudulent
不诚实地	dishonestly
不诚实的	dishonest, fraudulent
不该受	undeserved
不该受的	undeserved
不误期的	punctual
不说话	dumb
不说话的	dumb
不调和	discord, dissonance
不调和地	incongruously
不调和的	discordant, patchy
不谅解	uncomprehending
不谅解的	uncomprehending
不谋私利	unselfish
不谋私利的	unselfish
不谐和	dissonance
不谦虚	immodest
不谦虚的	immodest
不谨慎	unwary, heedless
不谨慎的	unwary, heedless
不象发生	improbable
不象发生的	improbable
不象真实	implausible, improbably
不象真实地	improbably
不象真实的	implausible
不负责	carefree
不负责任	irresponsible
不负责任地	irresponsibly
不负责任的	irresponsible
不负责的	carefree
不败	undefeated
不贵重	inexpensive
不贵重的	inexpensive
不费力	lightly
不费力地	lightly
不费力气	effortless
不费力气的	effortless
不费心思	mindlessly
不费心思地	mindlessly
不赚钱	unprofitable
不赚钱的	unprofitable
不赞成	disapprove, disapproval
不赞成地	disapprovingly
不赞成的	dissenting
不走歪	unswerving
不走歪的	unswerving
不起作用	malfunction
不起皱	unruffled
不起皱的	unruffled
不足	lack, failure
不足之处	inadequacy
不足信	discredited
不足信的	discredited
不足凭信	apocryphal
不足凭信的	apocryphal
不足取	negligible, paltry
不足取的	negligible, paltry
不足取的事	frivolity
不足地	sparsely
不足抵偿债务	insolvency
不足挂齿	contemptible
不足挂齿的	contemptible
不足的	deficient, scant
不足道	potty, dinky
不足道的	potty, dinky
不足道的人	snip
不足量	shortfall
不足额	deficit
不践	inexpensively
不践地	inexpensively
不轨行为	misdemeanour
不轻信	incredulity, incredulous
不轻信的	incredulous
不辛	tragedy
不辛遭遇	misadventure
不辞辛劳	hardworking
不辞辛劳的	hardworking
不辩解	unapologetic
不辩解的	unapologetic
不过	only
不近人情	unnatural
不近人情的	unnatural
不连接	unconnected
不连接的	unconnected
不连续	discrete
不连续的	discrete
不连贯	incoherent, scrappy
不连贯地	staccato
不连贯的	incoherent, scrappy
不连贯的东西	staccato
不退缩	unflinching
不退缩的	unflinching
不适	discomfort
不适于居住	inhospitable
不适于居住的	inhospitable
不适于食用	inedible
不适于食用的	inedible
不适任	ineligible
不适任的	ineligible
不适合	unsuitable, unbecoming
不适合的	unsuitable, unbecoming
不适合的东西	misfit
不适宜	disagree
不适宜地	unfavourably, unfavorably
不适宜居住	uninhabitable
不适宜居住的	uninhabitable
不适宜的	unfavourable, unseemly
不适应	unfavourable, maladaptive
不适应的	unfavourable, maladaptive
不适当	inappropriate, inadequate
不适当地	unduly, inadequately
不适当的	inappropriate, inadequate
不适时	untimely
不适时的	untimely
不适用	inapplicable
不适用的	inapplicable
不逊	irreverent
不逊的	irreverent
不透光	opacity
不透性	impermeable
不透明	opaque, opacity
不透明体	opacity
不透明物	opaque
不透明的	opaque
不透气	airtight, hermetic
不透气的	airtight, hermetic
不透水	waterproof, watertight
不透水的	waterproof, watertight
不透油	greaseproof
不透油的	greaseproof
不透的	impassable
不通	obstruction
不通的	impassable
不通风	airless
不通风的	airless
不道德	immoral, unethical
不道德的	immoral, unethical
不道德的行为	immorality
不道歉	unapologetic
不道歉地	unapologetically
不道歉的	unapologetic
不遵守纪律	undisciplined
不遵守纪律的	undisciplined
不配	unearned
不配合	uncooperative
不配合的	uncooperative
不配的	unearned
不重合	misalignment
不重要	unimportant, trivial
不重要的	unimportant, trivial
不重要的人	featherweight
不重视	indifference
不重读	unstressed
不重读的	unstressed
不铺张	unpretentious
不铺张的	unpretentious
不锈	stainless
不锈的	stainless
不锋利	obtuse
不锋利的	obtuse
不错	goodly
不错的	goodly
不镶衬的	unlined
不长果实	fruitless
不长果实的	fruitless
不问是非的	unquestioning
不间断	ongoing
不间断的	ongoing
不附资本增殖	ex
不随意的	involuntary, imperious
不雅观	clumsy, unsightly
不雅观的	clumsy, unsightly
不需要	needless, unwanted
不需要的	needless, unwanted
不露情感	emotionless
不露情感的	emotionless
不露真名	undisclosed
不露真名的	undisclosed
不顺从	insubordination, noncompliance
不顺从国教者	dissenter
不顺从的人	noncompliant
不顺利	unfavorable, unfavourable
不顺利的	unfavorable, unfavourable
不顺当	amiss
不须依赖	independent
不须依赖的	independent
不顾	regardless, neglect
不顾一切	desperate
不顾一切的	desperate
不顾别人	inconsiderate
不顾别人的	inconsiderate
不顾的	irrespective
不顾自己	selfless
不顾自己的	selfless
不饱和	unsaturated
不饱和的	unsaturated
不饱的	insatiable
不骚动	unruffled
不骚动的	unruffled
不高兴	grouchy, sulk
不高兴地	sullenly
不高兴的	grouchy, joyless
与	and
与世隔绝	insular
与世隔绝的	insular
与个人无关	impersonality
与事实有关的	factual
与人方便	accommodating
与人方便的	accommodating
与众不同	unusual
与众不同的	unusual
与会者	assembly
与婚姻有关	matrimonial
与婚姻有关的	matrimonial
与居住有关	residential
与居住有关的	residential
与性爱有关	bedroomed
与性爱有关的	bedroomed
与摔跤	wrestle
与水有关	hydraulic
与水有关的	hydraulic
与水面齐平	awash
与水面齐平的	awash
与生俱来	native, inherent
与生俱来的	native, inherent
与生命有关	vitally
与生命有关地	vitally
与目的有关	intentional
与目的有关的	intentional
与肺有关	pulmonary
与肺有关的	pulmonary
丑	frightful, grungy
丑事	scandal
丑恶	hideous, filthy
丑恶的	hideous, filthy
丑的	frightful, grungy
丑老太婆	hag
丑角	harlequin, harlequins
丑闻	scandal
丑陋	ugly
丑陋的	ugly
丑陋的人	ugly
专一	undivided
专一性	specificity
专一的	undivided
专业	professional, specialist
专业人才	professional
专业化	specialization, professionalization
专业化的	specialized
专业地	professionally
专业技巧	professionalism
专业的	professional, specialist
专业词典	glossary
专使	express
专刊	monograph
专利	patent
专利品	monopoly
专利权	patent
专利的	patent
专利者	monopolist
专制	absolute, tyranny
专制主义	absolutism
专制主义者	absolutist
专制君主	despot, tyrant
专制地	imperiously
专制政体	despotism
专制政体者	absolutist
专制政体论	absolutism
专制政治	despotism, autocracy
专制政治论	absolutism
专制的	absolute
专务	specialise
专化	specialise
专卖	monopolistic
专卖权	monopoly
专卖的	monopolistic
专卖者	monopolist
专员	attache
专家	expert, specialist
专家意见	expertise
专家的	specialist
专家讨论会	seminar
专心	concentration, concentrate
专心于	mind, attend
专心于家务	domesticity
专心地	intently
专心的	intent
专心致志	bone
专心阅读	pore
专攻	specialize, specialise
专断	arbitrariness
专有名词	term
专有权	propriety
专栏	column
专栏作家	columnist
专横	presumption, imperious
专横地	arbitrarily, masterfully
专横的	imperious, despotic
专款	allotted
专款的	allotted
专治	arbitrary
专治的	arbitrary
专注	dedicated
专注的	dedicated
专爱唱反调	cantankerous
专爱唱反调的	cantankerous
专用	dedication
专科	specialized
专科住院医师	registrar
专科的	specialized
专类辞典	thesaurus
专职	professed
专职的	professed
专营	monopolise, monopolize
专著	treatise, monograph
专车	special
专辑	special
专长	speciality, specialty
专门	special, express
专门化	specialization
专门医师	specialist
专门地	specially
专门小组成员	panelist
专门律师	barrister
专门性	technicality
专门技术	expertise
专门术语	jargon
专门的	special, express
专门的事项	technicality
专门知识	expertise
专门语	nomenclature
专题广告片	infomercial
专题报告会	symposium
专题研究组	workshop
专题讨论	forum
专题讨论会	seminar
专题讨论小组	panel
专题论文	monograph
世上	worldly
世上的	worldly
世人	world
世仇	vendetta
世代	generation
世代的	generational
世代相传	descend
世俗	secular, mundane
世俗的	secular, mundane
世外桃源	arcadia
世界	world
世界主义	cosmopolitan
世界主义的	cosmopolitan
世界主义者	cosmopolitan
世界主宰	juggernaut
世界性	cosmopolitan
世界性的	cosmopolitan
世界末日	domesday, doomsday
世系	ancestry, lineage
世纪	century
世袭	hereditary
世袭的	hereditary
世袭财产	patrimony
世间	worldly
世间万物	temporal
世间的	worldly
世面灵通的人	hipster
丘	cumulus, hillock
丘疹	pimple, zit
丘脑下部	hypothalamus
丘陵	hill
丘陵地	downland
丘鹬	woodcock
丙烯酸	acrylic
丙烯酸的	acrylic
丙烷	propane
丙种	gamma
业主	employer, owner
业余	amateurish, extracurricular
业余家	amateur
业余爱好者	amateur
业余的	amateurish, extracurricular
业务	business
业务上的	operational
业务通讯	newsletter
业外人	layman
业已决定	predetermined
业已决定的	predetermined
业经证实的	confirmed
丛	cluster, mat
丛林	jungle, brake
丛林狼	coyote
丛生	cluster
东	east
东倒西歪	groggily
东倒西歪地	groggily
东倒西歪地走	toddle
东北	northeast
东北方	northeastern
东北方的	northeastern
东北的	northeast
东南	southeast
东南地区	southeast
东南方	southeastern
东南方的	southeastern
东南的	southeast
东张西望	scrounge
东拉西扯	discursive
东拉西扯的	discursive
东拼西凑地编	quilt
东方	east, eastern
东方人	eastern
东方的	east, eastern
东方诸国	oriental, orient
东方诸国的	oriental
东正教徒	eastern
东歪西倒	groggy
东歪西倒的	groggy
东的	easterly
东芝	toshiba
东西	thing
丝	silk, thread
丝光斜纹棉布	chino
丝兰	yucca
丝兰属	yucca
丝带	lacy
丝带的	lacy
丝极	filament
丝棉	floss
丝毫	damn
丝毫不差	express
丝毫不差的	express
丝球	skein, rosette
丝的	silk
丝纱罗	tiffany
丝织	silk
丝织的	silk
丝绒	velour
丝膜	cortina
丢	throw
丢下	fling
丢失	lose, drop
丢弃	discard, trash
丢掉	disposal
丢脸	humiliation, discredit
丢脸的	shameful
两	twain
两个一组	twosome
两个以上	plural
两个以上的	plural
两个国家	binational
两个国家的	binational
两个民族	binational
两个民族的	binational
两个都不	neither
两人一组	twosome
两人玩的游戏	twosome
两代人之间	intergenerational
两代人之间的	intergenerational
两侧	bilaterally
两侧的	bilateral
两便士	tuppence
两便士银币	tuppence
两倍	double, twice
两倍地	twofold
两倍的	double
两党制	bipartisanship
两党连立	bipartisan
两党连立的	bipartisan
两分	dichotomy
两可的	equivocal
两可间的状态	borderland
两周一次	biweekly
两周一次的	biweekly
两年一次	biennial
两年一次的	biennial
两年一次的事	biennial
两年生	biennial
两年生植物	biennial
两年生的	biennial
两性	bisexual
两性之间	sexually
两性之间地	sexually
两性体	hermaphrodite
两性畸形	androgynous
两性畸形的	androgynous
两性的	bisexual
两星期	fortnight
两月一次	bimonthly
两月一次的	bimonthly
两极	polar
两极分化	polarize, polarise
两极化	polarisation
两极的	polar
两栖动物	amphibian
两栖的	amphibious
两栖类	amphibian
两栖类的	amphibian
两栖装甲车	alligator
两次	twice
两片的	bivalve
两瓣的	bivalve
两用沙发	davenport
两用长沙发	daybed
两眼并用	binocular
两眼并用的	binocular
两种人种	biracial
两种人种的	biracial
两端对齐	justify
两端对齐的	justified
两翼昆虫	fly
两者	both
两者择一	alternative
两者择一的	alternative
两者的	both
两者都	both
两者都不	neither
两腿叉开坐	straddle
两败俱伤	internecine
两败俱伤的	internecine
两足的	bipedal
两重	twofold
两重地	twofold
两重的	twofold, dualistic
严加盘问	grill
严厉	strict, crucial
严厉地	sharply
严厉对待	punish
严厉拒绝	rebuff
严厉的	strict, crucial
严厉的批评	flog
严厉的责难	excoriate
严厉责骂	lambast
严命	fiat
严守时间	punctuality
严守规定法则	methodism
严密	narrowly
严密地	narrowly
严密度	tightness
严寒	freezing, frigid
严寒的	freezing, frigid
严峻	forbidding, austere
严峻的	forbidding, austere
严惩	trounce, chastise
严格	severe, strictly
严格地	strictly
严格的	severe
严格管制	regiment
严格遵守的	observant
严正	rectitude
严禁	forbidden
严禁的	forbidden
严肃	serious, seriously
严肃地	seriously
严肃的	serious
严肃角色	heavy
严谨	precise
严谨的	precise
严责	berate, reprimand
严酷	rigorous, relentlessly
严酷的	rigorous
严酷的考验	ordeal, crucible
严酷的苦难	hellfire
严酷考验	ordeal
严重	badly, heavily
严重伤害	wrack
严重地	badly, heavily
严重性	seriousness
严重的	serious, dear
严重破坏	havoc
严阵以待	embattled
严阵以待的	embattled
丧亲	bereavement
丧偶	widowed
丧偶的	widowed
丧友	bereavement
丧失	bereft, deprivation
丧失了	forfeit
丧失了的	forfeit
丧失亲人	bereaved
丧失亲人的	bereaved
丧失体面	degrading
丧失体面的	degrading
丧失公权	infamy
丧失名誉	disrepute
丧失的	bereft
丧失能力	incapacitated
丧心病狂	lunatic
丧心病狂的	lunatic
丧气	despondent, dampen
丧气的	despondent
丧生	perish
丧胆	appalled
丧胆的	appalled
丧葬	mortuary
丧葬的	mortuary
丧钟声	knell
个人	each, individual
个人主义	individualism, individualistic
个人主义的	individualistic
个人主义者	individualist
个人保密权	privacy
个人化	personalized, personalised
个人化的	personalized, personalised
个人头脑中	intrapersonal
个人头脑中的	intrapersonal
个人性	intimately
个人性地	intimately
个人特征	individualism
个人的	individual, personal
个人简历	resume
个体	individual
个体化	individuation
个体生态学	ethology
个体经济	microeconomic
个别	individual
个别地	personally, respectively
个别指导	tutorial
个别指导的	tutorial
个别的	individual
个别项目	particular
个子矮	scrubby
个子矮的	scrubby
个性	character, personality
个性内向者	introvert
个性化	personalized, individuation
个性化的	personalized
个性发生	individuation
丫叉	crotch
中	medium, coup
中世纪	medieval
中世纪的	medieval
中产阶级	bourgeois, bourgeoisie
中产阶级分子	bourgeois
中产阶级化	gentrification
中产阶级的	bourgeois
中人	middleman
中介	agency
中伤	scandal, libel
中伤的	defamatory
中位数	median
中凸	convex
中凸的	convex
中午	noon, midday
中古	medieval
中古的	medieval
中后卫球员	linebacker
中和	counteract, neutralize
中和酸	antacid
中和酸的	antacid
中国官话	mandarin
中国物理学会	cps
中国的殷代	yin
中场	midfield
中场休息	halftime
中场的	midfield
中场队员	midfielder
中坚分子	elite
中央	centre, central
中央广场	nave
中央性	centrality
中央的	centre, central
中央部分	midsection
中央集权	centralized
中央集权主义	centralism
中央集权制	centralism
中央集权化	centralization
中央集权的	centralized
中子	neutron
中客车	minibus
中尉	lieutenant
中小学的校长	headteacher
中年	midlife
中庭	atrium, garth
中庸	middle
中庸地	moderately
中庸的	middle
中微子	neutrino
中心	centre, center
中心人物	kingpin
中心地带	heartland
中心点	centre, center
中心的	central
中心立轴	kingpin
中心线	centerline
中心装饰品	centerpiece, centrepiece
中性	neutral
中性的	neutral, indifferent
中性词	neuter
中提琴	viola
中断	break, fail
中断的	disrupt
中暑	sweltering
中暑的	sweltering
中期	midterm
中期的	midterm
中枢的	central
中止	pause, suspend
中殿	nave
中毒	toxic
中毒的	toxic
中流	midstream
中流砥柱	mainstay
中点	midpoint
中立	neutral, indifferent
中立化	neutralize
中立国	neutral
中立派议员	centrist
中立状态	neutralisation
中立的	neutral, indifferent
中立者	neutral
中等	average, secondary
中等的	average, secondary
中篇小说	novella
中级	secondary
中级的	secondary
中纬线	equator
中纬线的	equatorial
中线	median, midline
中继	relay
中继器	repeater
中耳	eardrum
中肯	relevance, pertinent
中肯切题	cogent
中肯切题的	cogent
中肯的	pertinent
中轴的	axial
中途	halfway, midway
中途休息	bait
中途停留	stopover
中途失败	abort
中途失败的	aborted
中途的	halfway, midway
中途退学	dropout
中邪魔	possessed
中邪魔的	possessed
中部	mid
中部地方	midland
中部的	mid
中锋	centre, center
中长裙	midi
中间	middle, medium
中间人	middleman
中间字母	medial
中间派议员	centrist
中间物	intermediate
中间状态	neutrality
中间的	medium, middle
中间程序	interlude
中间线	midline
中间缺失	deletion
中隔的	septal
中风	stroke
中风病人	apoplectic
中风的	apoplectic
中魔法	enchanted
中魔法的	enchanted
丰富	full
丰富地	abundantly, richly
丰富的	full
丰满	round
丰满的	round
丰盛	cornucopia, generously
丰盛地	generously
丰裕	wealthy
丰裕的	wealthy
丰足	flush
丰足的	flush
丰饶	fertility, plentiful
丰饶的	plentiful, fecund
串	bunch, cluster
串住	skewer
串同舞弊	collusion
串扰	crosstalk
串扰电流	crossfire
串报	crossfire
串珠	rosary
串珠形构造	rosary
串联	series
串联的	tandem
串肉棒	skewer
串行的	serial
串话	crosstalk
串起	string
串通	complicity, collude
串音	crosstalk
临床	clinical
临床医师	clinician
临床教学	clinic
临床的	clinical
临床科	clinic
临摹	facsimile
临摹者	imitator
临时	temporary, occasional
临时代理	locum
临时代用	makeshift
临时代用品	makeshift
临时代用的	makeshift
临时住宿	lodge
临时住房	bunkhouse
临时做	improvise
临时军营	hut
临时准备	improvised
临时准备的	improvised
临时凭单	scrip
临时地	casually, provisionally
临时工	temporary, casual
临时性	temporality
临时性诉讼	transitory
临时房屋	tabernacle
临时活动篱笆	hurdle
临时流动餐馆	canteen
临时演说台	soapbox
临时的	temporary, occasional
临时监护人	curator
临时解雇	layoff
临时记号	accidental
临时记录	blotter
临时雇员	temporary, temp
临死所卧之床	deathbed
临死的苦痛	throes
临界	crisis
临界的	critical
临睡前喝的酒	nightcap
临终	mortal
临终之时	deathbed
临终忏悔	shrift
临终的	mortal, dying
临街地	frontage
临证医师	clinician
临证的	clinical
临诊	clinically
丹宁酸	tannin
丹尼	denny
丹尼尔	daniel
丹尼斯	dennis, denis
丹顿	denton
为	for
为乐器调音	attune
为了	towards, toward
为人	conduct
为人堕胎者	abortionist
为什么	why
为何	whereby
为君	reign
为安装座位	pew
为小事挂虑	prissy
为小事挂虑的	prissy
为患	infested
为患的	infested
为换面	fox
为时甚久	longtime
为时甚久的	longtime
为某人之生父	beget
为王	reign
为琐事费时	niggle
为电影写剧本	scripted
为装上垫	upholster
为装上羽毛	flight
为钱而工作	mercenary
为钱而工作的	mercenary
为难	baffle, quandary
为首	head
为马钉蹄铁	shoe
主义	principle
主乐调	leitmotif
主人	master, host
主人公	protagonist
主人派头	masterful
主人派头的	masterful
主人的	master
主任参谋	exec
主体	corpus
主使	instigation
主修	major
主修课	major
主力舰	battleship
主办	auspices, sponsorship
主办人	entrepreneur
主动性	gumption
主动提供	unsolicited
主动提供的	unsolicited
主动权	initiative
主动脉	aorta, aortic
主动脉的	aortic
主动行动	initiative
主动表示	overture
主动语态	active
主唱	frontman
主妇	mistress, housewife
主宾	honoree
主导地位	predominance
主席	chairman, chair
主席团	presidium
主干网	backbone
主干网点	backbone
主张	argue, claim
主意	idea
主持	preside
主持人	impresario, emcee
主持仪式的人	celebrant
主持会议	moderate
主持会议的	presiding
主持宗教仪式	minister
主持牧师	dean
主持的	presiding
主教	bishop, pope
主教之职	episcopate
主教仪典	pontifical
主教全套服饰	pontifical
主教冠	mitre, miter
主教制度	episcopal, episcopalian
主教制度的	episcopal, episcopalian
主教区	episcopate
主教教区	diocese
主教派会员	episcopalian
主教派的人	episcopalian
主教的	episcopal, pontifical
主教的职位	see
主教的辖区	bishopric
主教管区	diocesan
主教管区的	diocesan
主旋律	tune
主旋律的	thematic
主日学校校长	superintendent
主旨	substance, motif
主机	host, mainframe
主权	sovereignty, lordship
主权国家	sovereignty
主板	motherboard
主桅支索	mainstay
主梁	girder
主正面	frontispiece
主治医师	physician
主流	mainstream
主笔	editor, editorial
主笔的	editorial
主管	director, officer
主管人	superintendent, curator
主管的	directorial, managing
主线	mainline
主群组	main
主考者	examiner
主菜	entree
主菜盘	platter
主要	great, high
主要产物	staple
主要冲力	brunt
主要地	mainly, primarily
主要女歌手	diva
主要成分	basis
主要敌人	archenemy
主要来源	granary
主要物产商	stapler
主要的	great, high
主要的一面	obverse
主要竞争对手	archrival
主要要素	staple
主要部分	main
主观	subjective
主观地	subjectively
主观性	subjectivity
主观的	subjective
主角	protagonist
主计	comptroller
主调音	keynote
主调音或基音	tonic
主题	subject, theme
主题上	thematically
主题方面	thematically
主题的	thematic
丽塔	rita
丽莎	lisa
丽莱	lilly
丽贝卡	rebecca
丽鱼科鱼	cichlid
举	heave
举例说明	illustrate, instance
举债经营	leveraged
举出	adduce, enumerate
举办聚会	party
举动	conduct
举向	presented
举哀	mourning
举国一致	nationally
举国一致地	nationally
举手过肩	overhand
举枪瞄准	presented
举止	behavior, behaviour
举止优雅的人	smoothie, smoothy
举止端正	behave
举止粗鄙	indecently
举止高傲	perk
举行	celebrate
举行帕瓦仪式	powwow
举行步态竞赛	cakewalk
举行示威游行	demonstrated
举证	quote
举起	raise, lift
举起抛出	heaving
举起的人	lifter
举起试重量	heft
久坐	sedentary
久坐的	sedentary
久经世故	sophisticated
久经世故的	sophisticated
久经世故的人	sophisticate
久远	far
久远的	far
义务	obligation
义务的	compulsory, obligatory
义勇军	militia
义卖	expo
义卖市场	bazaar, exposition
义愤	indignation
义愤填膺	outraged
义愤填膺的	outraged
之字形	zigzag
之字形地	zigzag
之字形的	zigzag
乌云密布	cloud
乌克兰	ukraine, ukrainian
乌克兰人	ukrainian
乌克兰人的	ukrainian
乌克兰的	ukrainian
乌力马	ulama
乌合之众	rabble, rout
乌头叶菜豆	moth
乌尔夫	wolfe
乌托邦思想	utopianism
乌拉坦	urethane
乌木	ebony
乌木制	ebony
乌木制的	ebony
乌特勒支	utrecht
乌贼	sepia
乌贼墨色	sepia
乌贼墨色的	sepia
乌贼墨颜料	sepia
乌饭树	blueberry
乌鸦	crow
乌黑	raven, sooty
乌黑发亮	jetty
乌黑发亮的	jetty
乌黑的	raven, sooty
乏味	routinely, bland
乏味之人	grub
乏味的	bland, insipid
乏味的东西	grunge
乐事	joy
乐于	delight
乐于助人	outgoing
乐于助人的	outgoing
乐于接受	welcoming
乐于施惠	obliging
乐于施惠的	obliging
乐善好施	philanthropic
乐善好施的	philanthropic
乐善好施的人	philanthropist
乐器法	instrumentation
乐器演奏家	instrumentalist
乐园	paradise
乐天	optimistic, optimism
乐天地	optimistically
乐天的	optimistic
乐师	musician
乐意	willing, willingness
乐意地	readily
乐意的	willing
乐旨	leitmotif
乐曲	music
乐池	bandstand
乐爵士	rogers
乐章结尾部	coda
乐观	optimistic, sunny
乐观主义	optimism, optimistic
乐观主义的	optimistic
乐观主义者	optimist
乐观地	optimistically
乐观的	optimistic, sunny
乐观者	optimist
乐趣	fun
乐队	band
乐队彩车	bandwagon
乐队演奏处	orchestra
乐高积木	lego
乔	joe
乔伊斯	joyce
乔克	jock
乔叟	chaucer
乔安妮	joanne
乔安娜	joanna
乔恩	jon
乔治	george
乔纳森	jonathan
乔茜	josie
乖僻	perversity, jaundice
乖僻的	kooky
乖巧的人	playboy
乖常	perversion
乖张	perverse
乖张的	perverse
乖戾	preposterous
乖戾的	preposterous
乖诞	screwy
乖诞的	screwy
乘	multiply
乘出租车	taxi
乘出租马车	cab
乘吉普车	jeep
乘地铁	subway
乘坐	ride
乘客	passenger
乘客数	ridership
乘幂	power
乘快艇	gig
乘数	multiplier
乘汽车	motoring
乘法	multiplication
乘法器	multiplier
乘法运算	multiplication
乘游艇	yacht
乘游艇航行	yachting
乘独木舟	canoe
乘用马	hackney
乘电车	trolley, tram
乘直升机	helicopter
乘积	product
乘筏	raft
乘船	board, boat
乘车	ride
乘雪撬	sleigh
乘马	mount
乘驿车旅行	stage
乘骑用马	mount
乙基	ethyl
乙烯	ethylene
乙烯基	vinyl
乙种	beta
乙酰	acetaminophen, acet
乙酰水杨酸	aspirin
乙酰胆碱	acetylcholine
乙酸	acetic
乙酸的	acetic
乙醇	alcohol, ethanol
九头蛇	hydra
九扦枝大烛台	menorah
九月	sept
九点活字	bourgeois
乞丐	beggar
乞求	beg, solicit
乞讨	beg
也	also, too
也不	nor
也没有	nor
也许	perhaps, might
习以为常	habitually
习性	habit
习惯	use
习惯上	traditionally
习惯了	accustomed
习惯了的	accustomed
习惯于都市	urban
习惯于都市的	urban
习惯化	habituation
习惯性	chronic
习惯性地	chronically
习惯性的	chronic
习惯的	used, conventional
习生地	habitat
习语	idiom
乡	township
乡下	country
乡下人	peasant, rustic
乡下佬	jake
乡下地方	countryside
乡下姑娘	wench
乡下居民	countryside
乡下的	country
乡下老头	gaffer
乡下风味	bucolic
乡下风味的	bucolic
乡土主义	nativism
乡土主义者	nativist
乡土音重	doric
乡土音重的	doric
乡巴佬	rustic, hillbilly
乡巴佬似	corny
乡巴佬似的	corny
乡愁	nostalgia, nostalgic
乡愁的	nostalgic
乡愚	yahoo
乡村	country, village
乡村的	village
乡村青年	swain
乡村风味	rural
乡村风味的	rural
乡绅	squire
乡长	bailiff
书	book
书信	missive, epistolary
书信体	epistolary
书信体的	epistolary
书信的	epistolary
书写	write
书写器	write
书包	satchel
书呆子	smug, bookworm
书呆子的	bookish
书商	bookseller
书型模法	booking
书店	bookstore, bookshop
书挡	bookend
书本上	booky
书本上的	booky
书架	bookshelf, bookcase
书柜	bookcase
书桌	desk
书法	calligraphy, penmanship
书法的	calligraphic
书目	bibliography, bibliographic
书目有关	bibliographic, bibliographical
书目有关的	bibliographic, bibliographical
书目的	bibliographic, bibliographical
书签	bookmark, marker
书籍	book
书记	secretary
书记处	secretariat
书记的	secretarial
书评作者	reviewer
书面	written
书面的	written
书面证明的	certified
书面陈述	affidavit
买	buy
买下	buyout
买不起	unaffordable
买不起的	unaffordable
买东西	shopping
买主	buyer
买卖	marketing, handle
买卖协定	bargain
买卖者	trafficker
买卖赃物	fencing
买卖赃物的人	fence
买回	redeem, repurchase
买回者	redeemer
买得的东西	buy
买得起	afford
买手	buyer
买方	purchaser, buyer
买气	buying
买空卖空	speculation
买空者	bull
买进	buying
乱	disorderly
乱七八糟	jumbled
乱七八糟的	jumbled
乱丝	floss
乱丢	litter
乱丢垃圾	litter
乱伦	incest, incestuous
乱伦的	incestuous
乱作一团	tangle
乱写	scrawl, scribble
乱冲	ramp, rampage
乱劈	haggle
乱发	tousle
乱取向	disorientation
乱堆	huddle, lumber
乱射	potshot
乱弹	thrum
乱投	shy
乱挤活动	hustle
乱推乱挤的人	hustler
乱掷	shy
乱摸	fumble
乱涂	blot
乱画	daub
乱的	disorderly
乱砍	slash, mangle
乱砍乱杀	amok
乱砍者	slasher
乱窜	wallop
乱糟糟地堆满	cluttered
乱糟糟的一堆	morass
乱花钱	expensively
乱花钱地	expensively
乱跳	frisky, frisk
乱跳的	frisky
乱转	mill
乱闹	rampage
乳	lactic
乳儿	sucker
乳制品商店	creamery
乳剂	creme, emulsion
乳化作用	emulsion
乳品厂	creamery
乳品店	dairy
乳头	nipple
乳头状	mastoid
乳头状物	pap
乳头状的	mastoid
乳房	breast
乳房切除术	mastectomy
乳房的	mammary
乳汁	galactic, lactic
乳汁的	galactic, lactic
乳油	cream
乳油制造厂	creamery
乳浆剂	magma
乳液	latex
乳液的	galactic
乳清	serum, whey
乳牙	pincers
乳牛场	dairy
乳状	milky
乳状液	emulsion
乳状物	milk
乳状的	milky
乳白色	ivory, milky
乳白色的	milky, ivory
乳的	lactic
乳皮	cream
乳突	mastoid
乳糖	lactose
乳脂状	creamy
乳脂状的	creamy
乳脂糖	toffee
乳膏	cream
乳蛋糕	custard
乳蛋饼	quiche
乳酪	cream, cheese
乳酸盐	lactate
乳香	thus
乳香脂	mastic
乳齿象	mastodon
了不起	splendid, smash
了不起的	splendid, smash
了不起的人	somebody
了望	oversee
了望台	observatory, lookout
了望塔	watchtower
了解	know
了解的	intelligent
予以	inflict
予以强制执行	enforce
争	vie
争先的	contending
争取	contest
争吵	fight, row
争吵者	brawler
争夺	snap, scramble
争执	conflict
争执的	contentious
争斗	combat
争斗者	combatant
争用	contention
争胜	vie
争论	argument, argue
争论的	controversial
争论者	contender, wrangler
争辩	contest, contention
争辩的	polemic
争辩者	contestant
事与愿违	untoward
事与愿违的	untoward
事业	career, project
事业心	enterprise
事件	matter, event
事件的开端	overture
事先准备	precondition
事先处理	precondition
事先录音	prerecorded
事先查看	preview
事先的筹划	forethought
事先的考虑	forethought
事先调整	preset
事务	affair
事务上	clerical
事务上的	clerical
事务处理	transaction
事务处理的	transactional
事务性	transactional
事务性的	transactional
事变	incident
事后的想法	afterthought
事后聪明	hindsight
事实	fact
事实上	actually
事实上的	practical
事实的	factual
事实陈述	allegation
事情	business
事情的进程	event
事故	accident, slip
事物	thing
事项	proceedings
二	dyad, twain
二义性	ambiguity
二乙酰吗啡	heroin, heroine
二价元集	dyad
二位字节	doublet
二元	binary, dualistic
二元一位	dyad
二元变量	bivariate
二元性	duality
二元文化	bicultural
二元文化的	bicultural
二元的	binary, dualistic
二元论	dualism
二元论的	dualistic
二分	dichotomous, dichotomy
二分法	dichotomy
二分的	dichotomous
二十个	score
二十而立	twentysomething
二叉	dichotomy
二叉的	dichotomous
二头的	biceps
二头肌	biceps
二头肌训练机	bicep
二年级	sophomore
二年级学生	sophomore
二年级学生的	sophomore
二年级生	sophomore
二年级的	sophomore
二态的	binary
二手	used
二手的	used
二极管	diode
二次	quadratic
二次方程式	quadratic
二次的	quadratic
二歧	dichotomy
二歧的	dichotomous
二氧化物	dioxide
二氧化硅	silica
二氧芑	dioxin
二氯乙胂	dick
二流	minor
二流子	loafer
二流的	minor
二百年	bicentennial
二等分	halve
二等品	seconds
二级天使	cherub
二级市场	aftermarket
二维	planar
二维的	planar
二象性	duality
二轮战车	chariot
二轮运货马车	cart
二进位	binary
二进位的	binary
二进制	bin
二进制位组	burst
二进制的	binary, dyadic
二醋吗啡	heroin, heroine
二重	duplicate
二重唱	duo
二重奏	duet
二重接缝	felling
二重的	duplicate
于是	accordingly
于此时	meanwhile
亏本	sacrificial
亏本出售	distress, slaughter
亏本出售的	distress
亏本的	sacrificial
亏欠	owe
亏欠的	owing
亏空公款者	defaulter
亏缺	wane
亏舱运费	shortfall
云	cloud
云杉	spruce
云母	mica
云的	cloudy
云雀	lark
互为补充	complementarity
互助	friendly
互助会	fraternity
互助的	friendly
互惠	reciprocal
互惠主义	reciprocity
互惠性	reciprocity
互惠的	reciprocal
互换	reciprocate, interchange
互换位置	transpose
互撞	knock, collide
互操作性	interoperability
互文性	intertextuality
互文的	intertextual
互殴	melee, fistfight
互济会	freemason
互济会会员	freemason
互用性	interoperability
互相	mutually
互相作用	interplay
互相依存	codependency
互相依赖	interdependence
互相协调	integrated
互相协调的	integrated
互相地	mutually
互相影响	interact
互相拥抱	embrace
互相残杀	internecine
互相残杀的	internecine
互相殴打	scrap
互相编织	interwoven
互相耦合	coherent
互相耦合的	coherent
互相联系	interconnected
互相连接	interconnected
互相连络	interconnection
互联性	interconnectedness
互补性	complementarity
互连	interconnection
互锁	interlock
五	cinque
五个一组	quint
五位字节	quintet
五倍	fivefold
五倍地	fivefold
五倍子	gall
五倍的	fivefold
五分之一	fifths
五分镍币	nickel
五度音程	quint
五彩纸屑	confetti
五彩缤纷	rainbow
五彩缤纷的	rainbow
五斗橱	commode
五月	may
五朔节花柱	maypole
五点	cinque
五胞胎之一	quint
五行打油诗	limerick
五角平台	pentagon
五角形	pentagon
五边形	pentagon
五部合奏	quintet
五部合奏曲	quintet
五重	fivefold
五重唱	quintet
五重地	fivefold
五重的	fivefold
五金商	ironmonger
五金器具	hardware
五镑	fiver
五香	spiced
五香烟熏牛肉	pastrami
五香的	spiced
井	well
井喷	blowout
井架	headgear
亚伦	aaron
亚伯	abel, abe
亚伯丁	aberdeen
亚伯拉罕	abraham
亚伯达	alberta
亚历克	alec
亚历克西斯	alexis
亚历山大	alexander
亚历山大大帝	alexandria
亚历山大市	alexandria
亚历山大港	alexandria
亚历山德拉	alexandra
亚原子的	subatomic
亚基	subunit
亚文化群	subculture
亚洲	oriental
亚洲人	oriental, asiatic
亚洲的	oriental
亚热带	subtropical
亚热带的	subtropical
亚特兰大	atlanta
亚瑟	arthur
亚瑟王	arthur
亚硝的	nitrous
亚硝酸盐	nitrite
亚硫	sulphurous
亚硫的	sulphurous, sulfurous
亚磷	phosphorous
亚磷的	phosphorous
亚种	subspecies
亚纲	subclass
亚耳河	aire
亚铁	ferrous
亚铁的	ferrous
亚门	subdivision
亚马孙古陆	amazonia
亚马孙河	amazon
亚马孙流域	amazonia
亚麻	linen, flax
亚麻仁	flaxseed
亚麻制品	linen
亚麻子	flaxseed
亚麻布	linen
亚麻布制	linen
亚麻布制的	linen
亚麻油毡	linoleum
亚麻的	linen
亚麻籽	linseed
亚麻线	linen
亚麻织品	flax
亚麻色	blonde
亚麻色的	blonde
些微	small
些微地	small
亡命国外者	expat
亡命徒	bravo
亡命者	fugitive
亡灵	undead
亢奋	hyper
亢奋的	hyper
交互	interactive, alternation
交互作用	interaction, interact
交互的	seesaw, alternating
交付	tradition, delivery
交保	deliverance
交出	surrender
交割日	payday
交叉	across
交叉合拢	folded
交叉地	crosswise
交叉拱	groin
交叉火力	crossfire
交叉点	junction, crossing
交叉甬道	transept
交叉的	cross
交叉路	crossroad
交叉路口	crossroads
交友	pal
交合	copulation
交响乐	symphony
交响乐团	philharmonic
交响乐团的	philharmonic
交响乐的	symphonic
交响性	symphonic
交响性的	symphonic
交响曲	symphony
交媾	copulate
交尾	tread, rut
交往	company, sort
交感	interaction, sympathy
交感的	consensual
交感眼	sympathizer
交感神经	sympathetic
交战	engage, warfare
交战一方	belligerent
交战国	belligerent
交战国的	belligerent
交战的	belligerent, warring
交战集团	belligerent
交托	entrust
交押	commitment
交换	exchange
交换台	switchboard
交换器	exchanger
交换子	recon
交换局	exchange
交换机	exchange
交换程序	exchanger
交易	market, deal
交易人	dealmaker
交易员	dealer
交易型	transactional
交易型的	transactional
交易备忘录	memorandum
交易清淡的	listless
交易者	player
交替	alternate, alternately
交替前进	leapfrog
交替发生	interchange
交替地	alternately
交替工作	alternation
交替的	alternate
交替程序	alp
交流	communication
交流发电机	alternator
交流声	humming
交涉	negotiation, negotiate
交涉者	negotiator
交混回响	reverberation
交火	shootout, firefight
交界	march, confine
交界的	adjacent
交直流两用	cordless
交直流两用的	cordless
交纳	render
交织	interweave, twine
交织文字	monogram
交织的	interlaced
交织着	shot
交织着的	shot
交给	hand
交给下属	devolved
交谈	talk
交谈者	conversationalist
交货	ex
交货额	delivery
交越	crossover
交运	deliver
交通	traffic, communication
交通信号灯	stoplight
交通堵塞	tailback
交通工具	vehicle
交通车辆	transportation
交配	copulation, copulate
交错	intersect, stagger
交错的	interlaced
交错配列	chiasmus
交际	contact
交际手段	diplomacy
交际的	communicative
交集	intersection
亦可收效	ciprofloxacin
产	lay
产业	industrial, domain
产业化	industrialization
产业的	industrial
产乳	milk
产于海洋	oceanic
产于海洋的	oceanic
产仔	litter, kitten
产低温的	cryogenic
产出性的	productive
产前的	prenatal
产卵	spawn
产卵鸡	layer
产后	postpartum, postnatal
产后的	postpartum, postnatal
产品	product
产地	habitat, metropolis
产坚果	nutty
产坚果的	nutty
产妇	maternity
产妇的	maternity
产期的	perinatal
产权	equity
产物	child
产物母体	precursor
产珍珠	pearly
产珍珠的	pearly
产生	mother, bring
产生作用	militate
产生动力	powered
产生动力的	powered
产生反作用	rebounding
产生变异	mutate
产生器	generator
产生地	factory
产生幻想	fantasize
产生幻觉	illusory
产生幻觉的	illusory
产生性的	productive
产生恶感	nauseate
产生断层	fault
产生泡沫	scum
产生的	creative
产生真空	vacuum
产生真空的	vacuum
产生结果	payoff
产生结果的	payoff
产生金属	metallic
产生金属的	metallic
产生麝香	musky
产生麝香的	musky
产科	obstetric
产科医师	obstetrician
产科学	obstetrics, midwifery
产科学的	obstetric
产科的	obstetric
产羊羔	lamb
产羔	lambing
产量	output, crop
产量多	fruitful
产量多的	fruitful
产额	turnout
产香脂的树	balsam
亨	henry
亨利	henry
亨廷顿	huntington
亨德森	henderson
亨氏食品公司	heinz
亨里	henley
享乐	feast, enjoyment
享乐主义	hedonism
享乐者	profligate
享受	enjoy
享有	enjoy, tenure
享有声望	prestigious
享有声望的	prestigious
享有所有权	titular
享有所有权的	titular
享有日光	daylight
享用	regale, repast
亭	booth, kiosk
亭子	pavilion, summerhouse
亮光笔	highlighter
亮度	intensity, brightness
亮煤	brights
亮的	brilliant
亲信	henchman
亲兄弟似	brotherly
亲兄弟似的	brotherly
亲切	kind
亲切地	warmly, intimately
亲切的	kind
亲合力	affinity
亲合势	affinity
亲合能	affinity
亲和的	amiable
亲和转移	transgression
亲善关系	amity
亲密	close, familiar
亲密交谈	commune
亲密伙伴	crony
亲密地	intimately, familiarly
亲密的	close, familiar
亲属	folk
亲属关系	kinship
亲属的	relational
亲戚	relative, kin
亲戚关系	kindred
亲族	sib, cognate
亲昵行为	intimacy
亲权	paternity
亲爱	dear, darling
亲爱的	dear, darling
亲爱的人	dear
亲王	prince
亲社会	prosocial
亲社会的	prosocial
亲笔	autograph
亲笔写	autograph
亲笔签名	autograph
亲笔签名于	autograph
亲自	personally, bodily
亲自地	personally
亲近	close, near
亲近的	close
亲近的行为	intimacy
亵渎	violate
亵渎圣物	sacrilege
亵渎的	profane, sulphurous
亵渎神圣	desecration
亵渎神明	blasphemy, blasphemous
亵渎神明的	blasphemous
亵渎语言	profanity
亵秽	blasphemy
人	people, man
人一	congregation
人与人之间	interpersonal
人与人之间的	interpersonal
人为	artificially
人为地	artificially
人为干扰	jamming
人为干扰台	jammer
人为现象	artifact, artefact
人事	personnel
人事不省	stupor, unconsciousness
人事不省的	unconscious
人事科	personnel
人事部门	personnel
人人	everyone, everybody
人们	folk
人体模型	mannequin
人像	portrait
人像摄影师	portraitist
人力	manpower
人力车	rickshaw
人参	ginseng
人口	population
人口下降	depopulation
人口城市集中	urbanization
人口多	populous
人口多的	populous
人口学	demography
人口学的	demographic
人口密集地带	corridor
人口数	population
人口稠密	populous
人口稠密的	populous
人口统计	demographic
人口统计地	demographically
人口统计学	demography
人口统计学家	demographer
人口统计的	demographic
人口统计资料	demographics
人口过剩	overpopulation
人名	lense, bely
人员	personnel
人员不足	understaffed
人员不足的	understaffed
人员指挥	staffing
人员配备	manning
人头税	capitation
人孔	manhole
人字形	chevron, pitched
人字形的	pitched
人字板	gable
人字板制作	gabled
人字板制作的	gabled
人字缝尖	lambda
人字起重机	derrick
人工	artificially
人工产物	artifact, artefact
人工制品	artifact, artefact
人工制造	artificiality
人工呼吸装置	respirator
人工地	artificially
人工推动	manhandle
人工的	artificial, manual
人工转移	force
人工造雪	snowmaking
人工降雨装置	rainer
人工雨工作者	rainmaker
人形的怪物	frankenstein
人性	human, humanity
人性的	human
人手不足	underhanded, understaffed
人手不足的	underhanded, understaffed
人文主义	humanism
人文主义的	humanistic
人文学科	humanities
人文学者	humanist
人文科学	art
人本主义	humanistic, humanism
人本主义的	humanistic
人机对话的	interactive
人格	personality
人格化	personification
人格解体	depersonalization
人格高尚	respectable
人格高尚的	respectable
人民	people
人民委员	commissar
人物	character
人物之塑造	characterization
人生	life
人生观	philosophy
人的	personal
人的皮肤	buff
人种	race, ethnic
人种上	ethnically, racially
人种学	ethnology, ethnography
人种学者	ethnographer
人种志	ethnographic
人种志学者	ethnographer
人种志的	ethnographic
人种混合	interracial
人种混合的	interracial
人种的	ethnic, racial
人种论	ethnography
人种间	interracial
人种间的	interracial
人科的动物	hominid
人称	person
人类	man
人类发生的	anthropogenic
人类学	anthropology, anthropological
人类学上	anthropological
人类学上的	anthropological
人类学家	anthropologist
人类学的	anthropological
人类工程学	ergonomics
人类的	human
人类起源的	anthropogenic
人群	herd, throng
人行	pedestrian
人行桥	footbridge
人行的	pedestrian
人行道	pavement, sidewalk
人质	hostage
人身	person
人造	artificial, synthetic
人造丝	rayon
人造偏振片	polaroid
人造卫星	satellite
人造奶油	margarine
人造朱砂	cinnabar
人造的	artificial, synthetic
人造纤维	rayon
人造阴茎	dildo
人造黄油	margarine
人道	humane
人道主义	humanitarian, humanistic
人道主义的	humanitarian, humanistic
人道主义者	humanitarian, humanist
人道地	humanely
人道的	humane
人际	interpersonal
人际的	interpersonal
人面兽心的人	yahoo
人面狮身像	sphinx
亿万富翁	billionaire
什一税	tithe
什么	what
什么也没有	nothing
什么时侯	when
什么时候	when
什么的	what
什叶	shia
什叶派	shia
什叶派教徒	shiite
仁厚	clemency
仁慈	kind
仁慈地	mercifully, graciously
仁慈的	kind
仅仅	but, only
仅仅的	mere
仅凭印象	impressionistic
仅凭印象的	impressionistic
仅有	only
仅有的	only
仆人	service
仆人的	service
仆役	manservant, footman
仇外的	xenophobic
仇恨	hate, hatred
仇敌	enemy, foe
今后	henceforth, forwards
今夜	tonight
今天	today
今晚	tonight
介	carapace
介入	intervention
介意	mind, care
介绍	introduce, present
介绍信	testimonial
介绍的	introductory
介词	preposition
介质	mediator
介质装卸程序	magazine
仍然	yet
仍能工作	endure
从	from
从下面支承	underpin
从不	never
从业者	practitioner
从东	easterly
从东的	easterly
从中取髓	pith
从中调停	intercede
从事	engage, undertake
从事于	in
从事写作的	literary
从事分离的人	separator
从事分类的人	sorter
从事劫掠	pirate
从事安装的人	setter
从事改革运动	crusade
从事文学的	literary
从事景观美化	landscape
从事破坏活动	sabotage
从事贩卖	vend
从事颠覆	subversive
从事颠覆的	subversive
从人的角度	humanly
从今以后	henceforward
从何处	whence
从军	soldier
从军者	campaigner
从前	other, former
从前的	other, former
从动装置	slave
从包裹中取出	unpack
从南面	southerly
从反面	con
从后面而来	tail
从后面而来的	tail
从哪个	whence
从嘴淌下	drool
从地质上来说	geologically
从外面	externally
从头到尾	over
从头至尾	through
从头至尾的	overall
从容	deliberate, leisurely
从容不迫	unhurriedly, unhurried
从容不迫地	unhurriedly
从容不迫的	unhurried
从容地	leisurely
从容漫步	amble
从容的	deliberate, leisurely
从属	under
从属于	pertain
从属关系	affiliation
从属性	subservience
从属物	dependency
从属的	under
从属部	dependency
从心理学角度	psychologically
从感官认识到	phenomenally
从文化角度	culturally
从未用过	unused
从未用过的	unused
从机密表删除	declassify
从来没有	never
从此	hence
从水果中去籽	pip
从洞中赶出	unearth
从者	follower
从而	sequentially
从脑中扫除掉	unlearn
从良的妓女	magdalene
从设备	slave
从语法上分析	parse
从豆荚中剥出	pod
从那时以后	thereafter
从那时起	thence
从那里	therefrom
从那里起	thence
从醉里醒来	sober
仓促	hurriedly, brash
仓促地	hurriedly
仓促的	brash
仓库	store, magazine
仓库货栈	storeroom
仓猝而用力	headlong
仓猝而用力的	headlong
仓鼠	hamster
仔细	narrow, finely
仔细地	finely, narrowly
仔细搜查	rummage
仔细检查	scrutiny, scrutinize
仔细的	narrow
仔细研究	con
仔细翻寻	rummage
仔细翻找	rummage
仔细考虑	deliberate
他	he
他亲自	himself
他人	other
他们	they, them
他们的	their
他们自己	themselves
他的	his
他自己	himself
他莫昔芬	tamoxifen
付出代价	pay
付出款项	payout
付得过多	overpay
付报酬	compensate
付款	pay, payment
付款人	payer
付款的	paying
付清	pay
付清的	paid
付给	solve, render
付薪水的支票	paycheck
付讫的	settled
付费给	fee
付还	repayment, reimburse
仙人掌	cactus
仙人掌属	cactus
仙人球膏	peyote
仙境	wonderland, faerie
仙女	fairy
仙女的	fairy
仙子	faerie
代与代之间	generational
代与代之间的	generational
代为求情	intercede
代人受过者	scapegoat
代价	cost, price
代价券	scrip
代偿	commute, compensation
代偿的	compensatory
代号	symbol
代基里鸡尾酒	daiquiri
代奶油	margarine
代客买卖	job
代币	token
代数	algebraic
代数学	algebra
代数学的	algebraic
代数的	algebraic
代替	replace
代替物	substitution
代替者	replacement
代班人	swingman
代理	representative, substitute
代理主教	vicar
代理人	attorney, deputy
代理人的任命	deputation
代理佣金	override
代理商	agent
代理商的	factorial
代理商行	correspondent
代理地	vicariously
代理店	factory
代理开业人员	locum
代理机构	agency
代理权	authority
代理牧师	vicar
代理的	representative, acting
代理程序	agent
代理银行	correspondent
代理销售商	reseller
代用	substitute, vicarious
代用件	clone
代用品	substitute, surrogate
代用的	vicarious
代码	code
代码的	coed
代糖	sweetener
代表	representative, delegate
代表名额不足	underrepresentation
代表团	mission, delegation
代表大会的	congressional
代表性	typically
代表性地	typically
代表权	proxy
代表的	representational
代表的地位	delegation
代言人	spokesperson, mouthpiece
代言者	spokesman
代诉人	proctor
代词	pronoun
代语失当	metonymy
代谢	metabolism
代谢物	metabolite
代谢的	metabolic
代销佣金	override
令	ream
令人不安	disturbing
令人不安地	disturbingly
令人不安的	disturbing
令人不快	offensive
令人不快地	uncomfortably
令人不快的	offensive
令人不愉快	unpleasantly
令人不愉快地	unpleasantly
令人为难	embarrassing
令人为难的	embarrassing
令人伤悲的人	heartbreaker
令人作呕	nauseous
令人作呕的	nauseous
令人信服	convincingly, persuasively
令人信服地	persuasively
令人入神	fascinate
令人兴奋	exciting
令人兴奋的	exciting
令人动情	heartbreaking
令人动情的	heartbreaking
令人厌恶	disgusting, disgust
令人厌恶的	disgusting
令人厌恶的人	anathema, crud
令人厌憎	beastly
令人厌憎的	beastly
令人厌烦	humdrum, irksome
令人厌烦的	humdrum, irksome
令人发抖	thrilling
令人发抖的	thrilling
令人发指	heinous
令人发指的	heinous
令人发狂	maddeningly, maddening
令人发狂地	maddeningly
令人发狂的	maddening
令人吃惊	startling
令人吃惊的	startling
令人同情	touching, pitiful
令人同情的	touching, pitiful
令人喜欢	exhilarating
令人喜欢的	exhilarating
令人喜爱	pleasing
令人喜爱的	pleasing
令人困惑	bewildering, perplexing
令人困惑的	bewildering, perplexing
令人垂涎	coveted
令人垂涎的	coveted
令人大怒	infuriating
令人大怒的	infuriating
令人失望	disappointingly
令人失望地	disappointingly
令人头痛之事	headache
令人头痛的事	bugaboo
令人寒心	chillingly
令人寒心地	chillingly
令人忧愁	depressingly
令人忧愁地	depressingly
令人忧郁	dismal
令人忧郁的	dismal
令人快乐	delectable
令人快乐的	delectable
令人快意	grateful
令人快意的	grateful
令人怀疑	suspect
令人怀疑的	suspect
令人怜悯	pitifully, pitiable
令人怜悯地	pitifully
令人怜悯的	pitiable
令人恐惧	terrible, frightening
令人恐惧地	frighteningly
令人恐惧的	terrible, frightening
令人悲伤	heartbreaking
令人悲伤的	heartbreaking
令人惊叹的事	screamer
令人惊奇	wonderful
令人惊奇地	astoundingly
令人惊奇的	wonderful
令人惊异	amazing, marvelous
令人惊异的	amazing, marvelous
令人惊讶	surprising, astonishing
令人惊讶地	amazingly, astonishingly
令人惊讶的	surprising, astonishing
令人惊骇	astounding, dreadfully
令人惊骇地	dreadfully
令人惊骇的	astounding
令人惋惜	mournful
令人惋惜的	mournful
令人想望	desirable
令人想望的	desirable
令人愉快	enjoyable, agreeable
令人愉快地	agreeably
令人愉快的	enjoyable, agreeable
令人感动	moving, melting
令人感动的	moving, melting
令人愤慨的人	shocker
令人憎厌	ungodly
令人憎厌地	ungodly
令人憎恨	abhorrent
令人憎恨的	abhorrent
令人憎恶	loathsome, abominable
令人憎恶的	loathsome, abominable
令人扫兴的人	damper
令人振奋	uplifting, electrifying
令人振奋的	uplifting, electrifying
令人敬畏	august
令人敬畏的	august
令人昏乱	dizzying
令人昏乱的	dizzying
令人极痛苦	cruel
令人极痛苦的	cruel
令人欣慰	comfortingly
令人欣慰地	comfortingly
令人气恼	grating
令人气恼的	grating
令人气馁	discouraging
令人气馁的	discouraging
令人沮丧	frustrating, hideous
令人沮丧的	frustrating, hideous
令人沮丧的人	downer
令人泄气	frustratingly
令人泄气地	frustratingly
令人满意	satisfy, satisfactorily
令人满意地	satisfactorily
令人满意的	satisfactory
令人满足	gratifying
令人满足的	gratifying
令人满足的事	gratification
令人激动	breathtakingly
令人激动地	breathtakingly
令人烦恼	painful, worrisome
令人烦恼的	painful, worrisome
令人焦虑的事	anxiety
令人焦躁	rasping
令人焦躁的	rasping
令人生厌	fulsome
令人生厌的	fulsome
令人畏惧	grisly, dreaded
令人畏惧的	grisly, dreaded
令人窒息	stifling
令人窒息的	stifling
令人紧张	suspenseful
令人紧张的	suspenseful
令人绝望	desperate
令人绝望的	desperate
令人羞辱	humbling
令人羞辱的	humbling
令人羡慕	enviable
令人羡慕的	enviable
令人苦恼	thorny, gnawing
令人苦恼的	thorny, gnawing
令人讨厌	troublesome, obnoxious
令人讨厌之物	pest
令人讨厌的	troublesome, obnoxious
令人讨厌的人	bore
令人误解的	misleading
令人费解	perplexing
令人费解的	perplexing
令人轻松	relaxing
令人轻松的	relaxing
令人辛酸	poignantly
令人辛酸地	poignantly
令人钟爱	endearing
令人钟爱的	endearing
令人钦佩	praiseworthy
令人钦佩的	praiseworthy
令人难亲近	forbidding
令人难亲近的	forbidding
令人难忘	imposing, impressively
令人难忘地	impressively
令人难忘的	imposing
令人震惊	shocking, stunning
令人震惊地	shockingly, stunningly
令人震惊的	shocking, stunning
令人震惊的人	shocker
令人高兴	joy, exhilaration
令人高兴的	joyful
令人高兴的事	pleasure
令人鼓舞	comforting
令人鼓舞的	comforting
令其机械化	mechanize
令状	writ
以	with
以三倍	thrice
以上	upwards, upward
以下	hereinafter
以个人身分	individually
以为	suppose
以云遮敝	cloud
以仪表计量	meter
以休战结束	truce
以假话使安心	cozy
以免	lest
以公众名义	publicly
以关节连接	articulate
以利亚	elijah
以前	old, ago
以前的	previous, sometime
以勺掬	ladle
以勺舀取	ladle
以化学方法	chemically
以匙舀起	spoon
以卡车运输	truck
以同样的方式	alike
以后	later
以后的	succeeding
以和声唱	harmonize
以嘴唇碰	lip
以图案装饰	pattern
以圈结	loop
以大写字母写	capitalize
以大头针钉住	tack
以大字写	engross
以大钉钉牢	spike
以太	ether
以契约束缚	indenture
以套索捕	lasso
以小时计	hourly
以小时计的	hourly
以带子绑起	tape
以平板盖上	slab
以平版印刷	lithograph
以弗所	ephesian
以弗所人	ephesian
以弗所人的	ephesian
以弗所的	ephesian
以强光照射	highlight
以往	departed
以往的	departed
以手指射	knuckle
以手指测量	span
以手枪杀死	pistol
以扶壁支撑	buttress
以拇指拨弄	thumb
以拳重击	punch
以指数方式	exponentially
以指节打	knuckle
以撒	isaac
以数字表示	numerical
以数字表示的	numerical
以斯帖	esther
以斯帖记	esther
以斯拉	ezra
以斯拉记	ezra
以旧货	secondhand
以星状物装饰	star
以智取胜	outwit
以暴力夺取	raping
以有利结果	right
以机器制造	machine
以杖击	cane
以柏油铺	asphalt
以核武器攻击	nuke
以横木围栏	rail
以次充好	shoddy
以次充好的	shoddy
以欢呼迎接	hurrah
以步测量	step
以武力迫害	dragoon
以毛皮制作	fur
以水蛭吸血	leech
以汽车载运	motor
以沙掩盖	sand
以沙砾覆盖	gritted
以清水冲洗	rinse
以烟熏	smoke
以牙还牙	retaliate
以物易物	truck
以物易物者	trucker
以环连结	loop
以生草土覆盖	sod
以电击杀死	electrocute
以电椅处死	electrocute
以电针除痣	electrolysis
以百叶窗遮闭	shutter
以皮带束缚	leash
以眼色显示	look
以石灰处理	lime
以磅计费数	poundage
以笑表示	laugh
以符号表示	notate
以管输送	pipe
以纵队前进	defile
以经验为主	empirically
以经验为主地	empirically
以缰绳控制	rein
以网捕捉	mesh
以肉喂	flesh
以肥皂洗	soap
以胸对着	breast
以脚尖旋转	pirouette
以自然力	naturally
以自由意志	voluntarily
以致	that
以船运	boat
以船运送	ship
以色列人	israelite
以色列人的	israelite
以花体装饰	curlicue
以荨麻刺	nettle
以药物防腐	embalm
以藤编制	cane
以蜡笔作画	crayon
以要塞防守	fortress
以言语表现	verbalize
以货易货	swap
以货运运送	freight
以贬抑的口吻	disparagingly
以赌为业者	bookmaker
以趾踏触	toe
以蹄扒地	paw
以蹄踢	hoof
以轻视的态度	disparagingly
以运货马车运	dray
以重音念	accentuate
以金属覆盖	metal
以铁丝围起	wired
以铁丝围起的	wired
以铁箍扣紧	cramp
以锄掘	spade
以长牙刺戳	tusk
以长牙掘	tusk
以长矛攻击	lance
以闪电战攻击	blitz
以陷阱捕捉	ensnare
以陷阱捕获	snare
以雕像装饰	statue
以雾笼罩	fog
以饵引诱	bait
以马内利	emmanuel
以驳船搬运	lighter
以鹰狩猎者	falconer
以鹰行猎者	hawker
以麻梳梳理	heckle
以鼻吸气	sniff
以齿轮连起	gear
仪器	instrument, instrumental
仪器制造学	instrumentation
仪器的	instrumental
仪式	ritual, ceremony
仪式的	ritual
仪表	meter
仪表化	instrumentation
仪表板	panel
仰光	rangoon
仰卧	supine
仰卧的	supine
仰慕者	admirer
仰泳	backstroke
仰角	elevation
仲冬	midwinter
仲夏	midsummer
仲夏的	midsummer
仲裁	referee, arbitration
仲裁人	referee, arbitrator
仲裁者	intermediary
价值	value, cost
价值减低	depreciation
价值判断	valuation
价格	price, figure
价格回升	rallying
价格表	tariff
价格调整	escalation
价格过高	overpriced
价格过高的	overpriced
价格适当	saleable
价格适当的	saleable
价格高	pricey, pricy
价格高的	pricey, pricy
价目表	tariff
任一	either
任一的	either
任专职顾问	consulting
任专职顾问的	consulting
任人唯亲	cronyism
任何	any
任何一个	whichever
任何事	anything
任何事物	aught
任何人	one
任何时候	anytime
任何的	any
任务	role, mission
任务中断控制	tic
任务报告	debriefing
任向导	guide
任命	name, appoint
任命为牧师	ordained
任命的	appointed
任大学导师	tutoring
任官令	commission
任性	wilful, willful
任性固执	wilfully, willfully
任性固执地	wilfully, willfully
任性地	selfishly
任性的	wilful, willful
任意	random, arbitrary
任意地	arbitrarily, indiscriminately
任意型的	unsolicited
任意的	random, arbitrary
任意驱使	overuse
任期	tour
任期或地位	judgeship
任职	incumbency
任职期	incumbency
任课	tutoring
份外的	unearned
份额	quotient
仿制	imitation, imitative
仿制品	dummy, imitation
仿制的	imitative
仿制的矿泉水	seltzer
仿形的	copying
仿形铣床	profiler
仿生学	bionic
仿男式女衬衫	shirtwaist
仿真	emulate, emulation
仿真器	emulator
仿真程序	emulator
仿造	pattern
仿造者	imitator
企业	business, industry
企业内部网	intranet
企业地	industrially
企业家	entrepreneur, industrialist
企业家的身份	entrepreneurship
企业性质	entrepreneurial
企业性质的	entrepreneurial
企业界大亨	tycoon
企业界巨头	tycoon
企业联合	syndicate, cartel
企业联合组织	syndication
企图	attempt, purpose
企图的	attempted
企鹅	penguin
企鹅群	rookery
伊丽莎白	elizabeth
伊凡	ivan
伊利	ely
伊士曼	eastman
伊夫林	evelyn
伊妮德	enid
伊娃	eva
伊尼德	enid
伊恩	ian
伊拉兹马斯	erasmus
伊斯兰圣战士	jihadist
伊斯兰教教法	sharia
伊斯威特	eastwood
伊曼纽尔	emmanuel, emanuel
伊比利亚半岛	peninsula
伊玛目	imam
伊甸园	paradise
伊莉斯	elise
伊莎贝尔	isabel
伊莎贝拉	isabella
伊莱	eli
伊莱亚斯	elias
伊莱恩	elaine
伊莱扎	eliza
伊诺克	enoch
伊迪丝	edith
伍尔夫	woolf
伍尔沃斯	woolworth
伍德罗	woodrow
伏兵	ambush
伏击	waylay, ambush
伏尔泰	voltaire
伏尔甘	vulcan
伏特	volt
伏特加酒	vodka
伏特数	voltage
伏的	prone
伏都教	voodoo
伏首前倾	hunched
伏首前倾的	hunched
伐木	log
伐木业	lumbering
伐木工	woodsman
伐木工人	lumberjack
伐木机	feller
伐木者	feller
休	hugh
休会	adjourn, recess
休会期间	adjournment
休伯特	hubert
休假	off
休假的	off
休假者	vacationer
休克	choc
休养	recreation
休养地	sanitarium
休养所	sanitarium
休姆	hume
休庭	adjournment
休庭期	vacation
休息	off, break
休息不充分	restless
休息不充分的	restless
休息室	lobby
休息寓所	retreat
休息所	nest, roost
休战	truce, armistice
休止	truce
休止状态	inactivity
休止的	dormant
休眠	dormancy, resting
休眠的	dormant, resting
休耕	fallow
休耕地	fallow
休耕的	fallow
休闲室	lounge
休闲服	sportswear, negligee
众人皆知	notorious
众人皆知的	notorious
众多的人	legion
众所周知	truism
众神庙	pantheon
众议员	representative
众议院女议员	congresswoman
众议院议员	congressman
优于	precede, excel
优先	first
优先中断控制	pic
优先偿还	prefer
优先决定权	refusal
优先地	preferentially
优先权	priority
优先的	underlying, preferential
优先级	priority
优先考虑	prioritize
优先规定	precedence
优先购买权	preemption
优势	vantage, prevailing
优势的	prevailing
优化	optimize, optimization
优异	excellently
优异地	excellently
优待	courtesy
优性的	dominant
优惠	preferential, favoured
优惠的	preferential, favoured
优柔寡断	indecision
优点	advantage, merit
优生学	eugenics
优秀	swell, formidable
优秀人材	elitist
优秀人材的	elitist
优秀的	swell, formidable
优秀策划者	mastermind
优等	classy
优等的	classy
优美	pretty
优美地	delicately, elegantly
优美的	pretty
优胜	champion
优胜杯	cup
优胜的	champion
优胜者	winner
优良	good
优良的	good
优质	quality
优质的	quality
优越	superiority
优越性	superiority
优铜	eureka
优雅	elegant, grace
优雅地	gracefully
优雅的	elegant, polished
伙伴	associate, partner
伙伴关系	fellowship
伙伴情谊	comradeship
伙计	fella
伙食	mess
伙食承办人	provider
会	meet
会众	pew, congregational
会众的	congregational
会传染	taking, communicable
会传染的	taking, communicable
会合	congress
会合处	junction
会吏总	archdeacon
会员	member
会员数目	membership
会员的资格	membership
会员资格	membership
会堂	hall
会客	receive
会客室	parlor, parlour
会引起反对	objectionable
会引起反对的	objectionable
会意	knowingly
会意地	knowingly
会战	encounter
会接纳	amenable
会接纳的	amenable
会晤	session
会枯萎	perishable
会枯萎的	perishable
会生产	procreative
会生产的	procreative
会籍	membership
会聚	convergence
会聚性	convergent
会聚性的	convergent
会聚的	convergent
会蔓延	contagious
会蔓延的	contagious
会见者	interviewer
会计	treasurer
会计人员	accountant
会计学	accounting
会计学术	accountancy
会计工作	accountancy
会计师	accountant
会计检查员	auditor
会计的	fiscal
会计职业	accountancy
会议	council, meeting
会议主持人	moderator
会议召集的人	convener
会议室	boardroom
会议的	congressional
会议论文集	proceeding
会诊	consultation
会话	conversation
会话地	conversationally
会话式的	conversational
会话的	conversational, colloquial
会谈	talk
会费	dues
会长	chairman
会面	meeting
伞	umbrella
伞兵	paratrooper, trooper
伞兵军医	paramedic
伞的	umbrella
伞翼机	parasol
伞菌	toadstool
伞降急救人员	paramedic
伟大	grandeur
伟大的	grand
伟度	latitude
伟牟	artificial
传下	issue
传下的	descendant
传令兵	orderly
传令官	herald
传令官的	heraldic
传信鸽	homer
传入	introduction
传出	outflow
传到	summons
传动装置	actuator, gearing
传单	leaflet
传呼员	crier
传唤	summon, subpoena
传唤员	caller
传声器	microphone
传奇	story
传奇中说	legendary
传奇中说的	legendary
传奇剧	melodrama
传奇剧风格	melodramatic
传奇剧风格的	melodramatic
传奇性	romantic
传奇性的	romantic
传奇文学	legend, romance
传奇般	legendary
传奇般的	legendary
传审	subpoena
传家宝	heirloom
传导	conduct
传导力	conductance
传导性	conductive, conductivity
传导性的	conductive
传导率	conductivity
传导的	conductive
传心	telepathy
传心术	telepathic
传心术的	telepathic
传心能力	telepathy
传感器	sensor
传授	impart
传授花粉给	pollen
传播	spread, stir
传播媒介	vehicle
传播的人	retailer
传播者	transmitter, pedlar
传教	missionary
传教士	missionary
传教士的	missionary
传教的	missionary
传染	infection, infect
传染性	epidemic
传染性的	epidemic, infectious
传染病	epidemic, infection
传染病学	epidemiology
传爆药	booster
传略	profile
传病媒介	vector
传真	facsimile
传真传输	faxed
传真照片	telephoto
传真照相	telephoto
传真照相的	telephoto
传真电报	telephoto
传真电报机	telephoto
传票	subpoena
传福音	evangelize
传粉	pollination
传粉媒介	pollinator
传粉昆虫	pollinator
传粉者	pollinator
传统	traditional, tradition
传统上	traditionally
传统主义	traditionalism
传统主义者	traditionalist
传统的	traditional, conventional
传讯	summon, arraign
传记	biography, memoir
传记作者	biographer
传记片	biopic
传记的	biographical
传说	report, tradition
传说上	traditionally
传说上有名	storied
传说上有名的	storied
传说的	legendary, fabulous
传输	transmission, transmit
传输延迟时间	latency
传输时间	latency
传达	convey, communicate
传达人	transmitter
传达者	conveyor, conveyancer
传送	transport, transmission
传送带	conveyor
传送性	convective
传送性的	convective
传送机	conveyor
传送者	transmitter
传递	transfer, route
传递器	mediator
传递感觉	sensory
传递感觉的	sensory
传递者	mediator
传递途径	pipeline
传道	preach
传道士	preacher
传闻	rumour, rumor
传闻的	rumored
传阅	encyclical
传阅的	encyclical
传颂	resound
伤	injury
伤亡	casualty
伤口	wound
伤员拣别分类	triage
伤害	hurt, injury
伤害的	harmful, scathing
伤寒	typhoid
伤寒的	typhoid
伤心	hurt, grief
伤心事	heartbreak
伤心的	plaintive
伤感	maudlin, lackadaisical
伤感力	pathos
伤感情	offense
伤感情的	hurtful
伤感的	lackadaisical
伤感的电影	weepy
伤根	weal
伤残	mayhem, maim
伤疤	wound
伤痕	scar
伤痕累累	scarred
伤风败俗	risque
伤风败俗的	risque
伦德	lund
伦恩	len
伦泽	lense
伦理	ethical, ethic
伦理上	ethically
伦理学	ethics
伦理学家	ethicist
伦理学者	moralist
伦理的	ethical
伦纳德	leonard
伦道夫	randolph
伪	apocryphal
伪君子	hypocrite, pharisee
伪善	hypocrisy, hypocritical
伪善之言	cant
伪善的	hypocritical, goody
伪善者	hypocritical, hypocrite
伪善者的	hypocritical
伪币	duffer
伪的	apocryphal, bogus
伪称	pretend, profess
伪装	camouflage, guise
伪装人格	persona
伪装物	camouflage
伪装的	simulate
伪装网	fishnet
伪誓	perjury
伪证	perjury
伪造	phony, forgery
伪造品	counterfeit, forgery
伪造物	forgery
伪造犯	forger
伪造的	phony, mock
伪造签字	forgery
伪造罪	forgery
伪造者	forger, counterfeiter
伪造货币者	counterfeiter
伯克利	berkeley
伯内特	burnett
伯利兹城	belize
伯威克	berwick
伯尼	bernie
伯德	byrd
伯爵	earl
伯爵夫人	countess
伯爵的身分	earldom
伯父	uncle
伯特	bert
伯特伦	bertram
伯纳德	bernard
伯罗船	boro
伯蒂	bertie
估价	rate, value
估价人	appraiser
估价者	valuer, appraiser
估价过高	overvalue, overrate
估值过高	overstatement
估到最低额	minimization
估定	assess, assessment
估税员	assessor
估算	compute, estimated
估算的	estimated
估计	figure, estimate
估计器	estimator
估计的	estimated
估计者	estimator
估计过高	overestimate
估计量	estimator
估计错误	misjudgment, miscalculation
估量	measure
伴唱	accompany
伴奏	accompany
伴奏者	accompanist
伴护	chaperone, chaperon
伴游服务员	courier
伴行静脉	satellite
伴随	attend, accompany
伴随地	incidentally
伴随物	accompaniment, concomitant
伴随的	attendant, concomitant
伴随的发展	spillover
伶俐	cute, nimble
伶俐地	astutely
伶俐的	cute, nimble
伸	loll
伸入很深	penetrating
伸入很深的	penetrating
伸出	reach
伸出手	reach
伸出的	extended
伸展	stretch, extend
伸展了	stretched
伸展了的	stretched
伸展作业	stretching
伸展开	splay
伸展的	spread
伸延	elongate
伸开	outstretched
伸开手足躺	sprawl
伸开的	outstretched
伸得过远	overreach
伸直	uncurl
伸缩	extension
伸缩喇叭	trombone
伸缩的	extension
伸缩自如	retractable
伸缩自如的	retractable
伸肌	extensor
伸舌	loll
伸长	elongate, elongation
伸长率	elongation
伸长的	elongate
伸颈	crane
伸颈看	crane
伺候	valet
伺服	servo
伺服系统	servo
伺服装置	servo
伺机陷害	insidiously
似乎	seem
似乎有理	plausibility
似乎有理的	plausible
似乳油的	creamy
似人类	human
似人类的	human
似公牛	bullish
似公牛的	bullish
似叶鞘	vaginal
似叶鞘的	vaginal
似外皮的	crusty
似巨穴	cavernous
似巨穴的	cavernous
似星	stellar
似星的	stellar
似是而非	specious
似是而非的	specious
似有道理	plausibility
似杂草	weedy
似杂草的	weedy
似杠杆之工具	lever
似棉的	cottony
似毛皮	furry
似毛皮的	furry
似水	aqueous
似水的	aqueous
似水蟒的大蟒	anaconda
似沼泽	boggy
似沼泽的	boggy
似火	igneous
似火的	igneous
似灰的	ashen
似父亲	paternal
似父亲的	paternal
似牛	bovine
似牛的	bovine
似犬	canine
似犬的	canine
似猪	piggy
似猪的	piggy
似癌	cancerous
似癌的	cancerous
似皮	skinny
似皮的	skinny
似盒子	boxy
似盒子的	boxy
似真	plausibly, verisimilitude
似真地	plausibly
似石南	heather
似石南的	heather
似矿物	mineral
似矿物的	mineral
似神	godlike
似神的	godlike
似羊毛	woolly
似羊毛的	woolly
似肉	meaty
似肉的	meaty
似胎儿	foetal
似胎儿的	foetal
似腐肉	carrion
似腐肉的	carrion
似苔	mossy
似苔的	mossy
似裁缝做	tailored
似裁缝做的	tailored
似豌豆的东西	pea
似野兽	bestial
似野兽的	bestial
似金	gold
似金的	gold
似铜的	coppery
似雪般落下	snow
似非而是	paradoxical
似非而是的	paradoxical
似马的独角兽	unicorn
似鸟的	birdlike
似黄铜	brassy
似黄铜的	brassy
伽	gal
伽蓝鸟	pelican
佃户	renter
但丁	dante
但书	salvo
但又缺少权威	frontman
但是	but, only
但泽	danzig
位	digit
位于	lie, locate
位于边缘	skirt
位于那一边	thither
位于那一边的	thither
位在正中	centre, center
位在正中的	centre, center
位子	seat
位数	digit
位移	displaced, offsetting
位移指线路	offsetting
位移的	displaced
位组	byte
位置	position, place
位置上	locational
位置上的	locational
位置低下	lowly
位置低下的	lowly
位置独立代码	pic
位置的	positional, postural
位距	distance
位错	dislocation
低	low, lower
低下	low
低下地	low
低下的	humble
低于	under
低于定额的	substandard
低价	low
低估	underestimate, underrate
低体温	hypothermia
低八度音	octave
低劣	mean
低劣的	mean
低吟	croon
低唱	croon
低地	lowland
低地的	lowland
低垂	droop
低垂的	bowed
低声	lowly
低声下气	humbly
低声下气地	humbly
低声地	lowly
低声歌唱	croon
低声的怨言	murmur
低声而言	murmur
低声说	whisper, murmur
低头	crouch
低年级学生	underclass
低廉	vile
低廉的	vile
低微	insignificance
低成就	underachievement
低手	underhand
低手的	underhand
低核苷酸	oligonucleotide
低氧	hypoxia
低氧症	hypoxia
低沉	downbeat
低沉地说	drone, rumble
低沉的	downbeat
低沉的声音	bass, muffle
低洼地	swale
低温	hypothermia
低温学	cryogenic
低温学的	cryogenic
低温干馏	smouldering
低温炼焦	smouldering
低点	low
低的	low
低盐	lite
低盐的	lite
低矮灌木	heath
低空扫射	straggle
低等	low
低等的	low
低级	ignoble
低级庸俗	sleazy
低级庸俗的	sleazy
低级的	ignoble
低聚核苷酸	oligonucleotide
低能	imbecile, moronic
低能儿	changeling, weakling
低能的	imbecile, moronic
低能者	moron, imbecile
低落的情绪	dismal
低语	murmur, breathe
低语的	whispered
低调	understated
低调的	understated
低迷时期	downturn
低音	bass, undertone
低音提琴手	bassist
低音的	bass
低音管	bassoon
低音铜管乐器	baritone
住	house
住在同室的人	roommate
住在岛屿上	isle
住在茅舍	hut
住在都市	urban
住在都市的	urban
住址	address
住处	dwelling, tent
住处的	domiciliary
住宅	house
住宅区	uptown
住宅区的	uptown
住宅建筑公司	homebuilder
住宅建筑商	homebuilder
住宅的	residential
住宅设计家	homebuilder
住客栈	kip
住家	domiciliary
住家的	domiciliary
住宿	room
住屋	tenement
住帐蓬	tent
住房	residence, dwelling
住房供给	housing
住所	domicile, habitation
住旅馆	inn
住进	occupy
住进猪栏	sty
住院	hospitalization
住院治疗	hospitalization
住院病人	inpatient
佐料	seasoning
佐药	adjuvant
体	body
体会	taste
体会到	realise
体位的	postural
体内平衡	homeostasis
体内的	esoteric
体制	system
体力	power, main
体力劳动者	laborer
体壁	parietal
体壁的	parietal, somatic
体外寄生虫	vermin
体外的	extraneous, extrinsic
体弱退休	superannuation
体形	physique
体态	attitude
体态漂亮	stacked
体态漂亮的	stacked
体操	gym, gymnastics
体操的	gymnastic
体操运动员	gymnast
体格	build
体格检查	medical, physical
体液	juice
体温	heat
体温计	thermometer
体现	materialize, incarnate
体积	volume, bulk
体系	system
体系的	systematic, systemic
体系结构	architecture
体育	gymnastics, gymnastic
体育专栏作家	sportswriter
体育协会会员	turner
体育活动	athleticism
体育的	gymnastic
体育训练	gym
体育课	gym
体育运动	athletics
体育馆	gymnasium
体臭	bo
体裁上	stylistic
体裁上的	stylistic
体视镜	stereoscopic
体视镜的	stereoscopic
体谅	considerate
体谅的	considerate
体质	constitutional, constitution
体质上	constitutionally
体质的	constitutional
体贴	thoughtful, considerate
体贴地	thoughtfully, tenderly
体贴的	thoughtful, considerate
体重	weight
体面	presentable, honorably
体面地	honorably, honourably
体面的	presentable, honourable
体验	experience
何时	when
何超仪	josie
何露斯	horus
余响	reverb
余弦	cos
余数	residue, residual
余波	aftereffect
余烬	ember
余辉	afterglow
余震	aftershock
余韵	aftertaste
佛兰德	flemish
佛兰德人	flemish
佛兰德人的	flemish
佛兰德斯	flanders
佛兰德的	flemish
佛得角	verde
佛洛伊德	freud
佛瑞德	fred
佛青	ultramarine
佛青的	ultramarine
佛青色	ultramarine
作	fashion
作三角测量	triangulate
作业	task
作东	treat
作为	en, qua
作为代表	type
作为公务员	officially
作为前奏	prelude
作为地主	landowning
作为媒介	vehicular
作为媒介的	vehicular
作为征候	symptomatic
作为征候的	symptomatic
作为心腹话	confidentially
作为心腹话地	confidentially
作为整个民族	nationally
作为替代	instead
作为渊源	parental
作为渊源的	parental
作为特色	typically
作为特色地	typically
作为玩具	toy
作为玩具的	toy
作为结果	consequent, consequential
作为结果的	consequent, consequential
作为证据	witness
作为说明	interpretative
作为说明的	interpretative
作乐	revel, toot
作交易	transact
作伪证	perjure
作低沉声	mutter
作例证	illustrative
作例证的	illustrative
作假	feign
作先驱	pioneer
作冲浪运动	surf
作准备	provide
作出前提	premise
作出选择	choose
作句法分析	construe
作叮当声	jingle
作呕	nauseate, gag
作呕的	nauseating
作呼呼声	whir
作呼噜声	grunt
作咔哒声	click
作品	opus
作响的	sonorous
作嗖嗖声	swoosh
作图	construct
作图解	illustrate
作多种用途	omnibus
作多种用途的	omnibus
作头发	hairdo
作好准备	poised
作好准备的	poised
作姿势	posture
作姿态	gesture
作威作福	lord
作实习医师	intern
作家	author, writer
作家的著作	author
作寓言	fable
作小点记号	dot
作序	preface
作废	cancellation
作弄	joke
作弊	cheat
作快速旋转	pirouette
作态	mannerism
作怪相	grimace
作恶多端	sinfulness
作恶者	perpetrator
作成	fiat
作成一览表	tabulate
作成土堆	hill
作成花圈	wreathe
作成表	tabulate
作战	war, campaign
作手势	gesture
作招待员	usher
作指导	coach
作推论	infer
作文	composition
作料	seasoning
作曲	compose
作曲家	composer, musician
作梦	rever
作检察官	prosecute
作模仿诗文	parody
作模型用	model
作模型用的	model
作汩汩声	gurgle
作法自毙者	frankenstein
作注解	annotate
作注释	gloss
作湿壁画于	fresco
作潺潺声	bickering
作物	plant
作狂想曲	rhapsodize
作用	role
作用域	scope
作用物	actor
作用的	functionary
作痛	pain
作祟	haunt
作空想	romance
作绒毛状飞散	fuzz
作结论	conclude
作者	author
作茧	spin
作虚伪叙述	misstate
作表	tabulation
作记号	mark
作记号的人	marker
作证	witness, testify
作证人	witness
作评价	judge
作诗	verse
作详细说明	elaborate
作辗轧声	creak
作镜头交切	intercut
作鼓声	drum
佝偻	stoop
佝偻病的	rickety
你	you
你们	you
你们的	your
你们自己	yourselves
你猜	guessing
你的	your
你的东西	thine
你自己	yourself
佣金	brokerage
佩佩	pepe
佩内洛普	penelope
佩勒姆马勒衔	pelham
佩吉	peggy
佩奇	paige
佩带	gird
佩恩	payne
佩斯	perth
佩绶带	belted
佩绶带的	belted
佩雷斯	perez
佯攻	feint
佯装者	pretender
佯谬	paradox
佳肴	regale
佳适的	agreeable
佳酿	vintage
佳酿的	vintage
使	panick, interweaving
使一团槽	snafu
使一律化	uniformed
使一成不变	stereotype, institutionalize
使一致	phase, conform
使一阵一阵痛	twinge
使上下湿透	soak
使上升	kite
使上场	field
使上岸	land
使上市	market
使上榫	mortise
使上瘾	addict
使上船	embark
使上飞机	embark
使上马	mount
使下垂	droop, sag
使下水	launch
使下沉	sink
使下沉的人	sinker
使下狱	imprison
使不公允	skewed
使不关心	disinterest
使不利	penalize
使不动	immobilize, immobilise
使不及格	flunk
使不变	fixate
使不合情理	warped
使不合格	unfit
使不外出	confine
使不安	disturb, fidget
使不安定	unsteady
使不安的	disquieting
使不完整	mutilate
使不平	rough
使不平静	disquieting
使不平静的	disquieting
使不愉快	displease
使不敏感	desensitize
使不朽	perpetuate, embalm
使不死	immortalise
使不活动	inactivate
使不灭	immortalize, immortalise
使不相宜	unfit
使不相连	disconnect
使不稳定	unsteady
使不能工作	maim
使不能移动	immobilize
使不能自制	unnerve
使不适合	disqualify
使与尘世隔绝	cloister
使与标准比较	standardise
使专门化	specialise
使世俗化	secularize
使丢弃	wean
使丢脸	humiliate, discredit
使严肃	sober
使丧失	deprive
使丧失力量	castrate
使丧失功能	demoralise
使丧失名誉	dishonour
使丧生	perish
使丧胆	appall
使个人化	personalize
使个体化	individualize
使中和	neutralize
使中止	adjourn, discontinue
使中毒	poison
使中立	neutralize
使中立化	neutralise
使丰满	plump
使丰饶	fertilize
使为难	puzzle, stymie
使举起	heave
使乏味	pall
使习惯	habituation
使习惯于	accustom, inure
使了解	inform
使互相关联	relate
使互相连接	interconnect
使交织	interlace
使交错	interlace
使产生	cause
使产生幻觉	hallucinate
使人不安	unsettling
使人不安的	unsettling
使人不愉快	unpleasant
使人不愉快的	unpleasant
使人为物	reify
使人为难	embarrassingly, vexatious
使人为难地	embarrassingly
使人为难的	vexatious
使人信服	convincing
使人信服的	convincing
使人健康	healthful
使人健康的	healthful
使人兴奋	exalt, intoxicating
使人兴奋的	intoxicating
使人厌恶	unpleasant
使人厌恶的	unpleasant
使人呕吐	queasy
使人呕吐的	queasy
使人喘气的事	breather
使人宽心	soothing
使人宽心的	soothing
使人尴尬	embarrassingly
使人尴尬地	embarrassingly
使人开心	uplifting
使人开心的	uplifting
使人得意	exalt
使人恼怒	exasperating
使人恼怒的	exasperating
使人恼火	maddeningly, vexing
使人恼火地	maddeningly
使人恼火的	vexing
使人悲伤	melancholy
使人悲伤的	melancholy
使人惊奇	surprisingly
使人惊恐	alarming
使人惊恐的	alarming
使人惊骇	horrifying
使人惊骇的	horrifying
使人愉快	exhilarating, delectable
使人愉快的	exhilarating, delectable
使人感动	sensational
使人感动的	sensational
使人昏乱	bewildering
使人昏乱的	bewildering
使人格化	personalize, personify
使人气极	maddening
使人气极的	maddening
使人沮丧	depressingly, frustratingly
使人沮丧地	depressingly, frustratingly
使人沮丧的	disheartening
使人流泪	tearful
使人流泪的	tearful
使人消气	disarmingly
使人消气地	disarmingly
使人消气的	disarming
使人湿透	soaking
使人湿透的	soaking
使人满意	please
使人烦恼	worrying, agonizingly
使人烦恼地	agonizingly
使人烦恼的	worrying
使人畏缩	daunting
使人畏缩的	daunting
使人痒	tickle
使人痛苦	distressingly, woefully
使人痛苦地	woefully
使人痛苦的	aching
使人眩目	blinding
使人眩目的	blinding
使人窘迫	disconcertingly
使人窘迫地	disconcertingly
使人苦痛之人	tormentor
使人认识错误	convince
使人误解	misleading, fallacious
使人误解的	misleading, fallacious
使人难堪	embarrassingly
使人难堪地	embarrassingly
使人领悟	enlightening
使人领悟的	enlightening
使人首肯	cogent
使人首肯的	cogent
使介于二者间	interpose
使从事	embark
使从事于	employ
使仓皇失措	disconcert
使仪式化	ritualized
使休克	shock
使休息	rest
使众所周知	proverb
使优美	grace
使优雅	refine
使传代	passage
使传奇化	romanticized
使伤元气	sap
使伤残	maim
使伸出	push
使位于	situate
使低垂	slouch
使低落	sink
使住帐篷	tent
使住满人	people
使住院	hospitalise
使体现	materialize
使作伪证	perjure
使作呕	disgust
使作废	vacate
使作牺牲	victimize
使依附	attach
使侧滑	slew
使便利	facilitate
使保若木鸡	stupefy
使信基督教	evangelize
使信服	convince
使俯伏	prostrate
使倒塌	collapse
使倒退	reverse
使倒霉	jinx
使倾侧	tilt, careen
使倾向于	incline
使倾斜	tip, slope
使倾覆	keel
使假释出狱	parole
使偏斜	deflect
使偏离	deviate
使偏航	sheer, crab
使做奴隶	enthral, enslavement
使做好准备	groomed
使做学徒	apprentice
使停止	halt, withhold
使停止流通	immobilization
使停泊	berth
使健壮	nourish
使健康	condition
使像雪般落下	snow
使僵持	stalemate
使僵硬	stiffen
使充满	charge, inform
使充满气体	aerate
使充满活力	pep
使充满热情	enthuse
使充满香气	perfume
使光彩	gloss
使光滑	smooth, slick
使免疫	immunize
使免遭损失	rescued
使免除	exempt, immunise
使入国籍	naturalize
使入座	chair
使入病房	ward
使入罪	incriminate
使入轨	inject
使入迷	entrance
使入门	induct
使全球化	globalize
使全神贯注	absorb
使关节脱位	dislocated
使兴奋	warm, excite
使兴旺	boom
使具体化	embody, visualize
使具形象	visualise
使具有个性	individualize
使具有地方性	localize, localise
使具有感光性	sensitize
使具有政治性	politicize
使具法律效力	authenticate, authentication
使内向	introvert
使内在化	internalize
使内弯	introvert
使再循环	recycle
使再振作	reinvigorate
使再接合	reconnect
使再活跃	resurrected
使再混合	remix
使再生	regenerate
使再结合	rejoin
使冒危险	hazard
使冒泡	bubble
使军事化	militarize
使军国化	militarize
使冲	rush
使冷却	refrigerate
使冷酷	steel, harden
使冷静	sobering
使冻伤	frostbite
使冻住	freeze
使凋谢	wither
使凌乱	clutter
使减弱	deaden, attenuate
使减速	retard
使凝固	curdle
使凝结	curdle
使凹下	pit, dent
使凹损	dented
使凹进	recess
使凹陷	cave
使出汗	sweat
使出神	entrance
使出血	blood
使出轨	derail
使分开	rift
使分心	distracting
使分成地带	zone
使分散	scatter, squander
使分泌唾液	salivate
使分流	shunt
使分离	detach, disconnect
使分裂	disrupt
使分解	resolve
使到绝顶	culminate
使到达	land
使制度化	institutionalize
使刺痛	twinge
使前进	advance
使剧痛	pang
使割开	rift
使加倍	double
使加入	enroll
使加权	weight
使加深	deepen
使加速	speed
使动摇	unsettle, fluctuate
使努力干	hump
使劲地嚼	chomp
使劲投掷	plunk
使劲挥舞	ply
使劳累	strain
使化成纸浆	pulp
使匹配	yoke
使升华	sublimate
使升级	upgrade
使协调	attune
使危险	endanger
使卷入	embroil
使卸去装饰	undress
使卸去负荷	unburden
使压缩	condense
使压缩的东西	constrictor
使厌倦	irk, sicken
使厌恶	repel, nauseate
使厌烦	labour, labor
使厌腻	surfeit, satiate
使去攻击	sick
使参与	identify
使反响	reverberate
使反常	pervert
使反感	revolt
使反转	invert
使发丁当的声	tinkle
使发伪誓	perjure
使发光	fire, shine
使发光泽	lustre
使发光辉	luster
使发出撞击声	clash
使发出爆裂声	pop
使发呆	trance
使发咔哒声	click
使发哗哗声	swoosh
使发嗒嗒声	patter
使发声	vocalize
使发展	evolve
使发微光	gleam
使发怒	anger, irritate
使发成元音	vocalize
使发扑通声	plunk
使发拨弦声	twang
使发昏	daze
使发气味	tang
使发狂	distract, madden
使发生联系	associate
使发疯	loco
使发痒	tickle
使发笑	amuse
使发育	germinate
使发芽	bud, sprout
使发誓	pledge
使发达	develop
使发酵	leaven
使发酸	acidification
使发铿锵声	clang
使发霉	mildew
使受众辱	pillory
使受伤	wound, bruise
使受冤屈	injure
使受到	submit
使受到注目	limelight
使受制	enslavement
使受危困	jeopardize
使受危害	jeopardise
使受危险	jeopardise
使受喜爱	endear
使受外伤	traumatized
使受害	victimize
使受挫折	bilk
使受损伤	traumatize
使受控制	enslave
使受欢迎	popularise
使受电击	shock
使受精	fertilize
使受精神创伤	traumatize
使受耻辱	disgrace, dishonour
使受苦	martyr, embitter
使受辱	mortify
使受重力吸引	gravitate
使受钟爱	endear
使受风吹雨打	weather
使变丑	disfigured
使变化	diversify
使变厚	thicken
使变呆	sodden
使变嫩	tender
使变平	flattened
使变异	mutate
使变形	warp, metamorphose
使变得世故	sophisticate
使变态	metamorphose
使变成动词	verbalize
使变成熔渣	slag
使变斜视眼	squint
使变旧	stale
使变暗	obscure
使变朦胧	haze
使变模糊	obscure
使变淡	bleached
使变温柔	tendering
使变甜	sweeten
使变白	blanch
使变硬	harden, stiffen
使变空	empty
使变糊涂	haze
使变紧	tighten
使变红	redden
使变细	thin
使变脆弱	tendering
使变色	discoloured
使变薄	thin
使变质	degenerate, vitiate
使变酸	sour, fox
使变黑	denigrate, blacken
使叠缩	telescope
使叮当响	chink
使可能	enabling
使可见	visualise
使吃惊	amaze
使吃饱	pamper, glut
使合于标准	standardize
使合并	merge
使合拍	synchronize, attune
使合标准	normalize
使合格	qualify
使合法	legitimate
使合法化	legalize
使合潮流	style
使合理	rationalize
使合理化	streamline
使合规格	normalize
使合身	fit
使同化	assimilate
使同步	synchronize
使同等	level
使名垂千古	immortalize
使后退	back
使向左转	haw
使吓呆	petrified
使吓坏	appal
使听写	dictate
使呆住	freeze, transfix
使呼呼响	whir
使命	mission
使和缓	appease
使和解	reconcile, heal
使和谐	reconcile, harmonize
使咬字不清晰	muddle
使咯吱咯吱响	squelch
使商业化	commercialize
使商品化	commercialize
使喘不过气	smother
使喘息	breathe
使喘气	wind
使喜悦	gladden
使喝醉	intoxicate
使嗡嗡叫	buzz
使嘎嘎响	rattle
使回响	reverberate, resound
使回复原状	revert
使回旋	whirl
使回火	temper
使回转	revert
使困惑	puzzle, stumble
使困惑不解	mystified
使困惑的	baffling
使困扰	harass, obsess
使困窘	embarrass
使困累	hamper
使固定	fix, root
使国有化	nationalise, nationalize
使国际化	internationalize
使圆满	complete
使地方化	localize, localise
使均匀	homogenize
使均衡	proportion
使坐	perched
使坐下	seat
使坚定	firm
使坚强	steel, harden
使垂直	plumb
使垮台	overturned
使基于	predicate
使堕落	pervert, demoralize
使塞满	jam
使增为三倍	treble
使增值	parlay
使增剧	exacerbate
使增加水分	moisturize
使增加活力	zip
使增加趣味	sauce
使增压	pressure
使增至三倍	triple
使士气低落	demoralise
使处于	situate
使处于危险	imperil
使处于边缘	marginalise
使处困境	stymie
使备受折磨	tormented
使复位	reestablishment
使复兴	revive, revitalize
使复原	heal, reinstate
使复原的	rehabilitative
使复员	demobilize
使复杂化	perplex
使复活	resurrect, revitalize
使复立	reinstate
使复职	reappoint, reestablishment
使复苏	resurrected
使外展	abduct
使多产	fertilise
使多样化	vary, diversify
使大众化	popularise
使大怒	infuriating, infuriated
使大惊	astound
使大胆	embolden
使大量落下	rain
使失事	wreck
使失人性	dehumanize
使失体面	disgrace
使失去	cost
使失去光泽	tarnish, flatten
使失去勇气	unnerve
使失去平衡	unbalance
使失去感觉	numbing
使失去感觉的	numbing
使失去方向	disorient
使失去活性	inactivate
使失去知觉	numb, stupefy
使失去能力	disable
使失去资格	unseat
使失效	lapse
使失明	blind
使失望	disappoint, disappointing
使失望的	disappointing
使失知觉	stupefy
使失色	overshadow, outshine
使失调	disorder
使失败	trip
使奋起	rousing
使奋起的	rousing
使套叠	nest
使女性化	feminize
使嫩化	tenderize
使存偏见	prejudice
使孤立	isolate, maroon
使守恒	conserve
使安乐	ease
使安乐死	euthanize
使安定	stabilize
使安心	ease
使安静	soothe, sedative
使安静的	sedative
使完善	optimize
使完整	integrate
使完美	perfect
使定相	phase
使实体化	substantiate, incarnate
使客观化	externalize, objectify
使宣誓	swear, sacrament
使容易	facilitate
使宿营	encamp
使密布	sow
使密接	weld
使富有	enriching
使富裕	enriching
使富足	enrich
使寒心	chill
使对抗	antagonize
使对比	contrast
使对质	confront
使小说化	fictionalize
使小跑	trot
使小量流动	trickle
使尖锐	sharpen
使就任要职	chair
使就座	sit
使就职	seat, install
使就餐	mess
使尽可能有效	optimise
使局促不安	embarrass
使层叠	tiered
使居下位	subordinate
使屈从	stoop
使屈曲	inflect
使屈服	bend
使履行	acquit
使岔开	diverge
使崩塌	molder
使嵌入	embed
使工业化	industrialize, industrialised
使工作	work
使工作过度	overdrive
使布满蛛网	cobweb
使带气息	tinge
使带电	electrify
使带红宝石色	ruby
使常态化	normalize
使干净	clean
使干枯	withering, sears
使干枯的	withering
使干涉	interpose
使干燥	desiccated
使干瘪	mummified
使干着急	tantalize
使平凡	trivialize
使平和	smooth
使平均	counterbalance
使平坦	even
使平易	popularize
使平等	equalise
使平行	parallel
使平衡	average, poise
使平静	allay, lull
使年轻	rejuvenate
使并列	range
使幻想破灭	disillusion
使度过冬天	winter
使康复	rehabilitate
使延期	postpone, defer
使延长	continue
使开化	civilize
使开始运转	operationalize
使开花	flower
使弓起	hump
使引起轰动	sensationalize
使张开	flare
使弥补	counterbalance
使弯曲	bend, curve
使弹回	rebound
使强烈	deepen
使归化	nationalize, naturalized
使役动词	causative
使徒	apostolic
使徒的	apostolic
使得意	inflate, preen
使得灾祸	plague
使循环	cycle
使微型化	miniaturize
使微醉	muddle
使心智衰弱	fatigue
使心绪不宁	perturb
使心醉	enchanted
使忘掉	unlearn
使忙	busy
使忙碌	engage
使忧愁	sadden
使忧虑	disquiet
使忧郁	hip, gloom
使快乐	joy
使快活	brighten
使怀偏见	jaundice
使怀孕	impregnate
使急转向	sheer
使怨恨	rankle, embittered
使恍惚	trance, hypnotize
使恐怖	terrorise
使恐惧	terrify, horrify
使恐慌	scare, flurry
使恢复	renew, reinstate
使恢复健康	recuperate
使恢复元气	revitalise, revitalized
使恢复生气	revitalize
使恢复精神	rejuvenate
使恶化	exacerbate, aggravate
使恶心	revolt, sicken
使恼怒	annoy, exasperate
使悔罪	penance
使患溃疡	canker
使患黄疸	jaundice
使悦耳	sweeten
使悬浮	suspend
使悬着	poise
使悲伤	grieve
使悲哀	sadden
使惊吓	frighten
使惊呆	petrified, stupefy
使惊奇	surprise
使惊恐	alarm
使惊愕	dismay, startle
使惊慌	panic
使惊讶	astonish
使惊起	start
使惊飞	flight
使惊骇	appal, astound
使惨败	whale, skunk
使想到	recalled
使想起	remind
使惹人嘲笑	pillory
使意志消沉	demoralized
使意识到	awake, alert
使感不便	inconvenience
使感光过度	overexposed
使感兴趣	interest
使感到羞愧	shaming
使感刺痛	tingle
使感动	inspire
使感动的	emotive
使感困难	inconvenience
使感染	imbue
使感激	oblige, obligate
使愤怒	irritating
使愤怒的	irritating
使慌乱	flustered
使慌张	jolt, fluster
使慢跑	canter
使憔悴	emaciate
使懊恼	chagrin
使成一体	unify
使成一样	uniformed
使成一行	align
使成丈夫	husband
使成不毛	sterilize, sterilization
使成中立地带	neutralize
使成为不必要	obviate
使成为仇敌	antagonise
使成为奴隶	enslaved
使成为岛状	isle
使成为必需	entail, necessitate
使成为数字	digitize
使成为无效	neutralise
使成为明星	star
使成为正式	formalized, formalise
使成为法定	legalise
使成为烈士	martyr
使成为魔鬼	demonize
使成乞丐	beggar
使成八字形	splay
使成凹状	roach
使成功	prosper
使成化石	fossilized
使成匙状	spoon
使成双	couple
使成四倍	quadruple
使成团	pellet
使成国家	nationalize
使成块状	block, lump
使成女人腔	woman
使成婚	couple
使成孤儿	orphan
使成寡妇	widow
使成对	conjugate
使成岛状	island
使成平面	surface
使成弓形	arch
使成形	shape
使成惯例	institutionalized
使成惯例的	institutionalized
使成排	row
使成整体	integrate
使成文法化	codify
使成新的形状	reshape
使成杯状	cup
使成格子状	lattice
使成梯田	terrace
使成横排	ranked
使成残废	lame, cripple
使成比例	proportion
使成气球状	balloon
使成水化合物	hydrate
使成流线型	streamline
使成涡漩	whorl
使成漩涡	swirl
使成熟	season
使成王	crown
使成玫瑰色	rose
使成环	loop
使成珠状	pearl
使成球体	sphere
使成粒状	granulate, granulation
使成缺口	jag
使成群	herd
使成群结队	gang
使成羽毛状	plume
使成薄片	flake
使成蜂巢状	honeycomb
使成袋状	pouch
使成贵族	lord
使成通俗性	popularize
使成锥形	cone
使成锯齿状	jag
使成陈规	stereotyping
使成陡坡	scarp
使成颗粒	corn
使成颗粒状	shot
使成麦芽	malt
使戴桂冠	laurel, laureate
使扎根	root
使扎营	camp
使扩大	broaden, expansive
使扩大的	expansive
使扭动	wriggle
使承受	inflict
使承担	entail
使承担义务	commit
使投入	plunge
使投降	surrender
使折回	reflex
使折射	refract
使折转	reflex
使披斗蓬	cloak
使押韵	rhyme
使抽搐	convulse
使抽筋	cramp
使抽象化	abstract
使担心	concern
使担负	load
使拉毛	nap
使拳曲	crimp
使挂念	concern
使挨饿	hunger
使挫折	baffle
使振作	hearten, perk
使振动	vibrate, oscillate
使振奋	man
使排出	empty, transpire
使排出体液	sap
使排队	queue
使掠过	glance
使掠过水面	skitter
使接替	relay
使接触	contact
使接近	approximate
使推断出	evolve
使推迟	defer
使插入	embed, plunge
使搁浅	ground
使搭牢	tail
使摄象机移动	zoom
使摆动	vibrate
使摆好姿势	pose
使摆脱	rid, divest
使摆脱约束	disengage
使摇动	agitate
使摇摆	stagger, wobble
使摇晃	rock
使摇晃地悬挂	dangle
使摇曳	flicker
使摔倒	founder, tumble
使支撑	rest
使收缩	shrink
使改变信仰	convert
使改变外观	transformed
使改变形态	transformed
使改方向	redirect
使改观	transfigure
使改道	redirect
使政治化	politicized
使敌对	antagonize
使敏感	sensitize
使敏捷	sharpen
使散开	shatter
使散落	spill
使敬畏	awe
使数字化	digitize
使整形	formalize
使整洁	smarten
使整洁干净	snug
使整齐	trim
使文明	civilize
使文雅	urbanized
使斜靠	recline
使断奶	wean
使断念	wean
使新生	revitalise
使新陈代谢	metabolize
使旋转	turn
使无力	paralyse
使无实权	marginalise
使无害	sanitize
使无效	invalidate, nullify
使无效力	invalidate
使无用	lame, sterilise
使无能力	incapacitate
使无菌	sterilise
使无行为能力	incapacitate
使无资格	disable, incapacitate
使昌盛	prosper
使明晰	clarify
使明确	define
使昏迷	stun, numb
使显形	visualization
使显得逼真	realize
使显著	highlight
使显露头角	limelight
使晕眩	dizzy
使普及	popularize
使晶状	crystallized
使晶状的	crystallized
使暂缓	respite
使暖和	toast
使暗机关	gimmick
使暗淡	dim
使暴怒	enrage
使暴露	expose
使曝光	expose
使更严重	aggravate
使更坏	worsen
使更新	renew
使最优化	optimise
使有个人特色	individualize
使有伤痕	scar
使有关系	ally
使有印象	impress
使有声望	renown
使有德行	moralize
使有成见	prejudice
使有接头	joint
使有效	validate
使有斑点	speck
使有斑纹	fleck
使有斑驳	fleck
使有斜面	ramp
使有新的活力	revitalise
使有晕轮	halo
使有朝气	spark
使有毒	venom
使有气息	tincture
使有狭缝	slit
使有理化	rationalize
使有生气	animate, ginger
使有相互关系	correlate
使有秩序	regularize
使有粘性	gum
使有罪	criminalize
使有胆量	embolden
使有脉络	vein
使有裂缝	crevasse
使有褶	crimp
使有规则	regularize
使有资格	qualify, entitle
使有风味	savor, savour
使有麻点	pit
使服从	submit
使服役	commission
使服水土	acclimate
使服麻醉药	drug
使朦胧	shadow
使机械化	mechanize
使杂乱	shag
使松开	disengage
使松弛	relax
使松懈	relax
使极度疲劳	gruel
使极度痛苦	agonize
使极痛苦	anguish
使枯萎	blast, sear
使某人缠绕	entangled
使某人陷入	entangled
使染上枯萎病	blight
使柔软	supple, limber
使标准化	standardize, calibrate
使栖息	roost
使根深蒂固	ingrain
使概念化	conceptualize
使模糊	mist, blur
使欢喜	rejoice
使欢娱	divert
使欣喜	enchanted
使止住	suppress
使止血	stanch
使正常化	normalise
使正式	formalize
使残废	maim, disable
使残忍	brutalize
使残缺	deform
使残缺不全	mutilated
使残酷无情	brutalize
使毁灭	ruin
使比赛	match
使气馁	discourage, dismay
使氧化	oxidize
使水等飞溅	splatter
使永存	perpetuate
使求助于	refer
使汞齐化	amalgamate
使污浊	muddy
使污秽	grime
使汹涌奔腾	surge
使汽化	vapour
使沉没	founder
使沉沦	slough
使沉溺	addict
使沉溺于	surfeit
使沉默	silenced
使沉默的人	silencer
使沐浴于日光	daylight
使沦为妓女	prostitute
使沮丧	depress, dampen
使沾上泥污	muddy
使沾沾自喜	hug
使泄气	discouragement
使泛滥	flood, deluge
使波动	wave
使注视得	pore
使洁净的人	purifier
使活动	activate
使活泼	brisk, enliven
使活跃	energize
使流产	abort
使流出	issue
使流动	flow
使流通	mobilize
使浓缩	condense
使浪漫化	romanticize
使浮出水面	surface
使浮起	swim, buoy
使浸水	submerge
使浸润	infiltrate
使浸透	seethe, imbue
使消亡	extinguish, wither
使消失	merge, evaporate
使消散	scatter
使消瘦	emaciate
使润滑	lubricate
使淤塞	silt
使深留脑中	embed
使混乱	confuse
使混入	foist
使混合	mix
使混杂	scramble
使混淆	confound
使添趣味	spice
使清凉	refrigerate
使清新	refresh, irrigate
使清新的事物	refresher
使清洁	cleanse
使清洁的东西	cleanser
使清爽	refreshing
使清爽的	refreshing
使清醒	sobering
使清除疑虑	reassure
使渐变	shade
使渗入	infiltrate
使渗漏	leak
使渗透	saturate
使温暖	warm
使湿	water
使湿润	moisturizing
使湿透	drench, drenched
使溃烂	fester
使溃败	rout
使溅出	slop
使溅起	splashed
使溅起水	splash
使溢出	spill
使滋长	insinuate
使滑动	slide, slip
使滚动	roll
使滚翻	tumble
使满意	satisfy
使满溢	brim
使满足	humour
使滴	trickle
使滴下	drop
使漂亮	slick
使漂浮	float
使潇洒	smarten
使潜入	infiltrate
使潮湿	damp
使激动	heat
使激增	proliferate
使激活	activate
使激进	radicalize
使灼热	ignite
使灿烂	irradiate
使烦乱	fidget
使烦恼	worry, trouble
使烦恼的	galling, distressing
使烦扰	bore
使烦燥	fuss
使热得出汗	swelter
使热心	enthuse
使焦急	flutter, roil
使焦虑	worry
使焦虑的	disquieting
使照出影子来	silhouette
使煮沸	seethe
使熔融	flux
使熟	ripening
使熟习于	habituate
使熟悉	familiarize
使熟知	familiarize
使熟练掌握	rehearse
使燃烧	blaze
使爆炸	explode
使爆裂	bust, detonate
使片状脱落	exfoliating
使牢固	firm
使物质交替	metabolize
使特殊化	specialize
使牺牲	victimize
使犯错	trip
使狂喜	rapture, enrapture
使狂热	panic
使狼狈	confuse, confound
使猛拐	slew
使猛撞	dash
使猛转	race
使现代化	update
使现实化	actualize
使现病容	sickly
使理想化	idealize
使琐碎	trivialize
使瓦解	disrupt
使甜蜜	sugar
使生动	enliven
使生反感	scandalize
使生坏疽	gangrene
使生效	implement, validate
使生气	displease
使生气蓬勃	refresh
使生水垢	fur
使生泡沫	froth
使生色	goose, adorn
使生苔	fur
使生茧	callous
使生辉	brighten
使生锈	rust, oxidize
使用	use
使用不适名称	misnomer
使用两种语言	bilingualism
使用中	engaged
使用中的	engaged
使用于操作	operationalize
使用价值	use
使用工具	tool
使用引水槽	flume
使用情况	usage
使用手势语者	signer
使用权	enjoyment
使用杠杆	lever
使用热动力	thermodynamic
使用热动力的	thermodynamic
使用现代方法	modernized
使用用途	usage
使用税	royalty
使用空头支票	kite
使用符号	symbolize, symbolise
使用缩写词	abbreviate
使用者	user
使用舌头	tongue
使用计谋	wily
使用计谋的	wily
使用费	royalty
使用过	used
使用过度	overuse
使用过的	used
使用钥匙	key
使用铅版	stereotype
使电气化	electrified
使畏缩	wither
使留医	hospitalized
使疏远	alienate
使疲倦	tire, weary
使疲劳	fatigue
使疲惫	wearing
使疲惫的	wearing
使疾走	race
使痛苦	pain
使痛苦的	distressing
使瘫痪	paralyze, hamstring
使登陆	land
使白	whiten
使皱	crinkle, cockle
使皱缩	contract
使皱起	pursed
使目瞪口呆	mesmerise
使直立	erect, bristle
使相信	persuade, convince
使相形见绌	outshine
使相拟	assimilate
使相称	proportionate
使相等	even
使相等的东西	equalizer
使相配	match
使省悟	disabuse
使看得见	visualize
使眼色	wink
使眼花缭乱	daze
使着火	kindle
使着迷	fascinate
使知罪	convict
使破产	ruin, bankrupt
使破坏誓言	perjure
使确信	assure, convince
使碳酸盐化	carbonate
使磨损	fray, fret
使社会主义化	socialize, socialise
使社会化	socialize, socialise
使神圣	sanctify, consecrate
使神圣化	bless
使神秘化	mystify
使离子化	ionize
使私有化	privatise
使移动	travel, unsettle
使移居	transplant
使移居入境	immigrate
使移转	trundle
使稀少	thin
使稳固	stabilize
使稳定	steady
使空出	vacate
使空气流通	ventilate
使空转	idle
使穿上工作服	smock
使穿睡衣	gown
使穿衣	habit, apparel
使穿衣服	vest
使穿靴	boot
使突出	protrude
使突然中断	snap
使突然转向	swerve
使窒息	stifle, suffocate
使立定	halt
使立誓	sacrament
使竖立	erect
使竖起	cock
使站立	stand
使符合	conform
使符合标准	standardise
使符法律	legalize
使笼罩阴影	pall
使等于零	nullify
使筋疲力尽	tucker, overspend
使简单	simplifying
使粗糙	rough
使粘合	unite
使粘结	felt
使粘附	adhere
使精力充沛	invigorate, energise
使精神振作	tonic
使精神振作的	tonic
使精神紊乱	distemper
使精通	perfect
使系牢之物	fastener
使系统化	systematize
使紊乱	mess
使紧密结合	compact
使紧密联系	affiliate
使紧张	tension
使紧身	snug
使纠缠	entangle, ravel
使纠缠不清	perplex
使纤细	attenuate
使纯净	purify, cleanse
使纯化	baptise
使组合	interlace
使组成公司	incorporate
使组织化	systematize
使织出花纹	damask
使终止	closure, terminate
使绊住	enmesh
使绊倒	stumble
使经受考验	baptize
使结冰	ice, freeze
使结合	mix, wed
使结块	cake
使结晶	crystallize, crystallized
使结晶为砂糖	candy
使结束	terminate, finalize
使结盟	align
使绝望	impale
使绝缘	isolate, insulate
使绝育	sterilize, sterilise
使继续	continue
使维持	last
使缄默	silence
使缓和	moderate, alleviate
使缓慢地移动	inch
使缠住	mesh
使缠结	tangle, snarl
使缩	crinkle
使缩到最小	minimise
使缩小	shrink, dwindle
使缩短	contract
使缺席	absent
使羞愧	shame
使翘曲	warp
使翻倒	tip
使翻腾	billow
使老练	season
使者	herald, messenger
使者的派遣	legation
使耗尽	exhausting
使耗尽的	exhausting
使耸立	cock
使聋	deafen
使联合	associate, ally
使联盟	ally
使聚焦	focus
使聚集	gather, cluster
使肠痛	gripe
使肥	flesh
使肥沃	enrich, fertilization
使肥胖	fatten
使胆怯	unnerve
使背井离乡	exile
使背离	swerve
使能	enable
使能器	enabler
使能够	enable
使能者	enabler
使能营利	commercialize
使脱去	divest
使脱去衣服	disarray
使脱水	evaporate
使脱离	disengage
使脱离肉体	disembody
使脱衣服	undress
使脸红	colour, color
使腐朽	rot, molder
使腐烂	corrupt, rot
使腐蚀	corrode, canker
使腐败	taint
使腾跃	prance
使膨大	bag
使膨胀	expand
使自大	bloat
使自己舒服	cose
使自由	free
使自由主义化	liberalize
使自由化	liberalise
使自花授精	self
使舒适温暖	snuggle
使船尾受击	poop
使船底漏水	bilge
使节	ambassador, envoy
使花费	cost
使苏醒	revive
使苗条	slim
使苦恼	worry, harry
使苦恼之物	tormentor
使茂盛	bloom
使茫然	daze
使荒废	devastate
使荒芜	waste
使获自由	rid
使萎缩	withering
使萎缩的	withering
使落入圈套	web
使落后	strand
使落空	defeat, defy
使蒙上雾	mist
使蒙羞	humiliate
使蒸发	evaporate, transpire
使蓬乱	rough, tousle
使蓬松	shag
使蔓生	sprawl, sprig
使虚弱	weaken
使蜿蜒曲折	meander
使融化成油状	oil
使融解	thaw
使蠕行	worm
使行为不端	misconduct
使行军	march
使行进	march
使表现好	behave
使表面粗糙	granulate
使衰弱	debilitate
使衰竭	deplete, sap
使衰老	olden
使被引渡	extradite
使装载过多	surcharge
使裸露	denude
使褪色	fade
使觉得痒	titillate
使觉醒	waken
使觉醒的	rousing
使解毒	detoxify
使解脱	extricate
使解除	quit
使解除束缚	unseal
使警觉	alert
使计数化	digitize
使认识	acquaint
使讨好	ingratiate
使调整相位	phase
使谦恭	humbled
使负	encumber
使负义务	obligate
使负担	burden, saddle
使负担过度	overtax
使负担过重	overlay
使负责	impute
使负重荷	tax
使败逃	rout
使贫穷	beggar, impoverish
使贬值	devalue
使资本化	capitalize
使赎罪	penance
使赤裸	bare
使走	walk
使走投无路	bay
使起伏	undulate
使起斑点	fleck
使起毛	fluff
使起泡沫	foam
使起波纹	tabby
使起涟漪	ripple, dimple
使起皱	pucker
使起皱纹	wrinkle
使起绒毛	frieze
使超重	overweight
使跃过	leap
使跌倒	trip
使跑	run
使跛	cripple
使跛行	hobble
使跳动	pulse
使跳回	bounce
使踌躇	stagger
使转世化身	reincarnate
使转动	work
使转动角度	angle
使转化	invert
使转向	wheel, swing
使转弯	swerve
使转换	transform
使转移	transfer
使转调	modulate
使转轨	shunt
使轮流	rotate
使轮转	cycle
使轰鸣	roar
使辛劳	task
使边缘化	marginalized
使达到高潮	culminate
使迁移	transplant
使过分劳累	overwork
使过分沉溺	overdose
使过劳	overburden
使过度拥挤	overcrowd
使过热	overheat, superheated
使过量	pamper
使迎合	ingratiate
使迎风飘动	shiver
使近亲繁殖	self
使返回	rebound
使还俗	secularize
使进入	send
使进化	evolve
使进港	dock
使进蜂房	hive
使连接	juxtapose, accrete
使迟钝	dull
使迷失方向	disorientated
使迷恋	enamor
使迷惑	puzzling, disorient
使迷惑的	puzzling
使迷惘	maze
使退伍	demobilize
使退位	unseat
使退化	degenerate
使退役	decommission
使退火	anneal
使适应	condition, suit
使适应于	adjust
使逆行	thrash
使逆转	reverse
使逐步上升	escalate
使通人情	humanize
使通便	physic
使通俗化	familiarize, popularise
使通电	energized
使通货膨胀	inflate
使通过	transit
使通过管子	tube
使通风	air, wind
使道德败坏	demoralize, noxious
使道德败坏的	noxious
使遭受	cause
使遵守	conform
使都市化	urbanized
使配对	mate
使醉	intoxication
使醒悟	disillusion
使醒酒	sober
使重叠	lap
使重新体现	reincarnate
使重新团结	reunification
使重新统一	reunification, reintegrate
使铿然作响	clank
使锐利	edge
使错乱	unbalance
使错综	complicate
使镇静	sedative
使镇静的	sedative
使镜头交切	intercut
使长满	grow
使长满苔藓	moss
使闪亮	blink
使闪光	flash
使闪烁	flicker, gleam
使闪烁发光	spangled
使闪耀	flare, sparkle
使闭塞	occlude
使闲散	idle
使闷热	swelter
使闻到臭味	funk
使防水	waterproof
使防风雨	weatherproof
使阴暗	shade, dull
使阻尼	damp
使附于	affix
使附属	attach, affiliate
使陈腐	fossilized
使降低	decline
使降低地位	relegate
使降级	demote
使降职	demote
使限制于局部	localize, localise
使陶醉	charm, intoxicate
使陷于	involve
使陷于危险	imperiled
使陷于困境	strand
使陷于泥沼	bog
使陷于泥泞	mire
使陷入	plunge, immerse
使陷入危险	jeopardise
使陷入困境	mire, stalemate
使陷入圈套	entrapment
使陷入泥沼	slough
使陷入泥潭	lair
使陷入混乱	demoralise
使陷入绝境	corner
使陷入罗网	entrapment
使陷危地	jeopardize
使隆隆响	rumble
使随机化	randomize
使随潮漂流	tide
使隐约显现	peep
使隐藏	ensconce
使隐退	sequester
使隔离	isolate
使隔绝	sequester
使难解	mystify
使集合	mass, converge
使雪白	snow
使震动	shake, shock
使震惊	stun, horrify
使震撼	convulse
使非常虚弱	debilitating
使非政治化	depoliticize
使非神秘化	demystify
使靠码头	dock
使靠近	close
使面对	confront
使革命化	revolutionise
使顺从	resign
使顽强	stiffen
使预先有倾向	predispose
使颠倒	reverse
使颠簸	jolt
使颤动	vibrate, thrill
使风化	weather
使飒飒作响	rustle
使飘扬	fly, wave
使飘荡	waft
使飞	wing
使飞起	rise
使飞跑	gallop
使饱足	satiate
使馆随员	attache
使马跑快	fig
使驻兵营内	barrack
使骑马	horse
使骚动	tempest
使高兴	please
使高兴起来	chipper
使高尚	sublimate
使高涨	hike
使高贵	ennoble, dignify
使鸣响	peal
使麻木	drug
使麻木不仁	desensitize
使麻木的	numbing
使麻痹	paralyse, paralyze
使麻醉	stupefy, opiate
使黏合	bond
使黑暗	gloom
使黯然	cloud
使黯然失色	eclipse
使鼓起	belly, heave
侄女	niece
侄子	nephew
例外	exception, exceptional
例外地	exceptionally
例外的	exceptional
例如	as
例子	example
例示	exemplify
例程	routine
例证	illustration, exemplify
例证的	paradigmatic
侍从	dependant, retainer
侍从们	retinue
侍侯	page
侍候	page
侍候的	attendant
侍僧	acolyte
侍女	handmaiden
侍应	serve
侍者	waiter, attendant
侍臣	courtier
侏儒	dwarf, midget
供人分享	participatory
供人分享的	participatory
供以动力	power
供以水	water
供体	donor
供俗用	desecrate
供养	sustain, fend
供养人	provider
供奉	sacrifice
供娱乐用	fun
供娱乐用的	fun
供工业用	industrial
供工业用的	industrial
供应	provide
供应厂商	supplier
供应品	provision, supply
供应商	supplier
供应者	supplier, provider
供应货款	loan
供暖	heating
供暖的	heating
供替代的选择	alternative
供桌	credence
供水系统	waterworks
供热	heating
供燃料	fuel
供玩耍	toy
供玩耍的	toy
供给	give
供给军需品	munition
供给国	supplier
供给干草	hay
供给者	feeder
供给营养物	nurture
供给食物	subsist
供给饲料	feeding
供给饲料的	feeding
供膳食	board
供认	fess, avow
供认者	confessor
供证	depose
供过于求	glut
供选择	alternative
供选择的	alternative
依从	comply
依仪式进行	ritual
依仪式进行的	ritual
依偎	cuddle
依其申述	allegedly
依大小排列	size
依大小排列的	sized
依大小调整	sized
依大小调整的	sized
依字母顺序	alphabetical
依字母顺序的	alphabetical
依存	dependence
依恋	attached
依恋的	attached
依据	pursuant, gist
依据圣经	scriptural
依据圣经的	scriptural
依据的	pursuant
依据衡平法	equitably
依教规	canonical
依教规的	canonical
依次	orderly
依次地	orderly
依次的	ordinal
依比例决定	scale
依法判决	judicially
依法判决地	judicially
依法有求权的	rightful
依然健在的	surviving
依照季节	seasonal
依照季节的	seasonal
依照情况	circumstantial
依照情况的	circumstantial
依赖	rely, dependent
依赖他人者	dependent
依赖的	dependent
依附	adhere, adherence
依靠	incumbent, crutch
依靠的	incumbent
侠义	knightly
侠义的	knightly
侥幸	squeak, fluke
侥幸成功	fluke, squeak
侦察	spy, scout
侦察活动	scouting
侦察队	patrol
侦察队长	scoutmaster
侦探	detective, spy
侦探小说	whodunit
侦探犬	bloodhound
侦探的	detective
侦查	spy
侦查员	investigator
侦查者	tout
侦测	surveillance
侧	side
侧冲	flanker
侧击	sideswipe
侧卫	cornerback
侧壁	sidewall
侧廊	aisle
侧手翻	cartwheel
侧柱	jamb
侧滑	slew
侧的	side
侧线	siding, sidetrack
侧翻筋斗	catherine
侧腹	flank
侧走	sidle
侧身而行	sidle
侧转	skew
侧部	lateral
侧面	profile, flank
侧面堡垒	flanker
侧面的	lateral
侧面进针	raking
侧面部队	flanker
侧风	crosswind
侨民	expatriate, emigrant
侮慢	insolent
侮慢无礼的人	insolent
侮慢的	insolent
侮辱	injury, offensive
侮辱性的	blasphemous
侮辱性言行	insolence
侮辱的	offensive, insulting
侮辱的言行	indignity
侯国	principality
侯爵	marquis, marquess
侯爵夫人	marchioness
侯赛因	hussain
侵入	invade, invasion
侵入物	invader
侵入的	invasive, intrusive
侵入者	intruder, raider
侵占	usurp, embezzlement
侵吞	annexation, misappropriation
侵害	invasion, prejudice
侵害者	trespasser
侵扰	intrusion, harassment
侵掠	foray
侵权	infringement
侵染	infestation
侵犯	invasion, aggression
侵犯专利权者	pirate
侵犯者	violator
侵犯行为	tort
侵略	aggressive, aggression
侵略性	invasive
侵略性的	invasive
侵略的	aggressive
侵略者	invader, aggressor
侵蚀	weather, erosion
侵蚀的	eating
侵袭	descent, invasion
便于使用的	handy
便函	memorandum
便利	advantage, handy
便利地	handily
便利的	handy
便利的事物	convenience
便利设施	amenity
便士	penny
便壶	potty
便宜	cheap
便宜地	cheap
便宜的	cheap
便帽	tam
便床	shakedown
便当	lunchbox
便携式摄像机	camcorder
便服	mufti
便服的	undressed
便条	scrip
便条纸	notepaper
便桶	commode
便盆	bedpan
便秘	constipation
便笺	memorandum
便衣侦探	pinkie
便装	casual
便装的	casual
便餐厅	lunchroom
促使	bring
促使变化的人	transformer
促动	motivate, motivation
促成	suggest
促成的	forcing
促成者	enabler
促胃液素	gastrin
促进	further, promote
促进健康	hygienic
促进健康的	hygienic
促进剂	accelerator
促进发展者	fertilizer
促进因素	motivator
促进消化物质	peptic
促进的	encouraging
促进者	promoter
促进食欲	appetizing
促进食欲的	appetizing
俄国	russ
俄国人	russ
俄国人的	russ
俄国的	russ
俄国语	russ
俄国语的	russ
俊俏	cheesy
俊俏的	cheesy
俏	spruce
俏的	spruce
俏皮	sly, nifty
俏皮地	slyly
俏皮的	sly, nifty
俏皮话	quirk, pun
俗世	earthly
俗世的	earthly
俗丽	gaudy, blatant
俗丽的	gaudy, blatant
俗丽的东西	tinsel
俗人	layman, laity
俗化	secularization
俗心	worldliness
俗气	philistine, worldliness
俗气的	philistine
俗物	earthling
俗艳	gingerbread
俗艳的	gingerbread
俗艳的装饰	gingerbread
俘获	seize
俘虏	captive
俘虏交换条约	cartel
俚语	slang
保健	sanitarian
保健法	hygiene
保健的	sanitarian
保兑的	confirmed
保养	service
保养的	attentional
保加利亚人	bulgarian
保加利亚语	bulgarian
保单	warranty
保卫	guard, champion
保姆	nurse
保存	hold, keep
保存地	conservatively
保存性	conservatory
保存性的	conservatory
保存者	preserver
保守	conservatism
保守主义	conservatism
保守党员	rightist
保守地	conservatively
保守地说	understate
保守性	conservatism
保守秘密	conceal
保密	secrecy, confidentiality
保密性	security
保护	father, protect
保护主义	protectionism
保护主义者	preservationist
保护人	guardian, patron
保护伞	umbrella
保护制	protectionism
保护制度	protectorate
保护剂	protective
保护区	preserve
保护器	protector
保护国	protectorate
保护地	dependency, protectively
保护性外壳	pod
保护手段	salvo
保护措施	safeguard
保护权	protectorate
保护条	sparring
保护物	protector
保护的	guardian, protective
保护者	shield, protector
保护色	camo
保护装置	protector
保护质	protector
保拉	paula
保持	keep, remain
保持中立	neutrally
保持乐观	hopeful
保持乐观的	hopeful
保持原味	racy
保持原味的	racy
保持器	retainer
保持片	keeper
保持秘密	undisclosed
保持秘密的	undisclosed
保持者	retainer
保持联络	liaise
保持高价的	buoyant
保时捷	porsche
保暖套	cosy
保暖罩	cozy
保有	retain
保有期	tenure
保有物	tenement
保泰松	bute
保湿器	humidor
保湿霜	moisturizer
保留	reservation, reserve
保留品	reservation
保留条款	salvo
保留的	saving
保皇党	royalist
保皇党员	royalist
保皇党的	royalist
保管	storage, custody
保管人	keeper, custodian
保管人的	custodial
保管所	depository
保管的	custodial
保罗	paul
保藏	preservation
保证	ensure, assure
保证书	guarantee
保证人	sponsor, surely
保证金	surely
保贸	retention
保释	bail
保镖	bodyguard
保险	insurance, safety
保险业	insurance
保险业者	underwriter
保险丝	fuse
保险人	insurer, underwriter
保险公司	insurer
保险单	policy
保险单的注销	cancellation
保险商	underwriter
保险客户	policyholder
保险开关	cutout
保险总额	coverage
保险箱	safe
保险统计	actuarial
保险统计员	actuary
保险计算	actuarial
保险计算员	actuarial, actuary
保险计算员的	actuarial
保险计算的	actuarial
保险费	insurance
保险额	risk
保障	indemnity, assure
保龄球戏	bowling
信	letter
信仰	religion, belief
信仰的	devotional
信仰自由	toleration
信件	article, correspondence
信件转寄发运	forwarding
信任	trust, credit
信任他人	trusting
信任他人的	trusting
信任状	credentials
信任的	unsuspecting
信使	courier
信号	signal
信号传输法	signalling
信号手	signalman
信号枪	pistol
信号架	gantry
信号物	signifier
信天翁	albatross
信奉	espouse
信奉异教	heresy
信奉正教	orthodoxy
信封	envelope, envelop
信度	reliability
信徒	believer, faithful
信心	hope, faith
信念	belief
信息	information, intelligence
信息传送	messaging
信息处理机	processor
信息性的	informational
信息激素	pheromone
信息的	informational
信息系统	is
信息论	it
信托	trust
信托的	trust
信服	conviction
信条	tenet, credo
信用	credit
信用债券	debenture
信用证	credentials
信用量	credit
信纸	stationery, notepaper
信誉	goodwill
信赖	hope, depend
信赖的	reliant
信道	channel
俨然	peremptory
俨然的	peremptory
俭省	frugality
修	cobble
修养	culture, cultural
修养的	cultural
修剪	clip, crop
修剪成形	topiary
修剪成形的	topiary
修剪整齐	manicured
修剪整齐的	manicured
修剪树稍	topping
修剪者	trimmer
修剪过	shaven
修剪过的	shaven
修复	repair, rehabilitate
修复学	prosthetics
修复术	prosthetic
修复术的	prosthetic
修复的	prosthetic
修女	nun
修女院长	mother
修建	constructed
修建者	restorer
修截苗根	wrenching
修指甲	manicure
修指甲师	manicurist, manicure
修指甲术	manicure
修换尖	nib
修改	doctor, perfect
修改旧作	rewrite
修改的	converted, modified
修改量	modifier
修整	bushel, retouch
修整器	finisher, trimmer
修整部分	retouch
修枝	secateur, pruning
修正	modify, modification
修正主义	revisionist, revisionism
修正主义的	revisionist
修正主义者	revisionist
修正的	correctional, amended
修正的人	modifier
修理	piece, repair
修理工	repairman
修理者	repairer
修胡须	shaving
修脚	pedicure
修脸润肤露	aftershave
修船厂	shipyard
修行的处所	ashram
修补	piece
修补物	restorer
修补者	restorer, repairer
修订	amendment, edit
修订本	revision
修订版	revision
修订的	redesigned
修订计划	reschedule
修趾甲术	pedicure
修辞	rhetoric
修辞学	rhetoric, rhetorical
修辞学的	rhetorical
修辞的	rhetorical
修过脸	shaven
修过脸的	shaven
修道士	religious
修道者	ascetic
修道院	monastery, cloister
修道院的	monastic
修面	shave
修面的人	shaver
修饰	modification, modify
修饰丰富	figurative
修饰丰富的	figurative
修饰的	decorated
修饰语	modifier
俯仰	pitching
俯伏	prone
俯伏的	prone
俯冲	dive, swoop
俯卧	prostrate
俯卧的	prostrate
俯泳	breaststroke
俯的	prone
俯瞰	survey, overlook
俯瞰到的景色	overlook
俯视	overlooked
俯首	stooped
俱乐部	club
俱乐部会所	clubhouse
倍加器	multiplier
倍增	multiplication, redouble
倍数	multiple
倒	pour
倒下	fall
倒伏	lodge
倒出	teem
倒反	inversion
倒叙	flashback
倒圆	blending, rounding
倒垃圾	dump
倒塌	collapse, topple
倒塌的	collapsed
倒彩	outcry
倒推	backward
倒放	upend
倒数	reciprocal
倒数第二	penultimate
倒数第二的	penultimate
倒碎	crushed
倒碎的	crushed
倒空	empty
倒置	inversion
倒胃口	cloying
倒胃口的	cloying
倒装	inversion
倒计数	countdown
倒车	backup
倒转	inverse, inverted
倒转的	inverse, inverted
倒转者	inverter
倒退	back
倒退的	retrograde
倒钩	barb
倒错	perversion
倒闭	bankruptcy
倒霉	hapless
倒霉的	hapless
倔强	stubbornness, obstinate
倔强之人	mule
倔强地	stubbornly, perversely
倔强的	obstinate, intractable
倘若	provided
候补	backup
候补的	backup
候补者	candidate
候补队员区	bullpen
候补陪审员	bystander
候见室	anteroom
候选	candidate
候选人	candidate
候选人的地位	candidacy
候选人的身份	candidacy
候选人资格	candidature
候选资格	candidacy
候鸟	migrant
候鸟迁徙路径	flyway
倚靠	against
倚靠人	prop
借	loan, borrow
借主	debtor
借位	borrow
借位数	borrow
借入	borrow
借出	loan
借口	pretense, pretext
借喻	figural
借喻的	figural
借地人	landholder
借方	debtor, debit
借来	borrowed
借来的	borrowed
借款	debt
借款人	borrower
借用	borrow
借用人	borrower
借给	loan
借调员工	secondee
倡办的	sponsoring
倡导者	exponent
倡议	sponsor, sponsorship
倦怠	listless, ennui
倦怠的	listless
倦睡	drowsiness
倦睡的	drowsy
倨傲	disdainful
倨傲的	disdainful
倭黑猩猩	bonobo
债主	creditor
债券	bond
债券持有人	bondholder
债务	debt, liability
债务人	debtor
债务短期	unfunded
债务短期的	unfunded
债务转期	funding
债权人	creditor
值	cost
值得	worth, deserve
值得一读	readable
值得一读的	readable
值得佩服	laudable
值得佩服的	laudable
值得做	worthwhile
值得做的	worthwhile
值得喜欢	likeable
值得喜欢的	likeable
值得嘲笑	derisory
值得嘲笑的	derisory
值得尊敬	honourable, honorable
值得尊敬地	honorably
值得尊敬的	honourable, honorable
值得尊重	respectable
值得尊重的	respectable
值得想望	desirability
值得敬慕	adorable
值得敬慕的	adorable
值得注意	remarkable, notable
值得注意的	remarkable, notable
值得注目	significantly, noteworthy
值得注目地	significantly
值得注目的	noteworthy
值得的	worth
值得称赞	praiseworthy
值得称赞的	praiseworthy, meritorious
值得纪念	memorable
值得纪念的	memorable
值得花时间	worthwhile
值得花时间的	worthwhile
值得赞美	commendable
值得赞美的	commendable
值得赞赏	laudable
值得赞赏的	laudable
值得过	livable
值得过的	livable
值班	orderly, rota
值班名册	rota
值班的	orderly
倾	careen
倾侧	heel
倾倒	dump
倾向	trend, tendency
倾向一方	lopsided
倾向一方的	lopsided
倾向于	disposed
倾听	hear, listen
倾斜	lean, tip
倾斜度	lean, gradient
倾斜的	slant, sloping
倾析	decant
倾注	shower, transfusion
倾注器	decanter
倾泻	pour
倾盆大雨	downpour, torrent
倾覆	tip, overturn
倾角	inclination
倾转	vert
倾销	dump, unload
倾销商品	dump
假	false, artificial
假人	dummy
假体的	prosthetic
假使	supposing
假信号	glitch
假内行	snob
假冒	counterfeit, phoney
假冒物	simulation
假冒的	counterfeit, phoney
假冒者	phony
假发	wig
假名	pseudonym
假声歌手	falsetto
假如	providing
假威风	panache
假定	assume, assumption
假定的	supposed, hypothetical
假寐	doze
假小子	tomboy
假情报	disinformation
假想	imaginary, fictitious
假想地	hypothetically
假想的	imaginary, fictitious
假想的妖怪	chimera
假托	feint
假扮	disguised
假日	holiday
假期	holiday, vacation
假正经	demure
假正经的	demure
假珠宝	snide
假的	false, artificial
假的证据	perjury
假笑	smirk
假绳绒线	chenille
假腿	leg
假装	play, act
假装不知道	dissemble
假装可怜	martyred
假装可怜的	martyred
假装圣洁	sanctimonious
假装圣洁的	sanctimonious
假装学者	pedantic
假装学者的	pedantic
假装的	affected
假装者	simulator
假装虔诚	sanctimonious
假装虔诚的	sanctimonious
假装诚实	sanctimonious
假装诚实的	sanctimonious
假言的	modus
假设	let
假设地	hypothetically
假设的	theoretical, hypothetical
假话	jive
假象	lie
假货	fake, phony
假资优	giftedness
假造	fake, manufacture
假造的	spurious
假造者	fabricator, counterfeiter
假释	parole
假释犯	parolee
假面具	mask
假面剧	masque
假面剧剧本	masque
假面目	disguise
假音	falsetto
偎依	snuggle, nestle
偏	deflection
偏位	asymmetrical, asymmetric
偏位的	asymmetrical, asymmetric
偏僻	remote, devious
偏僻地区	backcountry, hinterland
偏僻地区的	backcountry
偏僻小路	byway
偏僻的	remote, devious
偏利共生	dependence
偏向	deflection, weighted
偏向的	weighted
偏头痛	migraine
偏差	deviation
偏差值	discrepancy
偏心	partiality
偏心圆	eccentric
偏心度	eccentricity
偏心率	eccentricity
偏心距	eccentricity
偏态家庭关系	skew
偏执	intolerant
偏执狂	paranoia
偏执的	intolerant
偏执的人	bigot
偏执的行为	bigotry
偏振	polarize, polarisation
偏振片	polaroid
偏斜	bias, decline
偏斜的	bias
偏析	segregation
偏析的	segregated
偏激份子	extremist
偏爱	preference, favour
偏爱的	partial, doting
偏狭	provincial, suburban
偏狭的	provincial, suburban
偏离	deviate, aberration
偏离常轨	aberrant
偏离常轨的	aberrant
偏离正路	aberrant
偏离正路的	aberrant
偏离着	afield
偏私的	interested
偏航	sheer, crab
偏航显示	sensing
偏荡	yaw
偏袒	partial, partisan
偏袒亲属	nepotism
偏袒的	partial, partisan
偏见	bias, prejudice
偏角	declination
偏转	sheer
偏重	weighted
偏重的	weighted
偏颇	partiality
偏颇的	unfair
做	do
做为	as
做为纪念	monumental
做为纪念的	monumental
做买卖	trade, traffic
做人	personhood
做伙伴	partner
做作	ham, affected
做作地说	mouth
做作的	ham, affected
做侦探	sleuth
做傻事	fudge
做先锋	spearhead
做准备活动	limber
做减法	subtract
做出某种姿势	posturing
做加法	add
做双亲	parental
做双亲的	parental
做坏事的人	wrongdoer
做声	utter
做备份	backup
做女王	queen
做奶油的人	creamer
做媚眼	ogle
做密探	spy
做广告	advertise
做广告者	advertiser
做弟子的身份	discipleship
做得成	achievable
做得成的	achievable
做得过分	overdo
做怪脸	mow
做成叉形	fork
做成圆拱形	vault
做成胶囊	encapsulate
做成药丸	pill
做折边	hem
做护根	mulch
做摘要者	digester
做标记于	mark
做梦	dream
做梦的人	dreamer
做模型	model
做模特儿	model
做海盗	pirate
做焊锅匠	tinker
做生意	deal
做白日梦	daydream
做算术	cipher
做索引	index
做股票经纪	job
做舵手	cox
做苦工的人	drudge
做裁缝	tailor
做试验者	tester
做重活的人	workhorse
做错	blunder, err
做零工	job
做零活	jobbing
做零活的	jobbing
做鬼脸	mouth
做鬼脸地	wryly
停	nix
停下来	stopped
停业	shutout
停审期	vacation
停尸室	morgue
停尸间	mortuary
停工	shutdown
停工期	downtime
停息	overblown
停息的	overblown
停悬	hovering
停战	truce, ceasefire
停放车辆的人	parker
停显液	shortstop
停机	shutdown, stoppage
停机的	stopping
停止	stop
停止不动	jib
停止使用	disuse
停止操作	secure
停止的	inactive
停止营业	shut
停泊	moor, berth
停泊处	mooring
停泊税	anchorage
停滞	stasis, stagnant
停滞堆积	accretion
停滞的	stagnant
停火	ceasefire
停火命令	ceasefire
停火执行者	peacekeeper
停留	stay, remain
停蹄不前	balky
停蹄不前的	balky
停车	park, parking
停车场	depot
停车处	park
停车的	parking
停运	decommissioning
停顿	stand
停顿的	idle
健全	sound
健全地	soundly
健全的	sound
健壮	hearty, lusty
健壮性	robust
健壮的	hearty, lusty
健壮的人	stalwart
健壮结实	stocky
健壮结实的	stocky
健岛	oasis
健康	well, health
健康地	healthily
健康护理	healthcare
健康检查	checkup
健康的	well
健忘	oblivious, forgetful
健忘症	amnesia
健忘的	oblivious, forgetful
健美	buxom, bodybuilding
健美操	calisthenics
健美操练法	calisthenics
健美的	buxom
健美运动者	bodybuilder
健胃剂	peptic
健胃药	cardiac
健谈	communicative, conversational
健谈的	communicative, conversational
健谈者	conversationalist
健身室	gymnasium
健身房	gymnasium
健身操	calisthenics
偶像	idol, icon
偶像化	idolise
偶像崇拜	idolatry, paganism
偶发	sporadically
偶发地	sporadically
偶尔发生	sporadic
偶尔发生的	sporadic
偶极天线	doublet
偶然	occasional, casual
偶然事件	contingent, haphazard
偶然事故	fluke, contingency
偶然发现	alight, serendipitous
偶然发现的	serendipitous
偶然发生	chance
偶然发生的	contingent
偶然地	accidentally, casually
偶然性	contingency, haphazard
偶然的	occasional, casual
偶然相遇	encounter
偶而	occasionally
偷	snitch, swipe
偷乘火车	stowaway
偷偷	furtively, surreptitiously
偷偷地	furtively, surreptitiously
偷偷地做	steal, sneak
偷偷插入	foist
偷偷摸摸	clandestine, covert
偷偷摸摸地	covertly
偷偷摸摸的	clandestine, covert
偷偷放入	slide
偷偷隐躲	skulk
偷取者	stealer
偷听	overhear, eavesdrop
偷听者	eavesdropper
偷工减料	jerry
偷工减料的	jerry
偷干者	stealer
偷开车者	joyrider
偷懒	soldier, mike
偷懒的	sluggish, truant
偷渡者	stowaway
偷猎	poach
偷猎者	poacher
偷看	peek, peep
偷窃	steal, hook
偷窃事件	thievery
偷窃行为	thievery
偷运	smuggle
偿付	liquidate, liquidation
偿付能力	solvency
偿还	pay, payment
偿还借款	refund
偿还债务	sinking
偿还者	redeemer
傀儡	tool, puppet
傀儡领袖	figurehead
傅立叶	fourier
傅里叶	fourier
傍晚	evening
储于箱中	tank
储仓	silo
储入	upload
储入仓库	warehouse
储备	hive, repertory
储备品	reserve
储存	store
储存于阁楼上	loft
储存的	stored
储户	depositor
储蓄	save
储藏	storage, reservoir
储藏室	storeroom
储藏所	storehouse
储藏蜜于蜂房	hive
储运损耗	outage
催乳液的	galactic
催促	press, hurry
催促者	dun, hustler
催债	dun
催化	catalyze, catalytic
催化剂	catalyst, activator
催化的	catalytic
催单	reminder
催吐剂	vomit
催干剂	dryer, drier
催眠	hypnotic, narcotic
催眠曲	lullaby
催眠术	magnetic
催眠术士	hypnotist
催眠术的	magnetic
催眠状态	hypnosis
催眠状态的人	hypnotic
催眠的	hypnotic, narcotic
催眠药	hypnotic
催眠药片	goofball
催芽	sprouting
催讨	dun
催逼	urgent
催逼的	urgent
傲慢	arrogant, proudly
傲慢地	proudly
傲慢态度	arrogance
傲慢的	arrogant, lofty
傲然	lordly
傲然地	lordly
傻	foolish
傻乎乎地说话	gibber
傻子	simple
傻瓜	ass, dupe
傻瓜似	nerdy
傻瓜似的	nerdy
傻瓜的	goofy
傻的	foolish
傻笑	giggle, smirk
像	simulacrum
像大人	precocious
像大人的	precocious
像天鹅绒	velvety
像天鹅绒的	velvety
像女人	womanly
像女人的	womanly
像少女	girly
像少女的	girly
像岩石	rocky
像岩石的	rocky
像差	aberration
像打雷	thunderous
像打雷的	thunderous
像机器人	robotic
像机器人的	robotic
像标	icon
像死一样	deathly
像死一样地	deathly
像爬虫	reptilian
像爬虫的	reptilian
像玻璃	glazed
像玻璃的	glazed
像男孩	boyish
像男孩的	boyish
像硫酸	vitriolic
像硫酸的	vitriolic
像素	pixel
像老鼠	ratty
像老鼠的	ratty
像蜡	waxy
像蜡的	waxy
像银	silvery
像银的	silvery
像锡	tinny
像锡的	tinny
像驴	asinine
像驴的	asinine
像鹰	hawkish
像鹰的	hawkish
僧侣	clergy, monk
僧侣统治	hierarchy
僧尼	monastic
僧尼的	monastic
僧帽	mitre, miter
僭据者	stealer
僭越	assume
僵停	zomby
僵化	rigidity, sclerosis
僵尸	zombie
僵局	deadlock, impasse
僵持状态	stalemate
僵痛	lame
僵痛的	lame
僵硬	freeze, stark
僵硬地	stiffly
僵硬的	stark
儿头初露	crowning
儿头变形	moulding
儿子	son
儿戏	doddle
儿科	paediatric
儿科专家	pediatrician
儿科医师	paediatrician, pediatrician
儿科医生	pediatrician
儿科学	pediatrics
儿科学家	pediatrician
儿科的	paediatric, pediatric
儿童	child
儿童之家	playhouse
儿童保育	childcare
儿童期	childhood
儿童照管	childcare
儿语	babble
允许	allow, free
允许产量	allowable
允许命令	allow
允许的	free
允许误差	tolerance
允许进入	admit
允诺	promise
元	buck, dollar
元件	element, component
元帅	marshal
元数据	metadata
元气旺盛	vigorous
元气旺盛的	vigorous
元素	element
元素的	elementary, elemental
元老	patriarch
元认知	metacognitive, metacognition
元音	vocal, vowel
元音化	vocalization, vocalize
元音变化	mutation
元音的	vowel
元首	sovereign, monarch
兄弟	brother
兄弟似	fraternal
兄弟似的	fraternal
兄弟关系	brotherhood
兄弟的	fraternal, brotherly
充了气	inflated
充了气的	inflated
充任	supersede
充公	confiscation, impound
充分	sound, sufficient
充分伸展	widespread
充分伸展的	widespread
充分利用	optimize
充分地	sound, fully
充分满足	sate, satiate
充分的	sufficient
充分的数量	sufficiency
充分考虑	mature
充分考虑的	mature
充分重视	maximise
充填物	filling
充实	recruit, replete
充实的	replete
充当密使	emissary
充当密使的	emissary
充当配角	stooge
充当间谍	emissary
充当间谍的	emissary
充气	inflate, pneumatic
充气吹胀	inflation
充气备用轮胎	stepney
充气的	pneumatic
充气轮胎	pneumatic
充水	priming
充沛	overflowing
充沛的	overflowing
充溢	overflow, flooding
充满	full, fill
充满争议	conflictual
充满争议的	conflictual
充满于	riddle
充满人性	humanly
充满人性地	humanly
充满危险	perilously
充满危险地	perilously
充满喜悦	blissful, blissfully
充满喜悦地	blissfully
充满喜悦的	blissful
充满崇敬心	reverential
充满崇敬心的	reverential
充满悲伤	grievous
充满悲伤的	grievous
充满情爱	affectionate
充满情爱的	affectionate
充满愤恨	resentfully
充满愤恨地	resentfully
充满敬畏	awed
充满敬畏的	awed
充满活力	vital
充满活力的	vital
充满激情	impassioned
充满激情的	impassioned
充满爱心	attached
充满爱心的	attached
充满生气	sassy
充满生气的	sassy
充满的	full
充满着	instinct
充满着的	instinct
充满精神	soulful
充满精神的	soulful
充满罪恶的	sinful
充满蒸汽	steamy
充满蒸汽的	steamy
充电	charging
充电器	charger
充血	congestion, bloodshot
充血的	bloodshot, congestive
充裕	abundance, amply
充裕地	amply, copiously
充足	enough
充足地	amply
充足的	enough
兆	trillion
兆字节	megabyte
兆瓦特	megawatt
先	previously
先买	preempt, preemption
先买权	preemption
先人之见	preoccupation
先付	prepaid
先付的	prepaid
先令	shilling
先例	precedent
先兆	aura, prognostic
先兆的	aural
先入为主	preconceived
先入为主的	preconceived
先入之见	preconception
先决条件	prerequisite, precondition
先决条件的	prerequisite
先前	previously
先前地	previously
先前存在	preexist
先前的	anterior, antecedent
先发制人地	preemptively
先取	preempt
先后次序	precedence
先天	innate, congenital
先天的	innate, congenital
先天论	nativism
先天论者	nativist
先头部队	spearhead
先定的	predetermine
先尝	foretaste
先已决定	predetermined
先已决定的	predetermined
先期发生	anticipate
先生	sir
先知	prophet, prophetic
先知的	prophetic
先行	antecedent, anticipatory
先行的	antecedent, anticipatory
先行词	antecedent
先见	foresight
先试	foretaste
先辈	predecessor
先进	advanced, progressively
先进的	advanced
先锋	pioneer, van
先锋队	spearhead
先驱	forerunner, pioneering
先驱的	pioneering
先驱者	precursor
先验	transcendental
先验的	transcendental
光	light
光亮	light
光亮地	brilliantly
光亮度	lightness
光亮的	splendid, shining
光化作用	photochemical
光化作用的	photochemical
光化学	photochemical
光化学的	photochemical
光原性的	photogenic
光合	photosynthetic
光合作用	photosynthesis
光合的	photosynthetic
光圈	halo, diaphragm
光塔	minaret
光声光谱法	pas
光声谱法	pas
光子	photon
光学	optics, optical
光学上的	optical
光学仪器商	optician
光学地	optically
光学显微镜	lm
光学的	optical, optic
光度	luminosity, photon
光彩	gloss, luster
光所致的	photogenic
光明	sunshine, luminosity
光明正大	fairness
光束	gleam
光栅	grating
光标	cursor
光泽	shine
光泽的表面	varnish
光滑	slick, slippery
光滑的	slick, slippery
光滑面	glaze
光点	blip
光环	aureole
光球	photosphere
光电伏打	photovoltaic
光盘盒	caddy
光着脚	barefooted
光着脚地	barefooted
光着脚的	barefooted
光秃	bald, baldness
光秃的	bald
光窗	transom
光线	ray, beam
光线状	radial
光线状的	radial
光线的	radial
光荣	glory, glorious
光荣地	gloriously, honourably
光荣的	glorious
光行差	aberration
光谱	spectrum, spectral
光谱仪	spectrograph
光谱学	spectroscopy, spectroscopic
光谱学的	spectroscopic
光谱测定法	spectrometry
光谱的	spectral
光轮	aureole, nimbus
光辉	brilliant, glow
光辉灿烂	glittering
光辉灿烂的	glittering
光辉的	brilliant
光量子	photon
光阑	diaphragm
光顾	patronage
克	gram, gramme
克伦威尔	cromwell
克伦邦	karen
克利夫顿	clifton
克利福德	clifford
克制	control
克制的	controlled, restrained
克制的说法	understatement
克劳德	claude
克劳斯	klaus, claus
克劳福德	crawford
克劳迪娅	claudia
克尔	kerr
克式浓度	formality
克扣	skimp
克拉	carat
克拉伦斯马车	clarence
克拉克	clarke, clark
克拉拉	clara
克服	victory, overcome
克林顿	clinton
克汀病者	cretin
克洛伊	chloe
克罗地亚人	croat
克罗地亚语	croat
克罗斯比	crosby
克莉丝	chris
克莉丝汀	christine
克莱儿	claire
克莱因	klein
克莱夫	clive
克莱尔	clare
克莱德	clyde
克莱门斯	clemens
克莱顿	clayton
克里斯	chris
克里斯多夫	christopher
克里斯蒂	christie
克里斯蒂娜	christina
克里特岛	crete
克里登	croydon
克隆	cloning
克雷格	craig
克鲁兹	cruz
克鲁格	kruger
免	acquit
免于	exoneration
免偿	absolve
免去刑法	unpunished
免去刑法的	unpunished
免得	lest
免检	exemption
免疫	immune, immunity
免疫学	immunology, immunological
免疫学家	immunologist
免疫学的	immunological
免疫性	immunity
免疫法	immunization
免疫球蛋白	immunoglobulin
免疫的	immune
免疫缺损	immunodeficiency
免疫缺陷	immunodeficiency
免疫者	immune
免税	exemption
免税者	exempt
免罚	impunity, absolution
免罪	remission, absolution
免职	deposition, dismissal
免费	free
免费地	gratis
免费电话	freephone
免费的	free
免费的东西	freebie
免费赠品	giveaway, freebie
免费邮寄	frank
免费邮寄特权	frank
免除	rid, immune
免除的	immune, exempt
兑换	change
兑换店	changer
兑现	cash
兔子	rabbit
兔毛皮	coney
党	party
党派	partisan
党派偏见	partisanship
党派性	partisanship, factionalism
党派政治的	political
党派活动	factionalism
党派的	partisan
党羽	partisan
兜售	peddle, hawk
兜售物品	tout
兜售者	tout
兜布	diaper
兜帽	hood
兜着圈子	around
兜风	promenade
入伍	enrollment, enrolment
入会	initiate
入会者	enrollee
入侵者	intruder
入口	access, entrance
入口通道	entryway
入场	entrance
入场许可	entree
入场费	admission
入坞	wharf
入境	inbound
入境的	inbound
入学	matriculate, matriculation
入学考试	matriculation
入学者	enrollee
入射	incidence
入屋行窃	burglarize
入席	sitting
入店偷窃商品	shoplift
入店行窃	shoplifting
入庙祀奉	enshrine
入栈的	stacked
入歧途	astray
入歧途地	astray
入浴者	bather
入港	haven
入港停泊	harbour, harbor
入神	preoccupation, preoccupied
入神的	preoccupied
入籍	naturalization
入股	admission
入迷	fascination, fascinate
入迷的	rapt
入迷的人	addict
入门	approach
入门书	grammar
入门大堂	foyer
入院	hospitalize, hospitalization
全世界	universal, worldwide
全世界化	globalized
全世界的	universal, worldwide
全体	whole, total
全体一致	unanimously, unanimity
全体人员	staff
全体会员	membership
全体出席	plenary
全体出席的	plenary
全体合伙人	partnership
全体教员	faculty
全体的	total, entire
全体职员	staffs
全体选民	constituency
全体队员	crew
全体随行人员	entourage
全力	main
全力的	main
全国性	national
全国性地	nationally
全国性的	national
全国的	nationwide
全国范围	countrywide
全国范围的	nationwide, countrywide
全垒打	swat
全基督教	ecumenical
全基督教的	ecumenical
全套披甲	panoply
全套服装	ensemble
全套炊具	kitchen
全家的	familial
全密封的	hermetic
全局地	globally
全州	statewide
全州的	statewide
全市	citywide
全市性	citywide
全市性的	citywide
全市的	citywide
全幅盔甲	panoply
全年	annual
全年的	annual
全异	disparate
全异的	disparate
全心全意	wholeheartedly
全心全意地	wholeheartedly
全息图	hologram
全息照相	hologram
全息照相图	hologram
全息的	holographic
全无	devoid, nil
全无的	devoid
全是泡沫	foamy
全是泡沫的	foamy
全是男人	stag
全是男人的	stag
全景	panorama, panoramic
全景的	panoramic
全民公决	referendum
全民投票	referendum
全民超人	hancock
全然	all
全然的	total, sheer
全球	global
全球主义	globalism
全球化	globalization
全球政策	globalism
全球的	global
全盛时期	summer
全盛期	prime
全知	omniscient, omniscience
全知的	omniscient
全知者	omniscience
全神贯注	absorption, rapt
全神贯注地	wholeheartedly
全神贯注的	rapt
全胜	vole
全能	omnipotent, almighty
全能之神	omnipotence
全能的	omnipotent, almighty
全貌	panorama
全身	systemic
全身泥污	bedraggled
全身泥污的	bedraggled
全身的	constitutional, systemic
全速跑	sprint
全速跑过	sprint
全郡的	countywide
全部	all, great
全部买下	buyout
全部作品	oeuvre
全部剧目	repertoire
全部技能	repertoire
全部的	all
全部节目	repertoire
全部衣服	wardrobe
全部赌注	kitty
全长	span
全面	general
全面的	general
全食	totality
全麦	graham
全麦的	graham
全麦粉制成	graham
全麦粉制成的	graham
全麦面粉	wholemeal
八仙花属植物	hydrangea
八分音符	quaver
八字形	splayed
八字胡	handlebar
八月	august
八角形	octagonal, octagon
八角形的	octagonal
八边形	octagonal, octagon
八边形的	octagonal
八音度	octave
公主	princess
公事包	briefcase
公众	public, community
公众的	public
公众的骚动	furore
公会	consortia
公使	minister
公使的	ministerial
公债所有者	fundholder
公债持有人	fundholder, bondholder
公共	public
公共卫生学家	sanitarian
公共厕所	sanitary
公共机构	institutional
公共机构的	institutional
公共汽车	bus
公共浴室	bathhouse
公共的	public
公共论坛	forum
公共食堂	commons
公共马车	stagecoach, omnibus
公共马车业	staging
公分	centimetre
公制	metric
公制的	metric
公务	official
公务员	official
公务员界	officialdom
公务的	official
公升	litre, liter
公厘	millimetre
公司	company
公司债券	debenture
公司的	corporate
公吨	tonne
公告	announcement, bulletin
公告的	declared
公园	park
公园道路	parkway
公国	duchy, principality
公墓	cemetery
公寓	apartment
公寓房子	maisonette
公尺	metre
公尺的	metric
公布	post, publication
公平	fair, justice
公平地	fair, fairly
公平的	fair, balanced
公开	open
公开侮辱	affront
公开化	glasnost
公开反对	beard
公开地	openly
公开场合	publicity
公开宣布	avowed
公开宣布的	avowed
公开宣称	avow
公开展示	spectacular
公开展示的	spectacular
公开性	glasnost
公开承认的	avowed
公开的	overt, undisguised
公开认错	recant
公开讨论	ventilation, ventilate
公式	formula
公式化	formulation, formulate
公式的	formulaic
公式表示	formulate
公报	bulletin, gazette
公文	document
公文包	portfolio
公文盘	tray
公文箱	file
公斤	kilogram, kg
公断	arbitration, arbitrate
公断人	arbiter, arbitrator
公断者	arbitrator
公有	communal
公有地	communally
公有的	communal
公有社会	communitarian
公有社会的	communitarian
公正	justice, square
公正地	justly, honestly
公正无私	impartiality
公正无私的	impartial
公正的	square, judicial
公民	civil, citizen
公民学	civics
公民投票	plebiscite
公民权	franchise, citizenship
公民的	civil
公民资格	citizenship
公民资格的	civic
公民身分	citizenship
公法学家	publicist
公然	publicly
公然地	publicly
公然的	overt
公爵	duke
公爵夫人	duchess
公爵的	ducal
公爵领地	duchy
公爵领地的	ducal
公牛	bull
公猪	boar
公理	axiom
公理教会	congregational
公理教会的	congregational
公用	sharing
公用场地	parkland
公用块	common
公社	communal, commune
公社的	communal
公立	public
公立的	public
公章	cachet
公羊	ram
公职	office
公认	vote, admittedly
公认地	admittedly
公认的	accepted, acknowledged
公认证据	reputation
公证人	notary
公证员	notary
公诉人	prosecutor
公诉人的	prosecutorial
公路	road
公路运输	haulage
公道的	reasonable
公里	kilometre
公顷	hectare
公驴	jackass
公鸡	cock, rooster
公鸭	drake
六便士	sixpence, tanner
六便士硬币	sixpence
六便士银币	bender
六月禾	bluegrass
六角	hexagon
六角形	hexagon, hexagonal
六角形手风琴	concertina
六角形的	hexagonal
六角边	hexagon
六边	hexagonal
六边形	hexagon
六边的	hexagonal
兰伯特	lambert
兰勒	langley
兰卡	lanka
兰姆糕	baba
兰开斯特	lancaster
兰德尔	randall
兰格	lange
兰特	rand
兰科植物	orchid
兰花	orchid
兰谢舞	lancer
共产主义	communism
共产主义的	communist
共产主义者	communist
共产党员	communist
共产党官员	apparatchik
共产党的	communist
共享	pool
共享的	shared
共价	covalent
共价的	covalent
共同	together, common
共同一致	solidarity
共同做	unison
共同做的	unison
共同参与	fellowship
共同地	jointly
共同工作者	workmate
共同特性	commonality
共同生活	symbiosis
共同的	common, joint
共同统治	condo, condominium
共同责任	solidarity
共和主义	republican
共和主义的	republican
共和主义者	republican
共和党员	republican
共和国	republican, republic
共和国的	republican
共和政体	republican, republic
共和政体的	republican
共存	coexist, coexistence
共存的	concomitant
共心的	concentric
共振	resonate, resonance
共振器	resonator
共振电子排布	resonator
共振腔	resonator
共有	community
共有制	entirety
共有原子价	covalent
共有原子价的	covalent
共有的	mutual
共栖	symbiotic, symbiosis
共栖的	symbiotic
共济会会员	mason, masonic
共济会会员的	masonic
共犯	accomplice
共犯关系	complicity
共生	symbiotic
共生的	symbiotic
共用	global
共管	condo
共管下的政府	condo
共计	number
共计为	total
共谋	collusion, collude
共谋的	collusive, conspiratorial
共谋者	conspirator
共轴	coaxial
共轴的	coaxial
共饮	hobnob
共鸣	resonance, empathy
共鸣体	resonator
共鸣器	resonator
共鸣的	resonant
关	close
关上	shut
关上百叶窗	shuttered
关上百叶窗的	shuttered
关于	about
关于属类	generically
关于死亡	obituary
关于死亡的	obituary
关于法庭	forensic
关于法庭的	forensic
关于诉讼的	litigious
关于那	thereupon
关于野味	game
关于野味的	game
关入厩	stall
关入栅栏	crib
关入栏中	pen
关入猪栏	sty
关厂	shutout
关口	gates
关在小屋	cabin
关在栏中	impound
关在笼子里	caged
关在笼子里的	caged
关心	care, concerned
关心的	concerned
关押	constrain, jug
关着	off
关着的	off
关税	duty, tariff
关税表	tariff
关系	relationship, relation
关系密切	germane
关系密切的	germane
关系的	relational
关系词	relative
关职性	relevancy
关联	relationship, association
关联的	associated, associative
关联的事物	associate
关联词	connective, correlative
关节	joint
关节炎	arthritis
关节炎患者	arthritic
关节炎的	arthritic
关节脱位	disjointed
关节脱位的	disjointed
关进笼内	cage
关进鸡舍	coop
关键	pivotal, hinge
关键地	crucially
关键字	keyword
关键的	pivotal
关门	shutdown
关门时间	lockup
关闭	shut, closure
关闭不全	inadequacy, incompetence
关闭器	closer
关闭指令	closed
关闭物	shutter
关闭的	closed
关闭者	closer
兴味	amusement
兴奋	excitement, excited
兴奋剂	cordial, provocative
兴奋地	excitedly, feverishly
兴奋性	stimulant
兴奋性的	stimulant
兴奋的	excited
兴奋的高潮	orgasm
兴奋药	restorative
兴旺	thrive, blossom
兴旺期	blossom
兴旺的	thrifty, thriving
兴趣	interest
兴隆	fortune, prosper
兴隆的	golden
兴高采烈	cheerful, elated
兴高采烈地	exuberantly
兴高采烈的	cheerful, elated
兵变	mutiny
兵器	weapon
兵士的背囊	valise
兵工厂	arsenal
兵舍	billet, barrack
兵营	barracks
兵蚁	soldier
兵豆	lentil
其他	other
其他人	others, remainder
其他的	other
其他选项	sidebar
其后	thereafter
其大无比	humongous
其大无比的	humongous
其时	meanwhile, meantime
其次	next, second
其次的	next, second
其间	meanwhile, meantime
具	fringed
具体	concrete
具体化	embodiment, crystallize
具体地	concretely
具体的	concrete
具体表现	embody
具体表达	embody
具刻纹	sculptured
具刻纹的	sculptured
具形的	shaped
具有	possess
具有两性者	hermaphrodite
具有主权	sovereign
具有主权的	sovereign
具有冲突	conflictual
具有冲突的	conflictual
具有女性风度	feminize
具有意志	minded
具有意志的	minded
具有特效	specific
具有特效的	specific
具流苏	fringed
具流苏的	fringed
具的	fringed
具皱	wrinkled
具皱的	wrinkled
具线纹	lined
具线纹的	lined
具结	recognize
典型	type, pattern
典型地	quintessentially
典型性	representativeness
典型的	typical
典当	pawn
典当商	pawnbroker
典狱官	warden
典礼	ceremony, ritual
典礼官	marshal
典范	ideal, mirror
典范的	quintessential
典雅	elegance
养	beef
养兔场	warren
养子	son
养得起	sustainable
养得起的	sustainable
养成	nurturance
养护费	upkeep
养料	food
养牛人	cattleman
养生法	regimen
养着观赏	pet
养着观赏的	pet
养老金	pension
养老院	infirmary
养肥	fatten
养育	breed, nurture
养育员	breeder
养育的	foster
养育者	nurturer
养育院	asylum
养蜂人	beekeeper
养马者	horseman
养驯	domesticate
养鱼池	crawl, aquarium
养鹰者	falconer
兼容性	compatibility
兼容的	compatible
兼并	annexation
兼职	pluralistic
兼职的	pluralistic
兼职者	pluralist
兽医	veterinary, veterinarian
兽医的	veterinary
兽奸	sodomy
兽性	savagery
兽皮	hide
兽穴	den, lair
兽窝	lair
兽群	herd, flock
兽脂	grease
内侍	chamberlain
内凹	cove
内分泌	endocrine
内分泌学家	endocrinologist
内分泌物	endocrine
内分泌的	endocrine
内分泌腺	endocrine
内切	inscribed
内切的	inscribed
内务处理	housekeeping
内原的	endogenous
内向爆炸	implosion
内含	embedded
内含物	inclusion
内含的	embedded
内啡肽	endorphin
内在	internal
内在化	internalization
内在地	inherently
内在的	internal
内地	inland, interior
内地的	interior
内奥米	naomi
内奸	fink
内存	memory
内室	ben
内容	content
内容丰富	copious
内容丰富的	copious
内容简介	prospectus
内容贫乏	sterility
内尔	nell
内层	lining
内幕	inside
内弯	introvert
内心	inner, inward
内心充满	simmer
内心的	inner, inward
内推法	interpolation
内插法	interpolation
内摩擦	viscosity
内政	interior, municipal
内政的	municipal
内曲线球	screwball
内核	kernel
内河	river
内涂层	undercoat
内涵	intensive, connotation
内涵的	intensive
内涵着	connote
内源	endogenous
内源的	endogenous
内燃机	diesel
内爆	implode
内环境稳定	homeostasis
内生的	endogenous
内疚	guilt
内的	internal
内皮	endothelial
内皮的	endothelial
内省	introspective, introspection
内省地	subjectively
内省的	introspective
内科	medical, medicine
内科医师	physician
内科的	medical
内窥镜	endoscopic, endoscope
内窥镜检查	endoscopy
内窥镜的	endoscopic
内置	inbuilt
内置的	inbuilt
内联网	intranet
内聚	cohesion
内聚性	cohesion
内聚的	cohesive
内脏	inside
内脏凸出	eviscerate
内脏杂碎	giblet
内脏的	visceral
内脱位	distraction
内腔镜	endoscope
内莉	nellie
内藏	inbuilt
内藏的	inbuilt
内行	expert
内行地	professionally
内行的	expert
内衣	shirt, underwear
内衣裤	hosiery
内裂	implode
内讧	faction
内部	within
内部氧化物	subscale
内部的	inside, inner
内部的人	insider
内部规则	byelaw
内部通信	intercom
内部通话系统	intercom
内野	infield
内野手	infielder
内阁	government
内阁的	cabinet
内附	enclosed
内陆	inland
内陆的	inland
内陷	introvert
内障	cataract
冈斯特说唱乐	gangsta
册	volume
再	anew
再一	another
再一次	again
再一的	another
再三	repeatedly
再三地	repeatedly
再三的	repeated
再三的努力	siege
再下水	relaunch
再主张	reassertion
再也不	anymore
再买	repurchase
再介绍	reintroduce, reintroduction
再任命	reappoint
再会	bye, farewell
再估价	revaluation
再体验	relive
再作	remake
再使用	reuse
再供给	resupply
再保证	reassurance
再保险	reassure, reinsurance
再保险金额	reinsurance
再做	refashion, redouble
再储存	restock
再充电	recharge
再出现	reappear
再分	subdivide, subdivision
再分区	rezoning
再分发	redistribution, redistribute
再分摊	reapportionment
再分配	reassign, redistribute
再创造	reinvention, recreate
再利用	recycled
再制	recycle, remake
再加入	rejoin
再加工	rework, reprocessing
再加油	refueling
再加燃料	refueling
再化合	recombination
再卖	resell, resold
再印刷	republish
再发	recurrence
再发射	relaunch
再发布	republish
再发生	recurrent, recurrence
再发生的	recurrent
再发的	recurrent, recurring
再发给	reissue
再发行	republish
再发趋向	recidivism
再取	retake
再取回	resumption
再命名	rename
再埋葬	rebury
再声明	restatement
再处理	reprocessing, reprocess
再娶	remarriage
再婚	remarry, remarriage
再嫁	remarriage
再学习	relearn
再定位	reorientation, relocate
再定购	reorder
再审	retrial, retry
再审查	reconsideration
再布置	relocation
再度上演	rerun
再度堕落	relapse
再度觉醒	reawaken
再建	reconstruction
再建的	reconstructive
再开	reopen
再开发	redevelopment
再开始	resume
再引入	reintroduction
再引进	reintroduce
再形成	reformulation
再循环	recycle, recycling
再循环器	recycler
再想	rethink
再打电报	rewire
再投资	reinvest
再投资于	reinvest
再拿到手	repossess
再指定	reassign
再捕获	recapture
再授给	reinvest
再排列	rearrange
再控告	recharge
再插入	reinsert
再搅拌	remix
再摊派	reassess
再播种于	reseed
再整合	reintegration
再整理	readjustment, readjust
再断言	reassert, reaffirmation
再机化	reorganization
再次加工	reworking
再次培养	subculture
再次应用	recycled
再水化	rehydrate, rehydration
再水合	rehydrate, rehydration
再注满	refill
再演唱一次	encore
再演唱的要求	encore
再点火	rekindle, reignite
再点燃	reignite
再热	reheat
再热炉	reheat
再版	reprint, republish
再版物	reissue
再犯趋向	recidivism
再现	reproduction, recurrence
再现性	repeatability
再生	reproduce, regeneration
再生作用	regeneration
再生物	regrowth
再生的	reproductive, regenerative
再生苗	regrowth
再生长	regrowth
再用公式表示	reformulate
再用形式表示	reformulated
再申明	restate
再确认	reaffirm, reaffirmation
再磨光	refurbish
再精制	retreating
再结合	recombine
再编制	reorganization, reorganize
再考虑	reconsider, reconsideration
再联合	reunite
再聚会	reconvene
再补给	resupply
再袭击	recharge
再装	reload
再装填	recharge
再装填弹药	reload
再装饰	redecoration
再见	goodbye, farewell
再训练	retrain, retraining
再议	reconsideration
再讲	retell
再访	revisit
再访问	revisit
再证实	reconfirm
再评价	reassess, revaluation
再试	retry
再试验	retrial
再说	redouble
再读	reread
再课税	reassess
再调整	readjust, readjustment
再贩卖	resale
再赋值	reassignment
再起	resurgence
再起草	redraft
再运行	rerun
再连合	reunion
再造	reconstituted
再造的	reconstituted
再配置	relocate
再陷邪道	relapse
再集会	reconvene
冒充	imitate, imitation
冒充内行之人	quack
冒充的	pseudo
冒充者	pretender
冒出水气	sweat
冒号	colon, cola
冒名顶替者	impostor, imposter
冒失	obtrusive, boldness
冒失的	obtrusive, immodest
冒昧	presumptuous
冒昧的	presumptuous
冒泡	bubble, seethe
冒泡的	effervescent
冒渎	sacrilegious, sacrilege
冒渎的	sacrilegious
冒火花	sparkle
冒烟	smoke, smoking
冒烟的	smoky
冒牌	impostor
冒牌医生	quack
冒牌医生的	quack
冒牌服装	knockoff
冒牌者	pretender
冒犯	offence, offend
冒犯地	offensively
冒犯的	offensive
冒秽罪	blasphemy
冒险	risk, chance
冒险地	heroically
冒险家	adventurer, sportsman
冒险干	risk
冒险性	adventuresome, dicey
冒险性的	adventuresome, dicey
冒险故事	romance
冒险的	hazardous
冒险经历	adventure
冒险者	adventurer
冕状头饰	tiara
冗余	redundancy
冗员	super
冗词	verbiage
冗长	long
冗长乏味	tedious
冗长乏味的	tedious
冗长的	long
写	write
写专题论文	monograph
写传奇	romance
写作	compose, pen
写信	write
写前言	preface
写博客的人	blogger
写印刷体字	letter
写在底下	subscript
写在底下的	subscript
写地址	address
写字	write
写字母于	letter
写实	realistically
写实主义	realism
写实主义者	realist
写实地	realistically
写实文学	nonfiction
写得过多	overwrite
写成文字	written
写成文字的	written
写报道	report
写散文	prose
写标题	headline
写标题的记者	headliner
写狂想文	rhapsodize
写生簿	sketchbook
写真	mirror
写短讯	paragraph
写讽刺作品	satirize
写评论	review
写错地址	misdirect
军	corps
军中俱乐部	canteen
军事	military
军事化	militarization
军事占领	occupational
军事占领的	occupational
军事占领者	occupier
军事的	military
军事行动	arms
军人	military, soldier
军人的	military
军刀	saber, sabre
军医	surgeon
军品	materiel
军团	legion
军团指挥官	tribune
军团的士兵	legionnaire
军国主义	militarism, militaristic
军国主义化	militarization
军国主义的	militaristic
军士	sergeant
军备	armament, weaponry
军官	officer
军官学校学生	cadet
军服	regimental
军校学生	cadet
军械	ordnance
军械库	arsenal, armoury
军火	ammunition
军用	gi
军用的	gi
军用飞机	warplane
军舰	naval, galley
军舰的	naval
军营	billet, barrack
军阀	warlord
军阀式领袖	warlord
军队	military, army
军队域名	mil
军需主任	quartermaster
军需品	munition
军需官	quartermaster, paymaster
军需机	paymaster
军需部	commissariat
军需部负责人	commissariat
军马	warhorse
农业	agricultural, agriculture
农业学校	aggie
农业的	agricultural
农业综合经营	agribusiness
农事	husbandry
农产品	commodity
农产品行业	agribusiness
农作物	crop
农地	cropland
农场	farm
农场主	farmer
农场工作人员	campesino
农夫	farmer, peasant
农奴	serf
农奴地位	serfdom
农奴境遇	serfdom
农学	agriculture
农学家	agriculturalist, agronomist
农家庭院	barton, farmyard
农庄	grange
农权制	serfdom
农村	country
农村的	country
农民	farmer, peasantry
农民行为	peasantry
农用化学品	agrochemical
农田	farm
农田工作	fieldwork
农科大学生	aggie
农舍	farmhouse
农艺师	agronomist
农药	pesticide
冠	crest, coronary
冠军	champion
冠军称号	championship
冠军计划	champs
冠军身份	championship
冠状	coronary
冠状头饰	coronet
冠状物	corona, coronal
冠状的	coronary
冠的	coronary, coronal
冠词	article
冤情	grievance
冥思苦想	contemplate
冥想	meditation, muse
冥想的	meditative, contemplative
冬	wintry
冬天	winter
冬天的	winter
冬季	winter
冬季粗皮苹果	russet
冬的	wintry
冬眠	hibernation, hibernate
冬至	midwinter
冬葱	scallions
冬蛰	hibernation
冬青树	holly
冰	ice
冰上溜石游戏	curling
冰冷	icy
冰冷的	icy
冰冻	freezing, frost
冰冻果子露	sherbet
冰冻的	freezing
冰山	iceberg, berg
冰川	glacier, glacial
冰川作用	glaciation
冰川时代	glacial
冰川时代的	glacial
冰川的	glacial
冰库	freezer
冰斗湖	tarn
冰柱	icicle
冰样的	glacial
冰棍	popsicle, lolly
冰淇淋	ice
冰球	hockey
冰的	icy, glacial
冰碛	moraine
冰箱	freezer, icebox
冰糖	candy
冰铜	matte
冰镇	ice
冰雹	hail
冰鞋	skate
冲	rush
冲击	impact, strike
冲击力	wallop
冲击波	shockwave
冲击的	ballistic
冲刷	obliterate, scour
冲刺	sprint, spurt
冲动	urge, impulse
冲动的	impulsive, impetuous
冲压	punch
冲压件	pressing
冲压机	punch
冲口说出	blurt
冲味的	pungent
冲孔	piercing
冲撞	hit
冲模	die
冲沟	ravine, gulch
冲洗	wash, irrigation
冲洗伤口	irrigate
冲洗法	irrigation
冲洗的	irrigated
冲流	slipstream
冲浪板	surfboard
冲浪运动	surfing
冲浪运动员	surfer
冲淡	dilute, dilution
冲积	alluvial
冲积的	alluvial
冲突	impact, conflict
冲突的	conflicting
冲蚀	erosion
冲蚀的地区	washout
冲进	rush
冲锋	charge
冲锋者	charger
决不	never, nothing
决不的	nae
决口	crevasse
决定	decide, decision
决定不能	indecision
决定之事	resolve
决定了	decidedly
决定了的	stated
决定因素	determinant
决定性	critical, final
决定性地	definitively
决定性的	critical, final
决定性竞选	runoff
决定权	mercy
决定物	determinant
决定的	settled, determinative
决定者	decider
决定论	determinism, deterministic
决定论的	deterministic
决心	will
决心的	intent, bent
决意	will
决斗	duel
决断	decision
决断的	crucial
决然	decisively, determinedly
决然地	decisively, determinedly
决策人	policymaker
决裂	break
决赛	final
决赛选手	finalist
决赛队	finalist
冶炼	smelting
冶炼厂	smelter
冶炼者	smelter
冶金	metallurgical, metallurgy
冶金学	metallurgy, metallurgical
冶金学的	metallurgical
冶金术	metallurgy
冶金的	metallurgical
冷	coolness, chilly
冷光	luminescence
冷冰冰	drily, icily
冷冰冰地	drily, icily
冷冰冰的人	iceberg, icicle
冷冻	freeze, chill
冷冻了	chilled
冷冻了的	chilled
冷冻剂	refrigerant
冷冻室	icebox
冷冻库	freezer
冷冻机	refrigerator
冷冻用	freezing
冷冻用的	freezing
冷冻的	refrigerant
冷凝	condensation
冷凝了的	chilled
冷凝作用	condensation
冷凝器	condenser
冷凝液	condensate
冷凝物	condensate
冷凝管	prolong
冷却	cool
冷却了的	chilled
冷却剂	coolant, refrigerant
冷却器	cooler
冷却的	refrigerant, cooling
冷嘲	ironically, ironic
冷嘲地	ironically
冷嘲的	ironic, cynical
冷待	disfavor
冷淡	cold, cool
冷淡地	coldly, dryly
冷淡地对待	unwelcome
冷淡地接受	unwelcome
冷淡的	cold, cool
冷漠	chill, passive
冷漠的	chill, passive
冷漠超然	aloof
冷漠超然地	aloof
冷甜点	parfait
冷硬了	chilled
冷硬了的	chilled
冷笑	sneer, sardonic
冷笑地	cynically
冷笑的	sardonic
冷脆性	shortness
冷落	snub, spurn
冷藏	refrigerate, refrigeration
冷藏室	safe
冷藏库	refrigerator
冷酷	grim, relentless
冷酷地	grimly, inexorably
冷酷无情	marble
冷酷无情的	marble
冷酷的	grim, relentless
冷静	cold, cool
冷静地	calmly, soberly
冷静的	cold, cool
冻伤	frostbite
冻伤的	frosted
冻原	tundra
冻疮	frostbite
冻糕	parfait
冻结	freeze
冻结作用	freezing
冻结成冰	glaciation
冻结的	frozen
净	net
净化	refine, purge
净化器	purifier
净化的	purified
净化设备	purifier
净的	net
净空	headroom
净赚	net
净载重量	payload
凄凉	dismal, forlorn
凄凉的	dismal, forlorn
凄惨	deplorable, mournfully
凄惨地	mournfully
凄惨的	deplorable
准一流	subprime
准一流的	subprime
准假	furlough
准则	criterion, formula
准备	prepare, provision
准备击球姿势	stance
准备功课	prep
准备好	ready, fit
准备好的	ready, fit
准备室	anteroom
准备性	preparatory
准备性的	preparatory
准备战斗	warlike
准备战斗的	warlike
准备状态	preparedness
准备的	prep
准将	brigadier
准时	punctual
准时的	punctual
准星	post
准男爵	baronet
准确	true
准确地	true
准确地轰炸	pinpoint
准确度	accuracy
准确的	exact, accurate
准绳	yardstick
准许	empower
准许入学	matriculate
准许的	consenting
准许进入	admission
凉亭	kiosk, bower
凉爽	cool
凉爽的	cool
凉爽的空气	cool
凉薯	jicama
凉鞋	sandal
凋萎	languish
凋谢	fade, perish
凋谢的	sear
凌乱	disheveled, sloppiness
凌乱的	disheveled
凌辱	outrage
凌驾	surpass, outstrip
减	minus
减亡	subvert
减价	depreciation, cheapen
减低	diminution, letdown
减低成色	alloy
减值	depreciation
减充血剂	decongestant
减到最小限度	minimization
减压	decompress, decompression
减去	subtract, detract
减小	diminution, decreased
减少	reduce, cut
减少咸味	freshen
减少的	reduced, reductive
减少量	decrease
减幅	damping
减弱	lower, weaken
减弱的	subdued, imperfect
减慢	slower
减损	impairment, derogation
减损的	derogatory
减摇	stabilized
减摇的	stabilized
减法	subtraction
减的	minus
减短的	abbreviated
减肥	reduce
减肥法	reducing
减肥者	slimmer
减轻	relief, relieve
减轻体重	slimming
减轻体重法	reducing
减轻体重的	slimming
减轻体重者	slimmer
减轻充血的	decongestant
减轻的	relieved, palliative
减退	lapse, letdown
减退了	diminished
减退了的	diminished
减速	retard, throttle
减速火箭	retro
减速的	moderating
减量	decrement
减除	deduction
减除额	deduction
减震器	damper
凑合	patchy
凑合的	patchy
凝乳	curd
凝乳状物	curd
凝乳酶	lab
凝乳食品	junket
凝固	set
凝固汽油	napalm
凝块	clot, gob
凝并	coalescence
凝结	concrete, clot
凝结作用	coagulation
凝结器	condenser
凝结物	concrete
凝结的	coagulate
凝缩	condensation
凝聚	cohere
凝聚成团	conglomerate
凝聚法	coagulation
凝胶	gel
凝胶体	gelatin, gelatine
凝胶状	gelatinous
凝胶状的	gelatinous
凝视	stare, peer
凝迹	contrail
几个	several
几个的	several
几乎	almost, much
几乎不	hardly, barely
几乎全部	most
几乎全部的	most
几何	geometrical
几何学	geometry, geometric
几何学上	geometric
几何学上的	geometric
几何学图形	geometric
几何学图形的	geometric
几何学的	geometric, geometrical
几何的	geometrical
几内亚	guinea
几分	somewhat
几率	odds, probability
凡人	layman
凡人论	humanitarian
凡人论的	humanitarian
凤仙花属植物	impatiens
凤凰	phoenix
凤尾鱼	anchovy
凤梨	pineapple
凭借	resort
凭单	policy
凭外交手腕	diplomatically
凭惯性滑行	freewheel
凭据	credential
凭灵感	inspirational
凭灵感的	inspirational
凭理智做事者	intellectual
凭神的力量	divinely
凭良心做	conscientiously
凭良心做的	conscientious
凭视觉	ocular
凭视觉的	ocular
凭记忆	memorization
凭论证	demonstrably
凭证	evidence
凯	kee
凯伦	karen
凯利	kelley
凯尔	kell
凯思琳	kathleen
凯恩	kane
凯恩斯	keynes
凯撒	caesarian
凯撒的	caesarian
凯文	kevin
凯旋	triumph
凯旋的	triumphal
凯歌	paean
凯特	kate
凯特灵	kettering
凯瑟琳	katherine, katharine
凯若琳	caroline
凯茜	cathy
凯莱	kelley
凯蒂	katy
凯西	casey, kathy
凯里	carey
凯门鳄	cayman
凳子	stool
凶事预示者	doomsayer
凶兆	spectre, knell
凶兆的	inauspicious
凶恶	sinister, atrocity
凶恶的	sinister, ruffian
凶恶的人	dragon
凶悍的人	wildcat
凶手	murderer
凶暴的人	dragon, tiger
凶残	outrageously, lupine
凶残地	outrageously
凶残的	lupine
凶狠	murderous
凶狠的	murderous
凶猛	fierce, fell
凶猛攻击	savage
凶猛的	fierce, fell
凸	protruding, prominence
凸凹不平	scraggly
凸凹不平的	scraggly
凸出	project
凸出的	projective, popping
凸印版	cliche
凸圆	convex, gibbous
凸圆的	convex, gibbous
凸榫	tenon
凸版印刷术	typography
凸状	convex
凸状的	gibbous
凸缘	flange
凸角	salient
凸起	raised
凸起的	raised
凸轮	wipe
凸透镜	sunglass
凸面	convex
凸面体	convex
凸面的	convex
凸面结构	convex
凹	concave, fossa
凹凸不平	roughness
凹处	recession
凹室	alcove
凹形边饰	scotia
凹槽	groove, gorge
凹痕	dent, indent
凹的	concave
凹窝	hollowness
凹陷	cave, pit
凹陷处	sinus
凹陷的	sunk
凹面的	concave
出丑	gaffe
出乎意料	precipitously, unheralded
出乎意料地	precipitously
出乎意料的	unheralded
出于什么原因	whence
出产	go
出人意外	surprisingly
出价	offer
出价人	bidder
出众	distinctive, superior
出众的	distinctive, superior
出众的才华	intellect
出借	lending
出借人	lender
出借物	lending
出借者	lender
出其不意	unawares
出其不意地	unawares
出击	sally, sortie
出力	contribute
出卖	betray
出发	put, leave
出发点	springboard
出口	outcome, exit
出口公司	exporter
出口商	exporter
出口的	exporting
出名	famous
出名的	famous
出售	sale
出售物	offering
出售的	selling
出声	aloud
出声地	aloud
出声地吃	slurp
出处	provenance
出外猎取人头	headhunting
出奇快	slapping
出奇快的	slapping
出嫁	espouse
出家人	religious
出小牌	finesse
出差错	amiss
出差错的	amiss
出席	presence, present
出席人	attendee
出席的	present
出席的人数	attendance
出席者	attendant, turnout
出庭	appear
出庭律师	barrister
出怨言	mutter
出怨言的	grumbling
出故障	malfunctioning
出枝	branch
出殡	funeral
出毛病	conk
出汗	sweat, sweaty
出汗的	sweaty
出没	haunt
出没于	haunt
出版	publish, publication
出版物	publication
出版者	publisher
出版许可	imprimatur
出牌违例	renege
出牙	teething
出牙现象	teething
出王牌	trump, ruff
出现	out, appear
出现幻想	fantasize
出现的	emerging
出生	birth
出生以前	prenatal
出生以前的	prenatal
出生前	antenatal
出生前的	antenatal, prenatal
出生率	birthrate
出生的	natal
出生的情况	nativity
出疹	eruption
出盘	placing
出示	shew
出示证物人	exhibitor
出神	rapt, faraway
出神的	rapt, faraway
出票人	maker
出租	let
出租人	lessor, renter
出租屋	let
出租汽车	cab
出租汽车司机	cabbie
出租物	rent
出租的	hackney
出租的房舍	lodgings
出租船者	boatman
出租车	taxi, cab
出租车司机	cabby
出租马车	cab
出租马车车夫	cabbie
出空	clean
出类	peerless
出类拔萃	transcendent
出类拔萃的	transcendent
出类的	peerless
出纳员	treasurer, cashier
出自	out
出自自然	spontaneously
出色	excellent
出色的	excellent
出色的人	shiner, stunner
出芽	germination
出血	bleeding, hemorrhage
出血的	hemorrhagic
出言无理	sass
出谜	riddle
出货	shipment
出身	origin
出身低微者	simple
出身高贵	gentility
出轨	derailment
出轻重缓急	prioritise
出铁槽	lander
出错	fluff
出错性	fallibility
出露地表	outcropping
出风头	swank
击	pummel, coup
击不中	miss
击中	hitting
击倒	fell
击倒对方	knockout
击倒的	knockout, knockdown
击入沙坑	bunker
击剑	fence
击向空中	sky
击水声	splashing
击溃	swamp, smash
击球	batting
击球入洞	putt
击球员	batter
击球手	batsman
击穿	breakdown, stave
击穿的	disruptive
击落	downed
击落浇冒口	flogging
击败	defeat, frustrate
击退	fend, repulse
击退的	repulsive
击键	keystroke
击鼓	drum
函数	function
函购	mo
凿	pick
凿井工	sinker
凿刻	chiseled
凿刻的	chiseled
凿子	chisel, broach
凿平	chipping
凿沉	scuttle
凿洞	hole
凿通	excavate
刀	sword
刀具	cutter
刀刃	edge
刀剑	cutlery
刀剑制造业	cutlery
刀剑搏杀	hardball
刀剪商	cutler
刀匠	cutler
刀口	blade
刀口锐利	edgy
刀口锐利的	edgy
刀把	hilt
刀枪不入	invulnerable
刀枪不入的	invulnerable
刀片	blade
刀锋	blade
刁	bra
刁妇	vixen
刁钻	shrewdly
刁钻地	shrewdly
刃具制造业	cutlery
分	minute, division
分了类的	classified
分了级的	classified
分享	share, participate
分体	fission
分光仪	spectrometer
分光术	spectrometry
分光计	spectrometer
分光镜	spectroscopic
分光镜检查的	spectroscopic
分光镜的	spectroscopic
分凝	segregate, segregation
分出好坏	winnow
分划	graduation
分划板	reticle
分列	parse
分别	apart, respective
分别地	apart
分别的	respective
分割	branch, segment
分割的	divisional
分包合同	subcontract
分包者	subcontractor
分化	differentiation
分化型	differentiated
分区	subsection, partition
分区制	zoning
分区的	divisional
分叉	ramification, bifurcation
分叉处	crotch
分叉的	diverging
分发	distribute, dispense
分发的	distributive
分发者	distributor
分台	substation
分块	partitioning
分娩	delivery, birth
分娩的	obstetric, natal
分娩的痛苦	travail
分子	molecule, molecular
分子团	gemma
分子的	molecular
分子轨道	mo
分局	substation
分层	stratified, layering
分层堆积	layer
分层的	stratified, storied
分层结构	hierarchy
分居	separate, separation
分岔	fork
分币	pence
分布	distribution
分布器	spreader
分布式	distributed
分布式处理	distributed
分布式的	distributed
分布的	distributive, distributional
分布者	distributor
分度	graduation, graduated
分度器	protractor
分度的	graduated
分开	part
分开的	separate
分心	distract, distraction
分心的事物	distraction
分成三部分	tripartite
分成三部分的	tripartite
分成两部份	bisect
分成区	zone
分成薄片	laminate
分成音节	syllable
分户帐	ledger
分户总帐	ledger
分所	substation
分手	part
分批处理	batch
分担	share, participate
分拣的人	sorter
分摊	apportion, allocation
分摊指定	allot
分支	branch, fork
分散	disperse, scatter
分散体	dispersion
分散作用	dispersion
分散化	decentralized, decentralization
分散对齐	distributed
分散度	divergence
分散式	decentralized
分散的	disperse, sporadic
分散管理	decentralized
分散管理的	decentralized
分数	mark, fraction
分数栏	scoreline
分断	disjunction
分明	starkly
分明地	starkly
分期	staged
分期付款	instalment, installment
分期偿还	amortize
分期的	staged
分期连载作品	serial
分权	decentralise, decentralised
分权化	decentralization
分条例举	itemise
分条详述	itemize
分析	analysis, analyse
分析上	analytically
分析员	analysis, analyst
分析器	analyzer, analyser
分析机	analysis
分析的	analytical, analytic
分析者	analyst
分枝	ramification
分歧	fork, divergence
分歧处	parting
分歧的	branching
分段	fragment, subsection
分段的	segmented
分段落	paragraph
分母	denominator
分水岭	divide, watershed
分水界	watershed
分沫器	catchall
分泌	secretion
分泌乳汁	lactation, lactate
分泌唾液	salivate, salivary
分泌唾液的	salivary
分泌树胶	gum
分泌毒液	venomous
分泌毒液的	venomous
分泌液	fluid, secretion
分泌物	secretion, ooze
分泌的	secretive
分派	allocate
分流	shunt
分流器	splitter
分流梭	spreader
分界	precinct, demarcation
分界点	parting
分界线	boundary
分界面	interface
分离	part
分离主义	separatism
分离主义者	separatist
分离出	abstracted
分离出的	abstracted
分离器	separator
分离地	separately
分离术	exclusion
分离机	splitter
分离的	apart
分离论者	secessionist
分科	departmental
分科的	departmental
分程传递	relay
分立	schism
分等	grade
分等级	graduated, taper
分等级地	hierarchically
分等级的	graduated, taper
分类	class, sort
分类上	systematic
分类上的	systematic
分类人员	sorter
分类学	taxonomy, taxonomic
分类学的	taxonomic
分类帐	ledger
分类广告	classifieds
分类归并	clustering
分类拣选	sorting
分类机	sorter
分类架	pigeonhole
分类的	assorted, systematic
分类系统	taxonomy
分粒	classification, classify
分级	grade, classification
分级体系	hierarchically
分级体系地	hierarchically
分级的	hierarchical
分级结构	hierarchy
分组	grouping, packet
分组人口	subpopulation
分组报文	packet
分群	swarm
分节	segment
分节的	segmental
分蘖	tiller
分裂	divide, disrupt
分裂宗教罪	schism
分裂性	fissile
分裂性的	fissile
分裂教会罪	schism
分裂的	disrupt, disruptive
分解	reduce, resolve
分解检查	overhaul
分解的	exploded
分贝	decibel
分赃	payoff
分辨能力	acuity
分遣	detach, detachment
分遣的	detached
分遣队	squadron, contingent
分部	subsection, subdivision
分配	deal, distribution
分配器	distributor
分配的	distributive, allocated
分配者	dispenser
分配角色	typecast
分配词	distributive
分钟	minute
分销商	reseller
分门别类	categorization
分队	unit
分隔	space
分隔物	divider
分隔的	parting, separating
分隔符	separator
分隔间	compartment
分音	partial
分页排版	page
分项	itemize
切	cut
切下	slice, cutting
切入	incised
切入的	incised
切击	chop
切刀	cutter
切割	knife
切割器	cutter
切割成锯齿状	indent
切割者	cutter, cleaver
切去了头	truncate
切去了头的	truncate
切去头端	truncate
切口	cut
切实可行	doable
切实可行的	doable
切尔西	chelsea
切屑	cutting
切开	carve, slit
切开的	incised
切成丁	diced
切成厚板	slab
切成方块	dice
切成薄片	slice
切成长片	sliver
切换	switch
切断	cutting, sever
切断术	amputation
切断的	severed
切斯特	chester
切望	longingly
切望地	longingly
切片机	slicer
切牙	incisor
切牙的	incisive
切物之人	chopper
切的	incisive
切短	truncated
切短的	truncated
切碎	mince
切碎机	chopper
切碎物	mince
切线	tangential, tangent
切线的	tangential
切肉刀	cleaver, carver
切肉大刀	chopper
切肢者	amputee
切菜器	shredder
切边	trimmed
切除	excise, removal
切除之物	excision
切除卵巢	spay
切除器	guillotine
切除器官	eviscerate
切除坯体余泥	scrapping
切除底部	undercut
切除术	resection, excision
切除鳍	fin
切题	pertinent
切题的	pertinent
刈下的一行草	swath
刈下的一行麦	swath
刈割	cradle
刈割者	lawnmower
刈幅	swath
刈草机	mower
刈草的人	mower
刊印	publishing
刊头	masthead
刊载	insertion
刊载于公报	gazette
刑	penal
刑事	criminal
刑事学	criminology
刑事学家	criminologist
刑事的	criminal
刑事被告	culprit
刑法上	criminally
刑法的	penal
刑的	penal
刑罚	penalty, punishment
刑罚的	penal, punitive
划	row
划一	uniformity
划伤	scratching, scoring
划出线条	barred
划出线条的	barred
划分	lot
划分者	divider
划动	row
划尾桨	stroke
划开	gash
划成行政区	canton
划手	oarsman, bencher
划掉	crossed
划掉的	crossed
划时代	epochal
划时代的	epochal
划时代的事	landmark
划桨	paddle, oar
划独木舟	canoeing
划独木舟的人	canoeist
划界	demarcation, delimit
划痕	nick, flaw
划破	laceration
划线	score
划线于	line
划线器	scribe
划线板	ruler
划线者	liner
划船	row
划船运送	paddle
划艇	rowboat
列	line
列举	specialize, enumerate
列举事实	rehearsal
列于表上	list
列克星敦市	lexington
列入表中	calendar
列入详细目录	inventory
列出	list
列出清单	itemized
列出的	listed
列宁	lenin
列有标题	headed
列有标题的	headed
列表	listing, tabulation
列车	train
列车器	trainer
列队行进	file
列阵	embattled
刘	liu
刘海	bang
刘若英	rene
刚会飞的幼鸟	fledgling
刚刚	just
刚勇	valor, valour
刚度系数	rigidity
刚开始	incoming, inchoate
刚开始的	incoming, inchoate
刚强	stoutly, doughty
刚强地	stoutly
刚强的	doughty
刚性	rigid
刚性的	rigid
刚性结合	staying
刚愎	headstrong
刚愎的	headstrong
刚才	now
刚毅	masculinity, fortitude
刚毅的	resolute
刚毛	bristle
刚玉宝石	sapphire
创世记	genesis
创业	entrepreneurial
创业的	entrepreneurial
创业者	grounder
创伤	hurt, wound
创伤的	traumatic
创作	father
创作物	creation
创作的	creative
创作能力	invention
创办	promote
创办人	patriarch
创办计划书	prospectus
创始	genetic, originate
创始人	author
创始的	genetic
创始者	initiator
创建	promotion
创建理论	theorizing
创建组	group
创意	originality
创新	innovation, innovative
创新的	innovative
创新者	innovator
创立	institute, found
创立人	organiser
创立者	founder
创设人	credence
创造	make, create
创造力	creativity
创造宇宙说	creationism
创造性	creativity, creatively
创造性地	creatively
创造物	creature
创造的	created
创造者	inventor
创面电灼术	brushing
初	early
初发的	nascent, incipient
初学者	infant, beginner
初期	morning, prime
初期的	primary
初次	maiden
初次公演	premiere
初次登台	debut
初次的	maiden
初次的演出	premiere
初步	elementary, preliminary
初步做法	preliminary
初步勘探	scouting
初步措施	preliminary
初步的	elementary, preliminary
初牙	predecessor
初生儿	firstborn
初生的	nascent
初等量	primary
初级律师	solicitor
初级的	elementary
初级读本	primer
初见陆地	landfall
初露头角	budding
初露头角的	budding
删减	slash
删剪	censored
删去	cancel
删掉	expunge
删改	censor
删节	prune, abridge
删节的	abridged
删除	delete, omit
删除程序	killer
删除部分	deletion
判优程序	arbiter
判决	decide, award
判决书	judgment
判决者	adjudicator
判刑	condemn
判别式	discriminant
判定	decision
判定器	decider
判定的要素	finding
判徒	turncoat
判据	criterion
判断	judge, estimate
判断性意见	verdict
判断正确	judicious
判断正确的	judicious
判断的	judgemental
判断错	misjudge
判断错误	misjudgment
判流放刑	relegate
判给	awarding
判罪	conviction
刨刀	shaver
刨切的	sliced
刨平	plane
刨床机	planner
刨花	paring
刨花板	chipboard
利	leigh
利他	altruistic, altruism
利他主义	altruism
利他的	altruistic
利兰	leland
利兹市	leeds
利刃	sharp
利口酒	liqueur
利奥波德	leopold
利尿	diuretic
利尿剂	diuretic
利尿的	diuretic
利己主义	selfish, selfishness
利己主义的	selfish, egocentric
利己主义者	egocentric, individualist
利息	interest
利息单	coupon
利拉	leila
利文斯顿	livingston
利文湖	leven
利昂	leon
利润	profit, gain
利润第一主义	commercialism
利瓦伊	levi
利用	use
利用的	exploitative
利用真空	vacuum
利用真空的	vacuum
利益	good
利益率	profitability
利索	cleanly
利索地	cleanly
利雅得	riyadh
利马	lima
利齐	lizzy
别	else
别作声	hush
别号	surname
别名	alias
别墅	villa
别的	else
别的方式	otherwise
别致	chic
别致的	chic
别致的款式	chic
别针	pin
别雷	bely
刮	scrape
刮净器	cleanser
刮出刺耳声	scrape
刮刀	spatula, scraper
刮去	raze
刮屑	shaving
刮掉	scrape
刮擦	scraping
刮擦的	scraping
刮料机	scraper
刮料装置	scraper
刮毛器	stripper
刮水器	wiper
刮痕	scratching
刮的人	scraper
刮胡子	shave
刮胶机	spreader
刮脸	shave
刮风	gusty
刮风的	gusty
到	to
到会的人	conventioneer
到原处	again
到另一边	across
到哪里	whither
到处	around, throughout
到处存在	ubiquitous, ubiquity
到处存在的	ubiquitous
到处寻找	shop
到处搜索	ransack
到处流浪	vagabond
到处蔓延	pervasive
到处蔓延的	pervasive
到处都无	nowhere
到如此程度	thus
到室外	abroad
到底	through
到很深的程度	far
到期	due, payable
到期的	due, payable
到某处	somewhere
到案	appear
到绝顶	culminate
到达	get, come
到达最高点	peak
到达物	arrival
到达绝顶	crest
到达者	arrival
到达陆地	landfall
到那	thereto
到那儿	thither
制作	making, tailor
制作人	producer
制作精巧	skilful
制作精巧的	skilful
制作者	producer, wright
制做格子	lattice
制冰的人	iceman
制剂	preparation
制动	immobilize
制动术	immobilization
制动火箭	retro
制动用	snub
制动用的	snub
制动系统	braking
制图	drawing
制图员	draftsman, draughtsman
制图学	graphics
制图师	cartographer, mapmaker
制图法	graphics
制图的	cartographic
制图者	designer
制定	establish, establishment
制定制裁规则	sanction
制定法律	enact, legislate
制干草	hay
制度	system
制度化	institutionalised, institutionalization
制度化的	institutionalised
制度的	institutional
制弓匠	bowyer
制成	wrought, fiat
制成图表	chart
制成的	wrought
制成筏	raft
制成箔	laminate
制成糖	sugar
制成蓝图	blueprint
制成薄板	laminate
制成表	tabular
制成表的	tabular
制成麦芽糖	maltings
制景人员	decorator
制服	uniform, overwhelm
制桶	cooper
制桶工人	cooper
制欲主义	asceticism
制止	stay
制止器	stopper
制止物	deterrent
制止的	deterrent
制止者	checker
制毛巾的布料	towelling
制毡	felt
制气炉	producer
制片	filmmaking
制盐人	salter
制空权	airpower
制粉	milling
制粒法	granulation
制约性	conditionality
制绳者	roper
制药	pharmaceutical
制药业	pharmacy
制药的	pharmaceutical
制药者	drugmaker
制表	table
制表人	scheduler, lister
制表符	tab
制裁	sanction, crackdown
制订	formulate
制订战略	strategize
制轮器	slipper
制轮楔	linchpin
制造	make
制造业	manufacturing, making
制造业的	manufacturing
制造业者	manufacturer
制造人	manufacturer
制造分裂	divisive
制造分裂的	divisive
制造厂	mill, manufacturer
制造商	manufacturer
制造工艺	workmanship
制造枪械者	gunman
制造物	artefact
制造的	manufactured
制造竹篱笆者	hurdler
制造者	maker, brewer
制酒者	distiller
制门器	doorstop
制陶工人	potter
制陶术	ceramics
制革	curry
制革工人	tanner
制革法	tanning
刷	brush
刷上油漆	painted
刷上油漆的	painted
刷子	brush
刷新	renovation, refresh
刷新屏幕	redraw
刷涂	brushing
券	ticket
刹住	skid
刹车	lock, brake
刹那间	momentary
刹那间的	momentary
刺	stick, pink
刺一般	stinging
刺一般的	stinging
刺人	stinging
刺人的	stinging
刺伤	stab
刺入	stick, penetrate
刺刀	bayonet
刺嘴莺	warbler
刺字刑	branding
刺客	assassin, thug
刺探	espionage
刺棒	prod
刺槐	acacia
刺槐毒素	robin
刺毁脑脊髓	pith
刺激	fan, excitement
刺激剂	irritant
刺激味的	pungent
刺激品	stimulus
刺激器	stimulator
刺激性	thrill, pungent
刺激性的	pungent
刺激感受性	irritability
刺激物	spur, provocative
刺激特	stimulus
刺激的	exciting, irritating
刺激者	stinger
刺激质	stimulator
刺猬	hedgehog
刺痕	puncture
刺痛	smart, bite
刺痛地	smartly
刺痛的	smart
刺眼	glare
刺穿	pierce, penetrate
刺绣	embroider, needlework
刺绣品	embroidery
刺绣样品	sampler
刺绣的	embroidered
刺耳	harsh, strident
刺耳地	harshly, hoarsely
刺耳声	jar, rasp
刺耳的	harsh, strident
刺花纹于	tattoo
刺蛾	slug
刺血针	lancet
刺过	pierced
刺进	lunge
刺通	transfix
刺针	prod
刺青	tattooed
刺骨	bitter
刺骨的	piercing
刻	chisel
刻上	engrave
刻凹槽于	flute
刻凹痕	notch
刻划	score
刻字	lettering
刻度	scale
刻度盘	dial
刻板	precisely, stark
刻板地	precisely
刻板的	stark
刻毒	virulent
刻毒的	virulent
刻痕	score, nick
刻痕于	nick
刻痕者	scorer
刻苦	industrious, assiduous
刻苦地	assiduously
刻苦的	industrious, assiduous
刻薄	tartly
刻薄地	tartly
刽子手	executioner, hangman
剁碎	chop
剁碎的肉	mincemeat
剁碎的食物	hash
剂量	dose
剃	razor, shave
剃刀	razor
削	chip
削下屑片	chip
削下的皮	paring
削价出售	remainder
削减	axe, ax
削减的	abridged
削减费用	retrench
削去	scraping
削发	shaven
削发的	shaven
削尖	nib
削弱	weaken, impairment
削成碎片	chip
削整	whittle
削木头	whittle
削波	clipping
削皮	rind, husk
削者	chipper
前一天晚上	overnight
前任	predecessor
前体	precursor
前例	precedent
前兆	forerunner, omen
前兆的	portentous
前冲	propulsion
前列腺	prostate
前列腺的	prostate
前列腺素	prostaglandin
前卫	halfback
前厅	vestibule, anteroom
前台	foreground
前同步	preamble
前同步信号	preamble
前后关系	connection
前后关系的	contextual
前后矛盾	inconsistent, inconsistency
前后矛盾的	inconsistent
前哨	outpost
前哨基地	outpost
前哨战	skirmish
前哨部队	outpost
前场	frontcourt
前夕	eve
前夜	eve, overnight
前夜的	overnight
前奏	prelude
前导	precursor
前导字符	leader
前庭	vestibule, vestibular
前庭的	vestibular
前情	antecedent
前戏	foreplay
前房	atrium
前房的	atrial
前手翻腾越	handspring
前提	premise
前摄	proactively
前摄地	proactively
前方	frontage
前景	foreground
前滩	foreshore
前灯	headlight, headlamp
前的	anterior
前瞻性	prospectively
前突	protrusion
前线	front
前缀	prefix
前置条件	precondition
前置词	preposition
前者	former
前者的	former
前肢	forefoot
前脚	forefoot, foreleg
前腿	foreleg
前臂	forearm
前装枪	muzzleloader
前装炮	muzzleloader
前言	foreword, preface
前身	predecessor
前辈	elder, predecessor
前进	make
前进的	ongoing, progressive
前述	aforementioned, foregoing
前述的	previous
前途	outlook, lookout
前途有望	likely
前途有望的	likely
前部	forehead
前锋	vanguard
前院	forecourt
前面	front, previous
前面提到过的	aforementioned
前面的	previous
前额	forehead
前额的	prefrontal
剑	sword
剑号	obelisk
剑术	fencing
剑麻	sisal
剔出	winkle
剔除	eliminate, weed
剔骨	bone
剖层	splitting
剖开	sliver
剖析	anatomy
剖腹	paunch
剖腹产	caesarian
剖腹产的	caesarian
剖面	cutaway
剖面图法	profile
剖面法	profile
剖面的	cutaway
剖面线	hatching
剜器	excavator
剥	pare
剥下	denude
剥下的皮	peeling
剥光	unclothed
剥兽皮	flay
剥削	exploitation
剥削的	exploitative
剥削者	exploiter
剥去	shuck, disrobe
剥去的	stripped
剥去皮	peeled
剥去皮的	peeled
剥壳	rind
剥头皮	scalp
剥头皮的人	scalper
剥夺	deprive, deprivation
剥夺人权	proscription
剥夺公权	attainder, proscription
剥夺公民权	disenfranchisement
剥夺官职	deprivation
剥夺律师资格	disbar
剥夺特权	curtail
剥夺资格	disqualification, incapacitate
剥夺选举权	disenfranchisement
剥树皮	bark
剥树皮者	barker
剥波者	skinner
剥皮	skin
剥皮器	stripper
剥皮工人	skinner
剥皮机	barker
剥脱	denude
剥落	scale, shell
剥露	denude
剧作家	playwright
剧变	revulsion
剧场	theatre, theater
剧场的	theatrical
剧增	leap
剧情	gut
剧本	scenario
剧本提纲	scenario
剧本集	playbook
剧毒	virulent
剧毒性	virulence
剧毒的	virulent
剧烈	shrewd, poignant
剧烈地	sharply, acutely
剧烈扭动	thrash, thresh
剧烈摇动	concussion
剧烈的	shrewd, poignant
剧烈的运动	breather
剧烈而突然	stabbing
剧烈而突然的	stabbing
剧照	still
剧痛	anguish, stab
剧院	showplace
剩下	leave
剩下的	uneaten
剩于	excess
剩件	vestige
剩余	remain
剩余物	remainder, remains
剩余的	odd, remainder
剩余误差	residuals
剩货	leftover
剩饭	leftover
剪	snip, shear
剪下物	clipping
剪下的东西	shear
剪下羊毛	fleece
剪刀	scissors
剪刀工人	shearer
剪切块	cutout
剪切机	cutter, shearer
剪切者	shearer
剪取	clipping
剪影	silhouette
剪报	clip
剪断	snip, clipping
剪枝	pruning
剪树枝	poll
剪烛花	snuff
剪短	bob, dock
剪秋罗属植物	campion
剪羊毛	shear
剪羊毛者	shearer
剪落之小树枝	topping
剪裁	clipping
剪贴板	clipboard
剪贴簿	scrapbook
副	ancillary
副业	sideline, byline
副主祭	deacon
副产物	outgrowth
副修	minor
副修科目	minor
副冠	corona
副官	aide, lieutenant
副手	deputy
副族	subgroup
副本	copy, counterpart
副标题	subtitle
副歌	refrain
副甲状腺	parathyroid
副甲状腺的	parathyroid
副的	ancillary
副翼	aileron
副舰长	exec
副词	adverb, adverbial
副词的	adverbial
副部长	undersecretary
割	cut
割伤	cut
割断	segmentation
割断手足	dismember
割浆	tapping
割理	hugger
割破	laceration
割胶	tapping
割草	mow
割草机	lawnmower
割让	cede
割颈	neck
剽窃	steal
剽窃作品	plagiarism
剽窃物	plagiarism
剽窃者	borrower
劈	hack, rip
劈刀	cleaver
劈啪响	crackle
劈啪声	snap
劈开	split, knife
劈开的	split
劈脊	cleaver
劈裂机	splitter
力	power
力劝	urge
力图	endeavour
力学	mechanical
力学的	mechanical
力本说	dynamism
力求节省	scrimp
力量	might, force
劝	persuade
劝告	advice, advise
劝告的	advisory
劝告者	adviser, advisor
劝导	wise
劝导性	persuasive
劝导性的	persuasive
劝服	persuade
劝止	dissuade
劝诫	exhort
劝诱	persuasive
劝诱的	persuasive
劝说	reason
劝阻	dissuade
办事员	clerk
办事处	agency
办公处	bureau
办公室	office
办公桌	desk
办公系统	os
办法	idea, method
办理	transaction
办理实务的人	businesswoman
办错	misconduct
功业	achievement
功利主义	utilitarian, utilitarianism
功利主义的	utilitarian
功利主义者	utilitarian
功劳	desert
功效	efficiency, efficacy
功用	role, utility
功绩	exploit, merit
功能	function, functional
功能主义	functionalism
功能地	functionally
功能失调	dysfunctional
功能失调的	dysfunctional
功能性	functionality
功能的	functional
功能论	functionalism
功课	assignment
功过	deserving
加	plus
加上	plus
加上标题	caption
加上说明	caption
加下划线	underline
加下标次序	is
加了灯饰	illuminated
加了灯饰的	illuminated
加了糖	sugared
加了糖的	sugared
加了蜜	honeyed
加了蜜的	honeyed
加亮	highlight
加亮区	highlight
加仑	gallon
加以浮饰	emboss
加以类别	categorisation
加以顶	top
加以顶饰	crest
加倍	doubly, redouble
加倍努力	doubled
加倍地	doubly
加入	join
加入十字军	crusade
加入工会	unionize
加冕	crown
加冕礼	coronation
加农炮	cannon
加刑	infliction
加利利	galilee
加剧	heat
加劲	staying
加勒特	garrett
加压	pressurised, pressurized
加压力于	stress
加压的	pressurised, pressurized
加厚	thickening
加号	plus
加味于	flavor, flavour
加固	reinforced
加固材料	reinforce
加固的	reinforced
加圆顶	dome
加块状物于	cake
加垫褥	cushion
加填	filling
加墨水	ink
加大	increase
加害	inflict
加宽	widen
加密	encryption, encrypt
加小点于	dot
加尔文	calvin
加工	process
加工单	spec, worksheet
加工成的食品	preserve
加工用钩钓鱼	jig
加工者	processor
加工过	processed
加工过的	processed
加工食品	preserve
加布里埃尔	gabrielle
加座	pedestal
加强	strengthen, emphasis
加强件	reinforcement
加强器	intensive
加强的	intensive
加强证据	corroboration
加强语气	emphasize
加德纳	gardner
加快	accelerated, quicken
加快的	accelerated
加快转速	rev
加快进展	expedited
加拉加斯	caracas
加拿大油菜	canola
加拿大盘羊	bighorn
加文	gavin
加料	feeding
加料机	charger
加斯顿	gaston
加旁注于	margin
加权	weighting
加权的	weighted
加条纹	streak
加来	calais
加果汁的冰水	sorbet
加枷锁	shackle
加标点符号	punctuate
加标签于	ticket
加标题于	title
加水	water
加汁	juice
加沙	gaza
加油于	oil
加油启动	prime
加法	add, addition
加法器	summer
加法的	additive
加泰罗尼亚	catalonia
加深	deepening
加添的	additional
加温	warming
加满	filled
加满的	filled
加热	heat, heating
加热合剂	concoction
加热器	heater
加热地	heatedly
加热工	heater
加热的	heating
加煤	coal
加煤机	stoker
加熔使焦	caramelize
加燃料	fuel
加燃油	oil
加班	overtime
加班地	overtime
加班的	overtime
加的夫	cardiff
加盐于	salt
加盟	league
加私刑	lynch
加穗	fringed
加穗于	fringe
加穗的	fringed
加筋	reinforced
加筋的	reinforced
加箍于	hoop
加糖于	sugar
加紧	hasten
加罪于	charge
加脚镣	fetter
加药	medicate
加菲尔德	garfield
加菲猫	garfield
加蓬	gabon
加蛇麻子于	hop
加蜜使甜	honey
加衬垫	cushioned
加衬里	line
加西亚	garcia
加调味品于	savor, savour
加贴边	welt
加载	upload
加边于	margin
加速	speed, soup
加速剂	accelerator
加速器	accelerator
加速度	acceleration
加速度计	accelerometer
加速的	accelerated
加酸	acidification
加醋于	vinegar
加重	sharpen, aggravate
加重的	aggravated, loaded
加重量于	weight
加重音号于	accent
加铅	leaded
加铅的	leaded
加锁	locking
加长	lengthen, elongated
加障碍于	handicap
加饰边于	fringe
加香料	flavour, spice
劣画	daub
劣等	meanness
劣等品	sleaze
劣等的	shitty
劣等竞赛马	nag
劣货	bastard
动乱	convulsion, ferment
动产	goods
动产继承物	heirloom
动人	touching, engaging
动人地	attractively, engagingly
动人心的	inviting
动人的	touching, engaging
动作	action, movement
动作的	operative
动作迟缓	slug
动力	momentum, dynamic
动力传动系	powertrain
动力传动系统	drivetrain
动力学	dynamics
动力学的	kinetic, dynamical
动力室	powerhouse
动力病原论	dynamism
动力的	dynamical
动力说	dynamism
动原	agent
动向	drift
动员	mobilize, mobilization
动态	dynamic
动态平衡	homeostasis
动态的	dynamic
动态静止	homeostasis
动怜悯之心	relent
动情	emotionality
动感情	emotive
动感情的	emotive
动手干	attack
动手术	operate
动摇	shake
动摇地	disturbingly
动摇的	shaky
动摇的人	oscillator
动机	incentive, motivation
动机不明	unmotivated
动机不明的	unmotivated
动机的形成	motivational
动机说明	motivational
动淫念	lust
动物	animal
动物之鼻口	muzzle
动物内脏	pluck
动物区系	zoology, fauna
动物园	zoo
动物园管理者	zookeeper
动物学	zoology, zoological
动物学家	zoologist
动物学的	zoological
动物的胸肉	brisket
动物的胸部	brisket
动物的返回性	homing
动物群	fauna
动物胶	gelatin, gelatine
动理学	kinetics
动画	animation
动画片似	cartoonish
动画片似的	cartoonish
动的	kinetic
动笔	pen
动能	impetus
动脉	artery
动脉瘤	aneurysm
动脉的	arterial
动脉粥样硬化	atherosclerosis
动脚尖	toe
动荡	turbulence
动荡不定	unsettle
动荡的局面	unrest
动觉的	kinesthetic
动词	verb
动量	momentum, impetus
助产士	midwife
助产学	midwifery
助产术	midwifery
助催化剂	promoter
助动车	moped
助听用	listening
助听用的	listening
助恶者	pander
助成	furtherance
助手	aid, assistant
助教	assistant, tutor
助消化	digestive
助消化的	digestive
助消化药	digestive
助理	assistant
助理人员	lieutenant
助理牧师	curate
助理的	assistant
助记	mnemonic
助记的	mnemonic
助记符	mnemonic
助长	further, encourage
助长的	conducive
助长者	promoter
努力	effort, hard
努力取得	purchase
努力地	hard
努力地工作	fag
努力挖掘	quarry
努力的	arduous, struggling
劫持	hijack
劫持犯	hijacker
劫持者	hijacker
劫掠	foray, robbery
劫掠后的残迹	ravages
劫掠成性者	vulture
劫盗	hijacker, holdup
劫车	carjacking
劲儿	pizzazz
劲头	pep
劲头十足	avid
劲头十足的	avid
劳伦	laurent, lauren
劳伦斯	lawrence, laurence
劳力	exertion
劳动	work, labour
劳动力	workforce
劳动布	denim, dungaree
劳动的	working
劳动者	worker
劳动能力丧失	disability
劳埃德	lloyd
劳工	worker, labourer
劳役	servitude
劳拉	laura
劳氏	lowe
劳瑟住所名称	lowther
劳碌命	worrisome
劳碌命的	worrisome
劳累过度	overworked
劳累过度的	overworked
劳里	laurie
势利	snobbish, snobbery
势利的	snobbish
势利的人	snob
势力	force, influence
势在必行	imperative
势在必行的	imperative
势均力敌	counterbalance
势垒	barrier
勃兰特	brandt
勃朗特	bronte
勃然大怒	furore
勃起	erect
勇士	warrior
勇敢	game
勇敢事迹	heroism
勇敢地	bravely, valiantly
勇敢地面对	brave
勇敢的	game
勇敢的人	valiant, ironside
勇敢者	brave
勇敢行为	gallantry
勇气	courage, nerve
勇猛	intrepid, valor
勇猛的	intrepid
勉励人	encouragingly
勉励人地	encouragingly
勉勉强强	unwillingly
勉强	reluctant, unwilling
勉强允给	begrudge
勉强地	reluctantly, grudgingly
勉强是	hardly
勉强的	reluctant, unwilling
勉强通过	shave
勋章	medal, insignia
勋绩	exploit
勒住	curb
勒住马	rein
勒德洛铸排机	ludlow
勒拿河	lena
勒杀	strangulation
勒死	strangle
勒索	blackmail, extort
勒索的	extortionate
勒索者	wringer
勒紧	tighten
勒颈	stranglehold, strangulation
勒颈窒息	strangulation
勒马绳	curb
勘察	prospect
勘察队	reconnaissance
勘探	prospect
勘探器	explorer
勘探者	prospector
勘查	reconnaissance, perambulation
勘漏	oversight
募兵	conscription
募损者	solicitor
募款	fundraising
募集	recruitment
勤务兵	batman
勤劳	industry
勤劳的	laborious
勤勉	diligent, industrious
勤勉地	diligently, assiduously
勤勉的	diligent, industrious
勤奋	diligence, diligently
勤奋地	diligently, strenuously
勤奋工作	roust
勤学	studious
勤学的	studious
勺子	scoop, ladle
勺皿	casserole
勾住	hookup
勾引	pander, cajole
勾引地	seductively
勾引男子	vamp
勾引者	seducer
勾结	collaboration, collaborate
勾结者	collaborator
勿容置疑	impeccable
勿容置疑的	impeccable
匀整	regularity
匀称	neat, symmetry
匀称地	neatly, symmetrically
匀称的	neat, symmetrical
包	package, fold
包上外壳	encrust
包以尸衣	shroud
包住	include
包含	contain
包含的	inclusive
包含的东西	implicate
包囊	cyst
包围	around
包围的	beleaguered
包埋	entrapment, imbed
包埋料	investment
包埋法	investment
包容性	inclusiveness
包封	envelop
包层	cladding
包层金属	clad
包层金属的	clad
包庇者	concealer
包扎	bundle
包抄	outflank
包括	include, involve
包括一切	comprehensively
包括一切地	comprehensively
包括在内	included
包括地	comprehensively
包括多党	multiparty
包括多党的	multiparty
包括的	inclusive
包皮	foreskin
包皮环切术	circumcision
包皮环割术	circumcision
包盖	case
包罗万象	umbrella
包罗万象的	umbrella
包著的	coated
包藏	occlusion
包袋	envelope
包装	package, wrap
包装业	packaging
包装工人	packer
包装术	packaging
包装机	packer
包装物	wrapper
包装者	wrapper
包装货物	pack
包装过	packaged
包装过的	packaged
包裹	package, pack
包裹料	wrapper
包裹物	wrap
包裹者	wrapper
包起来	wrap
包进	enfold
包锡	tinned
包锡的	tinned
包革金属棍棒	blackjack
包马口铁	tinned
包马口铁的	tinned
匆促	rush
匆匆	hasty
匆匆做成的事	quickie
匆匆忙忙	cursory
匆匆忙忙的	cursory
匆匆的	hasty
匆忙	hurry, haste
匆忙地	hastily, hurriedly
匆忙地做	rush
匆忙的	rash
匆忙离开	bundle
匍匐	grovel
匍匐前进	belly
匍匐生根	repent
匍匐生根的	repent
匍匐而行	crawl
匐犬	skye
匕首	knife, dagger
化为粉末	dust
化合	compound
化合价	valence
化合物	compound
化合的	compound
化名	alias, anonymously
化名地	anonymously
化妆	dressing
化妆台	dresser
化妆品	makeup, cosmetic
化妆墨	kohl
化妆水	toning
化妆用	cosmetic
化妆用具	toiletry
化妆用品	toiletry
化妆用的	cosmetic
化妆美容	makeover
化学	chemical, chemistry
化学上用	chemical
化学上用的	chemical
化学家	chemist
化学工作者	chemist
化学师	chemist
化学烫	perm
化学烫的头发	perm
化学疗法	chemotherapy
化学的	chemical
化学药品	chemical
化学过程	chemistry
化工厂	laboratory
化油器	carburetor
化生	metaplasia
化疗	chemo
化石	fossil
化石学家	palaeontologist
化石的	fossil
化粪池	cesspool
化脓	maturation, rankle
化装	mask
化装外衣	domino
化装舞会	masquerade
化身	pink, embodiment
化身的	incarnate
化铁炉	cupola
化验	test
化验员	analyst
化验室	laboratory
北	northward, boreal
北方	northern
北方人	northern
北方的	northern
北极	arctic
北极圈	arctic
北极的	arctic
北极雁	barnacle
北梭鱼	bonefish
北的	boreal
北美山茱萸	dogwood
北美驯鹿	caribou
北美黄鹂鸟	firebird
北行	northbound
北行的	northbound
匙	spoon
匙形工具	spoon
匙突	spatula
匠人	artisan
匣子	casket
匪巢	den
匹敌	equal, peer
匹萨饼店	pizzeria
匹配	matching, yoke
区	region, band
区会	presbytery
区分	differentiate, partition
区分的	divisive
区分者	separator
区别	distinction, distinguish
区别地	distinctively, differentially
区别得出	distinguishable
区别得出的	distinguishable
区别性	discriminating
区别性的	discriminating
区域	area
区段	section
区的	regional
区组	granule
医务室	infirmary
医务所	infirmary
医学	medical, medicine
医学的	medical
医师	physician
医得好	curable
医得好的	curable
医术	medically
医治	dose
医治的	medicinal
医治者	healer
医生	doctor, medical
医疗	medically
医疗保健	healthcare
医疗保健业	medicaid
医疗差错	malpractice
医疗照顾方案	medicare
医疗照顾项目	medicare
医疗补助方案	medicaid
医疗补助项目	medicaid
医科学生	medic
医精神病	psychiatric
医精神病的	psychiatric
医脚	pedicure
医药	medication
医药的	medicinal
医院	hospital
医院收容	hospitalization
匾	plaque
匿名	anonymity
匿名信件	anonymity
匿名的	nameless, faceless
匿名者	incognito
匿报	concealment
匿身处	stowaway
十	decade
十万	lac
十二个	dozen
十二宫图	zodiacal
十二指肠	duodenal
十二指肠的	duodenal
十亿分之一伏	nv
十亿分之一瓦	nw
十亿电伏	bev
十倍	tenfold
十倍地	tenfold
十倍的	tenfold
十六进制	hex
十分	quite, full
十分之一	tithe, tenths
十分地	completely, fully
十分安全	foolproof
十分安全的	foolproof
十分的	thorough
十分简单	foolproof
十分简单的	foolproof
十四行诗	sonnet
十字	crux, crossed
十字军东侵	crusade
十字军战士	crusader
十字准线	crosshair
十字形	crisscross
十字形向	crosswise
十字形地	crisscross
十字形的	crucial, crisscross
十字架	cross
十字架上钉死	crucify
十字架形	crux
十字架形物件	cross
十字的	crossed
十字路口	crossroads, intersection
十字转门	turnstile
十年	decade
十美元纸币	tenner
十英镑	tenner
十英镑纸币	tenner
十足	very
十足的	very
十进位	decimal
十进位的	decimal
十进制	decimal
十重	tenfold
十重地	tenfold
十重的	tenfold
十项运动	decathlon
千	kilo
千万富翁	multimillionaire
千兆字节	gigabyte
千克	kilogram, kg
千分之一	thousandth
千分之一的	thousandth
千分之一英寸	mil
千变万化	protean, kaleidoscopic
千变万化的	protean, kaleidoscopic
千周	kc
千安培	ka
千年	millenium
千年庆典	millennia
千年期	millennia
千斤顶	jack
千瓦	kilowatt
千真万确	flagrantly
千真万确地	flagrantly
千福年	millennial
千福年的	millennial
千禧年	millennium
千篇一律	sameness
千米	kilometre, km
千赫	kc
千鸟	plover
升	litre
升于桅顶	masthead
升任	preferment
升华	sublimate
升华作用	sublimation
升华制剂	flores
升空	airborne
升空的	airborne
升级	remove
升起	raise, rise
升起的	risen
升降机	elevator
升降杆	lifter
升降阶梯	escalator
升高	lift
午休	siesta
午后	afternoon
午夜	midnight
午夜的	midnight
午宴	luncheon
午睡	siesta
午餐	lunch
午餐会	luncheon
午餐时间	lunchtime
午餐柜	coffeepot
半	semi
半人马座	centaur
半决赛	semifinal
半升音调	sharp
半圆	semicircular
半圆型锤	fuller
半圆形	semicircle
半圆的	semicircular
半圆酥饼	turnover
半场	half
半夜	midnight
半夜的	midnight
半字节	nibble
半官方机构	quango
半导体	semiconductor
半岛	peninsula
半岛的	peninsular
半开	ajar
半开的	ajar
半影	penumbra
半径	radius
半成品	raw
半方	en
半月形刀	scimitar
半熟	doughy
半熟的	doughy
半环形的	semicircular
半球	hemisphere
半球形的	hemispheric
半生熟	medium
半生熟的	medium
半神半人	demigod
半路	halfway
半路地	halfway
半身像	portrait, bust
半边臀部	buttock
半透明	translucent
半透明的	translucent
华丽	magnificent, superb
华丽地	gaily, nobly
华丽大厦	palace
华丽的	magnificent, superb
华丽而俗气	snazzy
华丽而俗气的	snazzy
华夫饼干	waffle
华尔兹舞	waltz
华尔兹舞的	waltz
华服美饰	panoply
华氏温度计	fahrenheit
华氏温度计的	fahrenheit
华沙	warsaw
华滋华斯	wordsworth
华美	colorful
华美地	gorgeously
华美的	colorful
华而不实	purple, gaudy
华而不实的	purple, gaudy
华莱士	wallace
协会	association
协会的	associational
协作	team
协作的	collaborative
协力	concert, cooperation
协力的	concerted
协助	assistance, assist
协助者	collaborator
协变量	covariate
协同	synergy
协同作业	teamwork
协同作用	synergy
协同操作	cooperating
协同的	synergistic
协同菌	accomplice
协商	understanding, confer
协商会	conference
协商者	negotiator
协奏曲	concerto
协定	deal, convention
协定的	concerted
协方差	covariance
协议	agreement
协议的	consultative
协议的签署者	signatory
协调	sort
协调器	coordinator
协调工作	teamwork
协调的	matching, congenial
协调的结合	orchestration
协调者	coordinator
卑下	lowly
卑下的	lowly, vulgar
卑劣	despicable, underhanded
卑劣人	lowlife
卑劣地迎合	pander
卑劣的	despicable, underhanded
卑尔根市	bergen
卑屈	servile
卑屈的	servile
卑微	menial, sneaky
卑微的	menial, sneaky
卑怯的人	dastardly
卑贱	mean
卑贱地	humbly
卑贱的	mean
卑躬屈膝	grovel
卑鄙	base
卑鄙的	base
卑鄙的人	rat, insect
卑鄙的家伙	swine
卑鄙的男人	cad
卓别林	chaplin
卓绝	transcendence
卓著	distinguished
卓著的	distinguished
卓越	prominent, brilliance
卓越地	preeminently
卓越的	prominent
卓越的人	transcendent
单一	single
单一农作物	monoculture
单一化	simplify, simplification
单一性	oneness
单一栽培	monoculture
单一的	single
单不饱和	monounsaturated
单不饱和的	monounsaturated
单丝	monofilament, filament
单人牢房	icebox
单人纸牌戏	solitaire
单位	unit
单位的	unit
单体	monomer
单作	monoculture
单侧地	unilaterally
单侧的	unilateral
单元	cell, unit
单元常数	unit
单元的	unit
单克隆	monoclonal
单克隆的	monoclonal
单原型	monarch
单向性	unidirectional
单向性的	unidirectional
单向的	unidirectional
单声道	mono
单声道的	mono
单孢体	monad
单宁	tannin
单打	single
单数	singular
单方面	unilateral
单方面政策	unilateralism
单方面的	unilateral
单方面裁军	unilateralism
单极	unipolar
单极性的	unipolar
单极的	unipolar
单桅小帆船	tartan
单桅帆船	sloop
单片	monolithic
单独	alone, separate
单独地	solely
单独的	alone, separate
单独表演	solo
单程	single
单程的	single
单程票	single
单簧管	clarinet
单纯	simplicity
单纯化	simplification
单纯的	unsophisticated
单脚跳	hop
单色	monochromatic, monochrome
单色画	monochrome
单色的	monochromatic, monochrome
单角的	unicorn
单调	flat
单调乏味	tedium
单调乏味的	plodding
单调地唱	singsong
单调无味	singsong
单调的	flat
单调的歌	singsong
单足跳者	hopper
单身	single
单身地	singly
单身汉	bachelor, bach
单身的	single
单轨架空道	runway
单轨梁	monorail
单轨铁路	monorail
单轴	monad
单边	unilateral
单边的	unilateral
单配	monogamy
单音节	monosyllabic
单音节的	monosyllabic
单频	monochromatic
单频的	monochromatic
卖	sell
卖主	vendor
卖弄	hotdog, splurge
卖弄学问	pedantic
卖弄学问的	pedantic
卖弄知识的人	highbrow
卖弄风情	kitten
卖弄风骚的人	flirt
卖方	seller
卖淫	prostitution, prostitute
卖淫的	prostitute
卖的	selling
卖盐人	salter
卖盘	selling
卖艺人	busker
南	south
南北战争前	antebellum
南北战争前的	antebellum
南安普敦	southampton
南斯拉夫	yugoslav
南斯拉夫人	yugoslav
南斯拉夫人的	yugoslav
南斯拉夫的	yugoslav
南方	south
南方人	southern
南极	antarctic
南极地区	antarctic
南极地带	antarctic
南极地带的	antarctic
南极的	antarctic
南森	nathan
南瓜	pumpkin
南瓜属植物	squash
南的	south
南美披风	poncho
南美犰狳	armadillo
南美草原	campo
南美蜂岛	topaz
南风	southerly
博世	bosch
博伊德	boyd
博动	throb
博取	angle
博士	doctor
博士后	postdoctoral
博士后的	postdoctoral
博士头衔	doctorate
博士的	doctoral
博学	erudite, erudition
博学的	erudite
博学的印度人	pundit
博学者	erudite, mage
博客	blog
博客世界	blogosphere
博客使用者	blogger
博弈者	gamer
博得	earn
博文	bowen
博普爵士乐	bebop
博比	bobbie
博爱	charity, humanity
博爱主义	humanitarianism
博爱主义者	philanthropist
博爱的	humanitarian, philanthropic
博爱者	humanitarian
博物馆	museum
博茨瓦纳	botswana
博蒙特	beaumont
博蒙特镇	beaumont
博顿	bottome
卜卦	divination
占	occupy
占主导地位	predominant, predominate
占主导地位的	predominant
占优势	dominant, dominate
占优势的	dominant
占优势的人	superior
占先	anticipate
占先一步	forestall
占卜	auspice, divination
占卜官	augur
占卜者	druid, soothsayer
占地位	spatial
占地位的	spatial
占据	inhabit, occupy
占据者	tenant
占星学	astrology, astrological
占星学的	astrological
占星家	astrologer
占星师	stargazer
占星术	astrology
占星术的	astrological
占有	possess, possession
占有宅地的人	homesteader
占有期	occupation
占有权	tenure
占有物	holding
占有的	possessive
占有者	occupant
占用	appropriate, occupation
占用者	occupant, occupier
占统治地位	dominated
占统治地位的	dominated
占领	occupy
卡	card
卡丽	carrie
卡他	catarrh
卡伊	kai
卡其服装	khakis
卡其色	khaki
卡其色军服	khaki
卡其色的	khaki
卡其裤	khakis
卡其黄	khakis
卡内基	carnegie
卡夫卡	kafka
卡姆登	camden
卡宾枪	carbine
卡尔	karl
卡尔加里	calgary
卡尔弗特	calvert
卡尔文	calvin
卡尔森	carson
卡尔顿	carlton
卡巴莱	cabaret
卡恩	kahn
卡拉	cara, carla
卡拉夫瓶	carafe
卡拉梅尔糖	caramel
卡斯特罗	fidel
卡普里岛	capri
卡普里酒	capri
卡曾斯	cousins
卡比	kirby
卡法根	kava
卡洛	carlo
卡洛斯	carlos
卡洛琳	carolyn
卡片	card
卡片箱	magazine
卡特尔	cartel
卡瓦胡椒	kava
卡瓦酒	kava
卡的	caloric
卡米尔	camille
卡纸	carton
卡纸板	cardboard
卡罗尔	carole
卡莱尔	carlisle
卡莱斯牌汽车	calais
卡蒂	katie
卡西诺牌戏	casino
卡西诺赌场	casino
卡路里	calorie
卡车	truck, lorry
卡车驾驶员	trucker, teamster
卡通画	cartoon
卡里	cary
卡钳	caliper
卡门	carmen
卢	lou
卢克	luke
卢克索	luxor
卢卡	luca
卢卡斯	lucas
卢娜	luna
卢布	rouble
卢旺达	rwanda
卢旺达语	rwanda
卢森堡	luxembourg
卢森堡公国	luxembourg
卢比	rupee
卢牌戏	loo
卢瑟	luther
卢萨卡	lusaka
卤化烷	halon
卤氮化合物	amine
卤素	halogen
卧室	bedroom
卧室兼起居室	bedsit
卧房	bedchamber
卧榻	couch
卧车包房	compartment
卧铺	berth, sleeper
卧铺单间	bedroomed
卫兵	lifeguard, guardsman
卫生	health
卫生保健	hygiene, healthcare
卫生处理	sanitize
卫生学	hygiene, hygienic
卫生学家	hygienist
卫生学的	hygienic
卫生学者	hygienist
卫生的	healthy, sanitary
卫生设备	sanitation
卫道者	paladin
印	stamp, impress
印凹痕	indent
印出	printout
印出的文字	typeface
印刷	print, printed
印刷上	typographical
印刷上的	typographical
印刷工	printer
印刷术	printing
印刷版面式样	typography
印刷物	print
印刷的	printed
印刷错误	literal
印加	inca
印加人	inca
印地赛车	indy
印好	printed
印好的	printed
印字	lettering
印度	nan
印度地方	indies
印度香米	basmati
印模	impression
印水印于	watermark
印章	seal
印第安人村庄	pueblo
印色盒	pad
印花	printing
印花样	printed
印花样的	printed
印花棉布	calico
印记	impress, imprint
印象	impression, impress
印象主义	impressionistic, impressionism
印象主义的	impressionistic
印象主义者	impressionist
印象派	impressionistic, impressionism
印象派作家	impressionist
印象派的	impressionistic
印象深刻	impressed
印象深刻的	impressed
印迹	footprint
危及	endanger, peril
危及治安的	seditious
危害	hurt, compromise
危害的	dangerous
危岩	crag
危急	desperate
危急的	desperate
危机	crisis
危机四伏	perilously
危机四伏地	perilously
危言耸听	sensationalism
危象	crisis
危象的	critical
危迫	imminence
危险	risk, danger
危险地	threateningly, uncannily
危险地区	flashpoint
危险处境	jeopardy
危险期	crisis
危险物	danger
危险状态	quicksand
危险的	dangerous, critical
危难	jeopardy
即	namely
即位	accession
即兴	improvised, improvisational
即兴创作者	improviser
即兴曲	impromptu
即兴的	improvised, improvisational
即兴而作	improvisation
即刻	instantly, swiftly
即刻地	instantly
即将出现	upcoming
即将出现的	upcoming
即将到来	oncoming
即将到来的	oncoming
即将发作	simmer
即将发生	impending
即将发生的	impending
即将来临	toward
即将来临的	toward
即将离职	outgoing
即将离职的	outgoing
即席	impromptu, unprepared
即席伴奏	vamp
即席作品	improvisation
即席创作	improvise
即席地	offhand, offhandedly
即席演出	impromptu
即席演奏	improvisation
即席的	impromptu, unprepared
即时	instant, instantaneous
即时地	offhand
即时的	instant, instantaneous
卵	egg, spawn
卵子	ovum, ova
卵巢	ovary, ovarian
卵巢的	ovarian
卵形	oval
卵形的	oval
卵形装饰	ovum
卵泡	follicle
卵细胞	ova
卵黄	yolk
卷	roll, volume
卷上	wraparound
卷上的	wraparound
卷入	involvement, engulf
卷入的	entangled
卷动	scrolling
卷发	perm
卷发夹子	curler
卷发的人	curler
卷回	rollback
卷头插画	frontispiece
卷宗	dossier
卷心菜	cabbage
卷数多	voluminous
卷数多的	voluminous
卷曲	wind
卷曲的	crispy, frizzy
卷毛	curly
卷毛的	curly
卷笔刀	sharpener
卷线轴	bobbin
卷绕	winding
卷绕的	winding
卷走	whirl
卷起	tuck
卷轴	reel, scroll
卷边	hemming
卷过	lick
卷须	tendril, cirrus
卷须状物	tendril
卸	unload
卸下	discharge
卸任	past
卸任的	past
卸在码头上	wharf
卸货	discharge, unload
卸载	download, unload
卸除卷	dismount
厂主	miller
厂商	manufacturer
厄休拉	ursula
厄尔	ell
厄普顿	upton
厄运	doom
历书	almanac
历劫孤星	kidnapped
历史	history
历史上	historical, historically
历史上地	historically
历史上的	historical
历史上著名	historic
历史上著名的	historic
历史之编纂	historiography
历史以前	prehistoric
历史以前的	prehistoric
历史学家	historian
历史性的	historical
历史无关	ahistorical
历史无关的	ahistorical
历史的	historical
历史相对论	historicism
历史背景	prehistory
历史记录	history
历史记载	ahistorical
历史记载的	ahistorical
历时	diachronic
历时的	diachronic
历时音系学	phonology
历程	mechanism
厉声说出	rap
厉声说话	snappy
厉声说话的	snappy
厉声说话的人	snapper
厉害	sharply, fiercely
厉害地	sharply, fiercely
厉害的	grisly, redoubtable
厉行	enforcement
厉行纪律的人	disciplinarian
压	pressure, press
压下	depressive
压下的	depressive
压书具	bookend
压伤	dented
压低	depress, depression
压低的	depressed
压住	pin
压倒	overtake
压倒性	overwhelming, overwhelmingly
压倒性地	overwhelmingly
压倒性的	overwhelming
压倒的	overbearing, crushing
压出	extrude
压制	quell, squash
压制他人者	tyrant
压制性	oppressive
压制性的	oppressive
压制者	strangler, oppressor
压制自由	stranglehold
压制言论自由	gag
压力	stress
压印	emboss
压土机	compactor
压坚实	packed
压坚实的	packed
压实	compacted
压实的	compacted
压扁	squash
压扁的	squashed
压抑	repressive, repression
压抑的	repressive, depressive
压挤	bear
压杆	strut
压植	layer
压榨	press, squeeze
压榨机	mill
压焊	bonding
压皱	crumple
压破	crush
压碎	crush, crunch
压碎机	runner
压碎的	crushed, squashed
压碎的一堆	squelch
压碎的东西	squash
压紧	impact
压紧的	compacted
压纸器	paperweight
压纸物	paperweight
压缩	pocket, compression
压缩性的	compressive
压缩机	compressor
压缩物	compressor
压缩的	pocket
压缩程序	compress
压肌	compressor
压胶	taped
压脉器	tourniquet
压舌片	spatula
压舱物	ballast
压舱货	ballast
压路机	roller
压载物	ballast
压迫	weight, ride
压迫手段	oppression
压迫的	oppressive
压迫者	oppressor
压迹	impression
厌世	pessimistic
厌世的	pessimistic
厌世者	pessimist
厌倦	tired, tire
厌倦享乐	blase
厌倦享乐的	blase
厌倦地	wearily
厌倦的	tired, weary
厌女症	misogyny
厌恶	hate, disgust
厌恶女人	misogyny
厌恶女人的	misogynistic
厌恶女人的人	misogynist
厌恶的	disgusted, irksome
厌氧	anaerobic
厌氧的	anaerobic
厌烦	boredom, sour
厌烦的	disgusted, cloying
厌腻	satiate
厌腻的	satiate
厌食	anorexia, anorexic
厌食的	anorexic
厕所	john
厘米	centimetre, centimeter
厚	thick
厚厚地涂	slather
厚呢大衣	dreadnought
厚地	thick
厚大衣	greatcoat
厚实	massively
厚实斜纹织物	lasting
厚度	thickness, ply
厚木板	plank
厚浆涂料	mastic
厚片	slab
厚的	thick
厚的奶油酥饼	shortcake
厚脸无耻	unashamed
厚脸无耻的	unashamed
厚脸皮	brassy, cheekily
厚脸皮地	cheekily
厚脸皮地对待	brazen
厚脸皮的	brassy
厚颜	cheek
厚颜无耻	brazen, unashamedly
厚颜无耻地	brazenly
厚颜无耻的	brazen, impudent
厚颜的	cheeky
原产的	indigenous
原作	original
原作者	authorship
原则	principle
原则性	principled
原则性的	principled
原则的	principled
原创造者	authorship
原动力	motor
原发	idiopathic
原发的	idiopathic
原告	plaintiff, prosecutor
原告的	prosecutorial
原因	why, cause
原因作用	causation
原因的	causal
原因的说明	aetiology
原因论	aetiology
原图	artwork
原型	prototype, archetype
原型的	archetypal, prototypical
原基	rudiment
原基的	rudimentary
原始	original, primitive
原始主义	primitivism
原始人	primitive, savage
原始帐	blotter
原始状态	savagery
原始的	original, primitive
原始的风格	primitivism
原始资料组	grandfather
原子	atom, atomic
原子价	valence
原子内	subatomic
原子内的	subatomic
原子尘	fallout
原子尘的降下	fallout
原子核	nucleus
原子的	atomic
原子能	nuclear
原子能的	nuclear
原子论	atomistic
原子论的	atomistic
原封不动	intact
原封不动的	intact
原文	textual
原文如此	sic
原文的	textual
原料	stuff
原有	intrinsic
原有的	intrinsic
原本	progenitor
原来	originally
原来存在的	unborn
原来的	pristine
原汁清汤	broth
原点	origin
原煤	brat
原物	original
原理	principle, theory
原生动物	protozoan
原生动物的	protozoan
原生质	plasma
原稿	manuscript
原纤维形成	fibrillation
原纱染色	ingrain
原纱染色的	ingrain
原色	primary
原色的	unbleached
原虫	protozoan
原话片段	soundbite
原语	primitive
原谅	excuse, forgive
原起诉人	plaintiff
原音	fundamental
原音的	fundamental
厨	hutch
厨子	cook
厨师	cook, chef
厨房	kitchen
厨房的	culinary
厩	stall
去	go
去不掉	indelibly
去世	exit
去势	emasculated
去势的	emasculated
去势的人	gelding
去壳	shell, hull
去壳的	shelled
去年	yesteryear
去掉梗	stemmed
去掉梗的	stemmed
去掉茎	stemmed
去掉茎的	stemmed
去掉骨头	boned
去掉骨头的	boned
去核	pitted
去核的	pitted
去毒	detoxify
去水	dehydrate
去漆药水	stripper
去生殖腺者	castrate
去甲肾上腺素	norepinephrine
去皮	flay
去皮机	barker
去盐	desalination
去睾者	eunuch
去稳定作用	destabilization
去籽	seeded
去籽的	seeded
去纤颤器	defibrillator
去野餐	picnic
去除内脏	gill
去除覆盖物	dismantle
去雄蕊	castration
去鳞	scaling
县	county
县治安官	sheriff
县长	prefect
县长的职权	prefecture
参与	share, concerned
参与的	concerned, participant
参与者	participant
参事	counselor
参军	enroll
参加	join, attend
参加会议者	conferee
参加体育运动	sport
参加化装舞会	masquerade
参加宴会	feast
参加比赛	tourney
参加活动	campaigning
参加的	participant
参加礼拜	worship
参加礼拜者	worshiper
参加社交活动	socialize, socialise
参加竞选	campaigning
参加者	participant
参加赛跑的人	starter
参加轮唱	troll
参加运动	campaign
参加面试	interviewing
参变数	parameter
参变量	parameter
参孙	samson
参差	staggering
参差不齐	ragged
参差不齐的	ragged
参战者	combatant
参政权	suffrage
参数	argument, parameter
参数的	parametric
参照	reference
参照标准	framework
参照的	referential
参考	reference
参考书目	bibliography
参考的	referential
参股	participation
参观	see
参观者	visitor
参议员	senator
参议员的	senatorial
参议员的职位	toga
参议院	senate
参议院的	senatorial
参谋	staff
参谋的	staff
参赛	run
参赛者	contender
参量	parameter
参量的	parametric
又	again
又一个	another
又哭又闹	blubber
又短又秃	stubby
又短又秃的	stubby
又苦又甜	bittersweet
又苦又甜的	bittersweet
叉	gig
叉子	fork
叉式升降机	forklift
叉状	forked
叉状分枝	dichotomous
叉状分枝的	dichotomous
叉状物	fork
叉状的	forked
叉的	forked
叉角羚	pronghorn
叉起	fork
叉骨	wishbone
叉鱼	gig
及其他	etc
及时	timely
及时地	timely
及时性	timeliness
及时的	timely
及物	transitive
及物动词	transitive
及物的	transitive
友人	friend
友伴	company
友善	friendly, friendship
友善地	friendly
友善的	amicable, affable
友好	friendly, neighbor
友好地	pleasantly
友好的	friendly
友情	camaraderie
友爱	friendship, fraternity
友爱的	fraternal
友谊	friendship
双	dual
双亲的	parental
双体船	catamaran
双倍	doubling
双偶性	duality
双光眼镜	bifocals
双关的	equivocal
双关语	pun, quibble
双叉	bifurcation
双向	bilaterally
双向地	bilaterally
双向的	bidirectional
双向飞碟	skeet
双周刊	biweekly, fortnightly
双唇展开	spread
双唇展开的	spread
双地	doubly
双壳类	mussels
双壳类动物	bivalve
双孔镖鲈	coldwater
双工操作	duplex
双工的	duplex
双态	bifurcation
双折	duplication
双排直插封装	dip
双数	dual
双方	bilateral
双方的	bilateral
双曲线	hyperbolic
双曲线的	hyperbolic
双极	bipolar
双极性	bipolar
双极的	bipolar
双桅捕鲭渔船	buss
双生子	gemini
双畸胎	duplicity
双的	dual
双目镜	binoculars
双眼的	binocular
双筒镜	binoculars
双簧管	oboe
双翼飞机	biplane
双耕犁	lister
双联	duplex
双联的	duplex
双肩背包	backpack
双胎	gemini
双胞胎	twin
双胞胎中一人	twin
双胞胎的	twin
双语	bilingual
双语的	bilingual
双车头火车	doubleheader
双边	bilateral
双边的	bilateral
双重	double, dual
双重地	doubly
双重性	dualism
双重的	double, dual
双面可用织物	reversible
反主流文化	counterculture, countercultural
反主流文化的	countercultural
反作用	reaction
反作用过强	overreact
反光	gleam, reflectively
反光地	reflectively
反光灯	spotlight
反光镜	reflector
反冲	kick
反击	retort, counterattack
反刍	ruminate, rumination
反判的	rebellious
反动	reaction
反动主义	reactionary
反动主义的	reactionary
反动分子	reactionary
反动的	reactionary, retroactive
反协同剂	antagonist
反叛	rebellion
反叛者	rebel
反向	reverse, inverse
反向的	reverse, inverted
反响	repercussion, resonance
反响的	resonant
反唇相讥	recrimination
反嚼	rumination
反复	repeat
反复体	iterative
反复告诉	ding
反复告诫	ding
反复地做	reiterate
反复地说	reiterate
反复循环器	recycler
反复性	repetitive
反复性的	repetitive
反复无常	capricious, whimsical
反复无常的	capricious, whimsical
反复灌输	ram, inculcate
反复的	perennial, iterative
反复研究	thresh
反复考虑	revolve
反复说的话	iteration
反季节	unseasonably
反季节地	unseasonably
反对	against
反对地	contra, unfavourably
反对基督者	antichrist
反对奴隶制	antislavery
反对手段	countermeasure
反对改革	reactionary
反对改革的	reactionary
反对独立者	loyalist
反对的	opponent, opposed
反对者	opponent, foe
反对论者	anti
反射	reflect, glass
反射光	reflex
反射器	reflector
反射扩音器	megaphone
反射本领	reflectance
反射比	reflectance
反射物	reflector
反射率	reflectivity
反射的	respondent, reflective
反射镜	reflector
反常	abnormal, preposterous
反常事物	anomaly
反常的	abnormal, preposterous
反应	response, reaction
反应器	reactor
反应堆	reactor
反应式	equation
反应性	reactivity
反应物	actor
反应的	reactive
反应者	reactor
反应过度	overreact
反应迟钝	unresponsive
反应迟钝的	unresponsive
反应迟钝的人	hick
反应釜	reactor
反应锅	reactor
反弹	rebound
反恐怖主义	antiterrorism
反情报	counterintelligence
反感	allergy, revolt
反感的	aversive
反战论	pacifism
反战论者	pacifist
反手击球	backstroke
反手抽击	backhand
反扑	kickback
反抗	kick, resistance
反抗手段	countermeasure
反抗的	rebel, resistant
反抗者	resistant, recalcitrant
反控	recrimination
反措施	countermeasure
反撞	backlash
反攻	react
反方向	counter
反方向地	counter
反方向的	counter
反时针方向	counterclockwise
反时针方向的	counterclockwise
反映	image, reflect
反映的	reflective
反暴动	counterinsurgency
反正统文化	countercultural
反正统文化的	countercultural
反流	backwash
反演	inversion
反照现象	echoing
反物质	antimatter
反生产	counterproductive
反生产的	counterproductive
反白	inverse
反的	inversely
反目	quarrel
反相器	complement, inverter
反省	meditate, introspection
反社会的	antisocial
反社会的人	sociopath
反社会者	sociopath
反索赔	counterclaim
反绕	rewind
反而	instead
反胃	nausea
反色	inverse
反覆地做	reiterate
反论	paradoxically
反诉	counterclaim, recrimination
反话	ironic
反话的	ironic
反语	irony
反责	recrimination
反跳	bounce
反身代词	reflexive
反身动词	reflexive
反身地	reflexively
反转	reversal, rev
反面	reverse, con
反面地	con
反面的	reverse
反革命	counterrevolution
反馈	feedback
反驳	answer, contradiction
反驳的	contradictory
反驳的证据	refutation
发	hair
发亮	shine, lighten
发亮物	shiner
发低哼声	hum
发低沉的声音	muffle
发作	fit
发作地	fitfully
发信	originating
发信号	signal
发假誓	perjure
发光	shine, shiny
发光二极管	led
发光体	luminary
发光地	aglow
发光球体	photosphere
发光的	shiny, luminous
发冷光	luminescent, luminescence
发冷光的	luminescent
发出	shoot, emit
发出光泽	sheen
发出刺耳声	jangle
发出吐唾沫声	splutter
发出哔哔声	bleep
发出哗啦声	clatter
发出喉音	pur, purr
发出嗡嗡声	buzz
发出嘎嚓声	chug
发出嘘声	hiss
发出嘘声赶	shoo
发出嘶嘶声	sizzle
发出声音	utter
发出声音的	sounding
发出尖叫声	squeal, screaming
发出尖叫声的	screaming
发出尖声	screech
发出当当声	clang
发出当的一声	tang
发出拍击声	smack
发出撞击声	smashing
发出撞击声的	smashing
发出气味	scent
发出沉闷声	clunk
发出沙沙声	rustle
发出爆裂声	crack
发出磷光	phosphorescent
发出磷光的	phosphorescent
发出臭味	funk
发出警告	warn
发出辗轧声	creak
发出重击声	thumping
发出重击声的	thumping
发出闪光之物	flasher
发出音	pronounced
发出音的	pronounced
发出颤音	trill
发出鼻音说	snuffle
发刮擦声	scratch
发刷	hairbrush
发刺耳声	jar
发劈啪声	crackle, sputter
发动	start
发动攻击	assault
发动机	engine, motor
发动机的	motor
发叮叮声	ting
发叮当声	clink, clank
发呆	bemused, fatuous
发呆的	bemused, fatuous
发呜呜声	whine
发呼呼声	hoop
发咝咝声	sizzling
发哞声	moo
发哼声	hem
发啧啧声	tut
发啪啪声	poop
发啸声的东西	whistler
发嗖嗖声	swish
发嗡嗡声	humming
发嗡嗡声的	humming
发嘘嘘声	whistle
发嘘声	catcall
发嘶嘶声	hiss, fizzle
发嘶嘶声表示	hiss
发回声	echo
发型	hairstyle
发型师	hairstylist
发声	utterance
发射	shot, shooting
发射体	projectile, emitter
发射信号	transmit
发射台	launcher
发射器	thrower
发射学	ballistics
发射机应答器	transponder
发射极	emitter
发射火药	propellant
发射物	missile
发射的	projectile
发射者	launcher
发尖啸声	zing
发尖声	shriek
发展	development, develop
发展不充分	underdevelopment
发展中	developing
发展中的	developing
发展性	expansionary
发展性的	expansionary
发展的	developmental
发工资	payoff
发工资日	payday
发巨响	bang
发布	release, publication
发布人	issuer
发布命令	decree
发广告	advertising
发式	haircut, hairdo
发微光	glimmer, shimmering
发怒	anger, steam
发怒的	irate
发恶臭	stench, stinky
发恶臭的	stinky, stinking
发情	rut
发愁	anxious
发愁的	anxious
发愁的人	worrier
发扑通声	plunk
发抖	shake
发抖的	tremulous
发报机	sender
发拨弦声	twang
发挥	exert, elaborate
发掘	dig, excavation
发放救济	dole
发散	breathe
发散机	transmitter
发散的	diverging
发敲击声	rap
发旗语	semaphore
发明	father
发明人	inventor
发明创造能力	inventiveness
发明家	inventor
发明的	inventive
发明的才能	contrivance
发明者	originator
发暗	blackened
发条装置	clockwork
发枝	branching
发枝的	branching
发汗	sweating
发汗器	sweater
发汩汩声	burble
发泄	release
发泄方法	outlet
发泡	froth
发海底电报	cable
发溅泼声	squash, splatter
发源	originate, emanate
发源地	seminary, womb
发火	inflammation
发火花	spark
发炎	inflamed, inflame
发炎的	inflamed
发烧	temperature, fever
发烧的	fevered
发热	burn, fever
发热的	feverish, hectic
发爆炸声	detonate
发牌	deal
发牢骚	crab, grumble
发牢骚的人	complainant
发狂	crazy
发狂地	madly, crazily
发狂的	crazy
发狂者	frenetic
发现	find
发现物	finding
发现者	detector
发球	serve
发球区	tee
发球员	server
发生	happen, occur
发生中	nascent
发生中的	nascent
发生反应	react
发生器	producer, generator
发生地点	venue
发生小争论	skirmish
发生弯曲变化	inflect
发生意外	backfire
发生故障	malfunction
发生数	incidence
发生暴动	insurgency
发生炉	producer
发生率	incidence
发生的	emerging
发生社交往来	socialize, socialise
发生联系	affiliate, adherent
发生联系的	adherent
发生裂痕	seam
发生阵痛	travail
发生额	accrual
发电所	powerhouse
发电机	generator, dynamo
发疯	mad
发疯的	mad
发疱	blistering
发疱的	blistering
发病	invasion, morbidity
发病机理	pathogenesis
发病率	morbidity
发痒	itch, scratchy
发痒的	scratchy
发白	blanch, whitish
发白的	whitish
发眩光	glare
发祥地	cradle
发票	invoice
发端	incipient
发端的	incipient
发粘	gum, tacky
发粘的	tacky
发红光	glow
发给	issuance
发给执照	licensure
发给特许执照	charter
发给许可证	licensure
发给证明书	certificate
发给退休金	pension
发育	flower
发育不全	undergrowth, underdeveloped
发育不全的	underdeveloped
发育不良	dysplasia, stunted
发育不良的	stunted
发育地	developmentally
发育异常	dysplasia
发育期	maturity
发育期的	budding
发育未全	immaturity
发育未完全	immaturity
发育的	developmental
发育能力	viability
发育过度	overgrown
发育过度的	overgrown
发育障碍的	stunted
发胀	bloated
发胀的	bloated
发脾气	tantrum, ruffle
发自	originate
发臭	smell, smelly
发臭味	stink
发臭气	reek
发臭的	smelly
发芽	put
发荧光	fluorescence
发薪日	payday
发蜂音	buzzing
发行	issue
发行人	publisher
发行信用证	accredit
发行者	issuer
发行量	circulation
发表	address, announcement
发表社论	editorialize
发觉	revelation, scent
发言	utterance
发言人	spokesman, speaker
发言权	say
发誓	swear, vow
发话筒	mouthpiece
发货人	shipper
发货单	invoice
发起	sponsor, originate
发起人	projector, organiser
发起人的	sponsoring
发起的	sponsored
发起者	sponsor
发轧声	squeaky
发轧声的	squeaky
发辫	pigtail, tress
发达	developed
发达的	developed
发达的肌肉	brawn
发迹的途径	ladder
发送	send
发送器	transmitter
发送垃圾邮件	spam
发送者	dispatcher
发酵	sour, fermentation
发酵的	sour, barmy
发铿锵声	clang, clank
发错音	mispronounce
发问者	questioner
发闷	stifling
发闷的	stifling
发际线	hairline
发隆隆声	boom, rumble
发霉	mould, mold
发霉的	musty, moldy
发音	pronounce, pronunciation
发音清晰	articulate
发音清晰的	articulate
发音清楚	clipped
发音清楚的	clipped
发颤音	quaver
发飕飕声	whir
叔伯	avuncular
叔伯似	avuncular
叔伯似的	avuncular
叔伯的	avuncular
叔父	uncle
取	take
取代	substitute, supersede
取出	extract, extraction
取出内脏	gut
取名不当	misnomer
取名为	entitle
取回	withdraw, retrieve
取回的人	retriever
取得	fetch, taking
取得人	acquirer
取得的	acquisitive
取得资格	qualify
取得资格的人	qualifier
取悦	please
取掉卵巢	spay
取景器	viewfinder
取暖	warm
取来	fetch
取样	thief
取样器	sampler, trier
取消	cancel, cancellation
取消命令	countermand
取消权力	divest
取消资格	disqualification
取消赎回权	foreclosed
取物	fetch
取笑	guy, horse
取笑地	mockingly
取缔	ban, outlaw
取者	taker
取胜者	winner
取舍权	refusal
取钳器	protractor
受了损害的	wounded
受人尊敬	esteemed
受人尊敬的	esteemed
受人钦佩	admired
受人钦佩的	admired
受任命	commissioned
受任命的	commissioned
受优惠	favoured
受优惠的	favoured
受伤	wounded, bruise
受伤的	wounded
受伤者	wounded
受体	receptor
受保护	sheltered
受保护的	sheltered
受保护者	clientele
受信任	trusted
受信任的	trusted
受信托	fiduciary
受信托的	fiduciary
受信赖的人	reliance
受冻	frost
受刑罚的	penal
受到优待	favoured
受到优待的	favoured
受到危害	endangerment
受到威胁	threatened
受到威胁的	threatened
受到挑战	challenged
受到挑战的	challenged
受到曲解	distorted
受到曲解的	distorted
受到赞扬	acclaimed
受到赞扬的	acclaimed
受到限制	trapped
受到限制的	trapped
受到鞭打	whipped
受到鞭打的	whipped
受动	passively
受压	pressurised, pressurized
受压制	oppressed
受压制的	oppressed
受压的	pressurised, pressurized
受压缩小	compress
受压迫	groan, oppressed
受压迫的	oppressed
受压迫者	underdog
受启发	illuminated
受启发的	illuminated
受命运支配	fated
受命运支配的	fated
受喜爱	fancied
受喜爱的	fancied
受嘲弄	teasingly
受嘲弄地	teasingly
受器	catcher, receptacle
受围攻	embattled
受围攻的	embattled
受圣礼约束	sacramental
受圣礼约束的	sacramental
受培训者	trainee
受大众欢迎	popularity
受好评	reputable
受好评的	reputable
受委任	commissioned
受委任的	commissioned
受委屈	aggrieved
受委屈的	aggrieved
受孕	conception
受宠爱的人	pet
受审查	censored
受审查的	censored
受害	victimisation
受害人	victim
受害的	injured
受害者	casualty, underdog
受封	beneficiary
受封的	beneficiary
受尊敬	respected, honored
受尊敬的	respected, honored
受尊重	valued
受尊重的	valued
受崇拜的人	demigod
受崇拜的女性	goddess
受庇护	sheltered
受庇护的	sheltered
受影响	affected
受影响的	affected
受惊	scare, frightened
受惊吓	frightened, terrified
受惊吓的	frightened, terrified
受惊的	frightened, stunned
受惊骇	astounded
受惊骇的	astounded
受惠	favored, indebted
受惠的	favored, indebted
受惠者	beneficiary
受感动	touched
受感动的	touched
受感情驱使	impulsive
受感情驱使的	impulsive
受打击	overwhelm, stricken
受打击的	stricken
受托人	trustee
受托者	mandatory, assignee
受折磨	harried
受折磨的	harried
受指	signified
受损	impaired
受损失	lose
受损害	suffer
受损害的	injured
受损的	impaired
受控制	regulatory
受控制的	regulatory
受支配	subject
受支配的	subject
受欢迎	welcome, popular
受欢迎的	welcome, popular
受毒品麻醉	ripped
受毒品麻醉的	ripped
受永罚	damning
受永罚的	damning
受污染	contaminated
受污染的	contaminated
受治疗	cure
受洗礼	baptized
受洗礼的	baptized
受潮汐影响	tidal
受潮汐影响的	tidal
受激	stimulated
受激的	stimulated
受版权保护	copyrighted
受版权保护的	copyrighted
受理上诉的	appellate
受痛苦	suffer
受的	gestational
受益	benefit
受益人	beneficiary
受益地	beneficially
受益的	beneficial
受祝福	blessed
受祝福的	blessed
受管制的	controlled
受管辖的	controlled
受精	fertilization
受精媒介物	fertilizer
受约束	bound
受约束的	bound
受者	taker
受胎	insemination
受腐蚀	erode
受苦	suffering, hardship
受苦者	martyr
受蔑视的人	leper
受虐	abused
受虐待者	masochist
受虐狂	masochism
受虐狂者	masochistic, masochist
受虐狂者的	masochistic
受让人	assignee, grantee
受训练	train
受诅咒	frigging
受诅咒的	frigging
受话器	phone
受调查研究的	investigative
受贿	bribery
受赡养人	dependant
受过培训	trained
受过培训的	trained
受过教育	educated
受过教育的	educated
受过训练	disciplined
受过训练的	disciplined
受迫害	hunted
受迫害的	hunted
受重视的	valued
受阻	suffocate
受阻的	barred
受限	confining
受限制	restricted
受限制性	conditionality
受限制的	restricted
受限的	confining
受难者	sufferer, martyr
受雇	hire
受雇人	servant
受雇人员	employee
受雇暴徒	goon
受雇的	paid
受骗者	fool
变丑	deformation
变严肃	sober
变丰满	plump
变为有人性	humanize
变为沉着	steady
变为深红色	crimson
变亮	brighten
变体	variant
变体型	variant
变僵硬	petrified
变冷酷	harden
变凉	cooled
变动	fluctuation, fluctuate
变化	change
变化不定	protean
变化不定的	protean
变化元音	mutate
变化多	diverse
变化多的	diverse
变化性	variability
变化无常	vicissitude, wanton
变化的	metabolic, varied
变卖	realize
变压器	transformer
变厚	thicken
变呆滞	glaze
变址	indexing
变均匀	homogenize
变坏	deterioration
变坏的	depraved
变坚固	strengthen
变坚实	compact
变坚韧	toughen
变复杂	elaborate, complicate
变大	wax, heighten
变容	transfiguration
变宽	widen, broaden
变宽厚	relent
变小	diminish, lessen
变少	thin
变干	dry
变干燥	season
变平	even
变平滑	smooth
变平静	smooth, lull
变幻无常	fickle
变幻无常的	fickle
变幻线	mystify
变应原	allergen
变应性	allergy
变应性的	allergic
变度	variation
变异	variation, variance
变异性	variability
变弯	warp
变弯曲	bend
变弱	weaken
变弱了	muted
变弱了的	muted
变强	strengthen
变强烈	stiffen, smarten
变形	transformation, rack
变形的	metabolic
变形虫	amoeba
变形虫属	amoeba
变径段	reducer
变径管	reducer
变得	get, become
变得光滑	glaze
变得微弱	faint
变得敏感	sensitize
变得更坏	worsen
变得更好	improve
变得有情	humanize
变得模糊	thicken
变得沉重	fill
变得过热	overheat
变得驯服	tame
变忧沉	gloom
变态	abnormal, metabolism
变态人格者	psychopath
变态反应	allergy
变态的	abnormal
变性	metamorphic
变性的	metamorphic, degenerative
变憔悴	peak
变戏法	conjure
变戏法的	juggling
变戏法的人	palmer
变戏法者	juggler
变成	get, become
变成化石	fossilized
变成明星	star
变成有耐火性	fireproof
变成条纹	streak
变成稀薄	rarefied
变成稀薄的	rarefied
变成粉	pulverize
变成粉末	powder
变成纸浆	pulp
变成绒毛状	fuzz
变换	switch, transform
变换器	transducer, changer
变换布置	relocation
变换的	transformational
变故多	eventful
变故多的	eventful
变数	variable
变文明	civilize
变无效	neutralize
变旧	wear
变易	variation
变暖	warmed
变暖和	warm
变暗	pale
变更	variation, alteration
变更率	volatility
变更部署	regroup
变朦胧	haze
变松	loosen
变松弛	slacken
变柔和	soften
变柔和了	muted
变柔和了的	muted
变柔软	soften, tender
变模糊	mist, fog
变歪	warp
变活跃	quicken
变浅	shallow
变浓	thicken
变温和	relent
变温暖	warm
变湿	wet, dampen
变滑	glazing
变潇洒	smarten
变潮湿	moisten
变灰色	gray
变灿烂	irradiate
变焦摄影	zoom
变熔渣	slag
变现性	marketability
变甜	sweeten
变甜的	sweetened
变电厂	substation
变白	bleach, whiten
变皱	crumple, ruck
变直	unbend, uncurl
变短	shorten
变矮小	dwarf
变破烂	tatter
变硬	harden, stiffen
变硬的	hardened
变秃	bald
变秃的	balding
变种	variety, variation
变稀薄	attenuate, attenuation
变窄	narrow
变粗	irritated
变粗的	irritated
变粘	stiffen
变粘滑	slime
变糊涂	haze
变紧	tighten
变红	ruddy, redden
变纤细	attenuate, attenuation
变纯净	purify
变细	thin
变细长	spindle
变缓和	moderate
变美	beautify
变老	age
变聋	deafen
变脏	soil, dirty
变色	colour, color
变节	rat
变节分子	defector
变节者	renegade, turncoat
变苍白	pale, wan
变苗条	slim
变苦	bitter
变荣耀	glorified
变荣耀的	glorified
变萧条	stagnate
变薄	thin
变褐色	brown
变调	inflection
变貌	transfiguration
变质	transformation
变质的	degenerative, turned
变跛	founder, lame
变软弱	weaken
变轻	lighten
变迁	transition, transitional
变迁的	transitional
变迟钝	dull
变速器	transmission
变速箱	gearbox
变酸	sour, fox
变量	variable
变锋利	sharpen
变长	lengthen
变阴暗	shadow
变陈	aging
变顽强	toughen
变高	heightened
变高尚	sublime
变黄或发黄	yellowed
变黑	blackened, blacken
变黑暗	gloom
叙事	narrative
叙事的	narrative
叙事诗	epic, idyll
叙事诗的	epic
叙述	relate, relation
叙述文	narration
叙述的	narrative, related
叙述者	narrator, teller
叛乱	revolt, rebellion
叛乱状态	insurgency
叛乱的	revolting
叛乱者	insurgent
叛变	mutiny
叛国头子	ringleader
叛国罪	treason
叛国者	traitor
叛徒	rebel
叛徒的	renegade
叛教	apostasy
叛离者	defector
叛逆	treason
叛逆的	traitorous, treasonous
叛逆者	traitor
叠加	superimpose, superposition
叠句	refrain
叠合	superposition
叠层式	terrace
叠层式的	terrace
叠层的	laminated
叠缩	telescope
口	mouth
口令	password, watchword
口号	slogan, catchword
口吃	stammer, stutter
口吻状物	snout
口哨	whistle
口头	oral, verbal
口头上	lip
口头上的	lip
口头地	verbally
口头测验	viva
口头的	oral, verbal
口头禅	catchword
口头讲	spoken
口头讲的	spoken
口套	muzzle
口子	opening
口径	calibre, caliber
口径测定	calibration
口才	eloquence
口才好	articulate
口才好地	persuasively
口才好的	articulate
口技艺人	ventriloquist
口授	dictate
口是心非	duplicity
口气	breath
口水	dribble, slobber
口渴	thirsty, thirst
口渴的	thirsty
口炎性腹泻	thrush
口琴	harmonica
口红	lipstick, rouge
口缘	lip
口罩	respirator
口腔	mouth
口袋	pocket
口角	bicker, squabble
口角者	wrangler
口译者	interpreter
口试	oral
口语	spoken, colloquial
口语体	colloquial
口语体的	colloquial
口语的	spoken, colloquial
口述	oral, dictate
口述的	oral, verbal
口部	oral
口部的	oral
口音	accent
口齿不清	inarticulate, lisp
口齿不清地说	slobber
口齿不清的	inarticulate
古代	ancient
古代人	antiquity
古代北欧文字	rune
古代的	ancient
古代石壁画	pictograph
古体	archaic
古体的	archaic
古典	classical, classic
古典主义	classically, classicism
古典主义地	classically
古典主义者	classicist
古典作品	classic
古典学者	classicist
古典崇拜	classicism
古典的	classical, classic
古典风格	classicism
古墓	barrow
古尔德	gould
古希腊的卫城	acropolis
古德	goode
古怪	odd, curious
古怪举动	quirk
古怪地	weirdly, bizarrely
古怪姿态	antics
古怪的	odd, curious
古怪的人	erratic
古怪老头	geezer
古怪行为	eccentricity
古拉格	gulag
古文物	antiquarian
古文物收藏家	antiquarian, antiquary
古文物的	antiquarian
古文物研究	antiquarian
古文物研究的	antiquarian
古时	pristine, olden
古时的	pristine, olden
古柯	coca
古柯叶	coca
古柯碱	cocaine
古比	guppy
古物	fossil, antique
古生代	palaeozoic
古生代的	palaeozoic
古生物学	paleontology
古生物学家	palaeontologist
古生物学者	paleontologist
古老	old
古老的	old
古色	patina
古董	antique
古董商	antiquarian, antiquary
古道	trackway
古铜色化妆品	bronzer
古雅	quaint
古雅的	quaint
古风	antique
古风的	antique
古鲁	guru
句大	swingeing
句大的	swingeing
句子	sentence
句子构造	syntax
句法	syntactic, syntax
句法上	syntactic, syntactically
句法上的	syntactic
句法的	syntactic
另一个	another
另外	other, another
另外一个	other
另外的	other, another
另外的收费	extra
叩击	percussion
叩响的	resonant
叩头	kowtow
叩诊	percussion, percussive
叩诊的	percussive
只	merely
只不过	mere
只不过的	mere
只在地球上	earthbound
只在地球上的	earthbound
只在地面	earthbound
只在地面的	earthbound
只在陆地	earthbound
只在陆地的	earthbound
只得	perforce
只是	simply
只有	only
只有称号的人	titular
只能	only
只要	whilst
叫	cry
叫人发急	vexatious
叫人发急的	vexatious
叫做	entitle
叫卖	peddle, huckster
叫卖小贩	chapman, hawker
叫卖的小贩	huckster
叫吠	yelp
叫喊	call
叫喊声	yelp, yip
叫喊的	crying
叫喊着说	yelp
叫嚣	hoot
叫嚷	clamor, rave
叫嚷声	hubbub
叫声	cry, yell
叫牌	call
叫着说	yelling
叫醒	wake
叫错名字	nickname
叫错姓名	misnomer
叫骂	bark
召	evoke
召唤	summon, beckon
召回	recall
召开	convent
召开会议	conferencing
召集	call
召集人	congregant, convenor
召集员	caller
召魂者	exorcist
叭嗒叭嗒响	floppy
叭嗒叭嗒响的	floppy
叮	sting
叮叮声	ting, tinkling
叮当作响	tinkle
叮当响	chink
叮当地发出	tinkle
叮当声	jingle, clink
可下定义	definable
可下定义的	definable
可下载	downloadable
可下载的	downloadable
可不计的	negligible
可乐果	cola
可乐果属	cola
可乐果干子叶	cola
可买卖	merchantable, tradable
可买卖的	merchantable, tradable
可了解	understandably
可争	contestable
可争的	contestable
可争论	debatable
可争论的	debatable
可争辩	arguably
可争辩地	arguably
可争辩的	arguable
可互换	interchangeable
可互换地	interchangeably
可互换的	interchangeable
可交换	convertible, interchangeably
可交换地	interchangeably
可交换的	convertible
可交替	interchangeably
可交替地	interchangeably
可享利益的	beneficial
可亲近	approachable
可亲近的	approachable
可付	payable
可付的	payable
可代收的	collectibles
可代替	replaceable
可代替的	replaceable
可以	could, can
可以使用	ready
可以使用的	ready
可以办清的	identifiable
可以吸入	breathable
可以吸入的	breathable
可以喝	drinkable
可以喝的	drinkable
可以忍受	sustainable
可以忍受的	sustainable
可以忽略	negligible
可以忽略的	negligible
可以推论	inferential
可以推论的	inferential
可以教	teach
可以理解	understandable
可以理解的	understandable
可以的	tolerable
可以膨胀的	expansive
可以解决	soluble
可以解决的	soluble
可以计量	quantifiable
可以计量的	quantifiable
可任意处理	disposable
可任意处理的	disposable
可仿效	exemplary
可仿效的	exemplary
可传达	communicable
可传达的	communicable
可估价	evaluative, rateable
可估价的	valuable, evaluative
可估计	appreciably, estimable
可估计地	appreciably
可估计的	estimable, assessable
可伸缩	stretch
可伸缩的	stretch
可伸长	tensile
可伸长的	tensile
可作为手段	instrumental
可作为手段的	instrumental
可作为无效的	avoidable
可作证据	evidential
可作证据的	evidential
可作证的	verifiable
可使用	accessible
可使用的	accessible
可依法惩处	statutory
可依法惩处的	statutory
可依靠的东西	fallback
可依靠的人	standby
可信	credible, authentic
可信任	dependable, trusty
可信任性	dependability
可信任的	dependable, trusty
可信任的人	trusty
可信地	credibly, authoritatively
可信用	credibility
可信的	credible, authentic
可信程度	credibility
可信赖	reliable, trustworthy
可信赖地	reliably, responsibly
可信赖的	reliable, trustworthy
可修改	adaptable
可修改的	adaptable
可做	practicable, doable
可做模范	exemplary
可做模范的	exemplary
可做的	practicable, doable
可偿还	repayable, refundable
可偿还的	repayable, refundable
可允许	permissible
可允许的	permissible
可免职	removable
可免职的	removable
可兑换	convertibility
可兑换性	convertibility
可公开	ostensibly
可再利用废水	graywater
可再生	reproducible
可再生的	renewable, reproducible
可再用的	reusable
可减的	deductible
可分	divisible, separable
可分割	divisible
可分割的	divisible
可分开的	separable
可分的	divisible, separable
可分离	detachable, separable
可分离的	detachable, separable
可利用	available
可利用性	availability
可利用的	available
可利用的人	availability
可到达	attainable
可到达的	attainable
可办明的	justifiable
可动	movable, moveable
可动性	mobility
可动的	movable, moveable
可区分	differentiated
可区分的	differentiated
可医治	curable
可医治的	curable
可卡因	cocaine
可印刷	printable
可印刷的	printable
可厌	odious
可厌之事	annoyance
可厌的	odious
可及性	accessibility
可发射	missile
可发射的	missile
可取	desirable
可取消	retractable
可取消的	retractable
可取的	desirable
可受处理的	liable
可受惩处的	punishable
可变	variable
可变光阑	iris
可变性	variability
可变换	convertibility
可变物	variable
可变的	variable
可变通范围	ballpark
可口	tasty, scrumptious
可口可乐	coke
可口的	tasty, scrumptious
可可	cocoa
可可树	cacao
可可粉	cocoa
可可色	cocoa
可可茶	cocoa
可可豆	cacao, cocoa
可叹	deplorable
可叹的	deplorable
可听见	audibly
可听见地	audibly
可听距离	earshot
可喜	welcome
可喜的	welcome
可回复	recoverable
可回复的	recoverable
可回答	answerable
可回答的	answerable
可回避的	avoidable
可塑	impressionable
可塑体	plastic
可塑性	plasticity
可塑性物质	plastic
可塑的	impressionable
可复位的	reducible
可复写	reproducible
可复写的	reproducible
可守	tenable
可守的	tenable
可安慰	consoling
可安慰的	consoling
可完成	achievable
可完成的	achievable, feasible
可实施	enforceable, operable
可实施的	enforceable, operable
可实行	practicable
可实行的	practicable
可容忍	tolerable
可容忍的	tolerable
可容许	admissible, admissibility
可容许的	admissible
可容许的误差	leeway
可容许程度	permissible
可容许程度的	permissible
可察觉	detectable, perceptible
可察觉的	detectable, perceptible
可尊敬	estimable, honourably
可尊敬地	honourably
可尊敬的	estimable
可居住	habitable
可居住的	habitable
可展的	malleable
可崇拜	adorable
可崇拜的	adorable
可并立	compatible
可并立的	compatible
可庆祝	observable
可庆祝的	observable
可应用	applicable
可应用的	applicable
可延伸	stretchy
可延伸的	stretchy
可引起诉讼的	litigious
可张开	expandable
可张开的	expandable
可弥补	redeeming
可弥补的	redeeming
可弹劾	impeachable
可弹劾的	impeachable
可强行	enforceable
可强行的	enforceable
可归原处的	replaceable
可归还	refundable
可归还的	refundable
可征收	collectible, collectable
可征收的	collectible, collectable
可征税	taxable
可征税的	taxable
可待因	codeine
可得到	attainable
可得到的	attainable
可得的	available
可循环再用	recyclable
可循环再用的	recyclable
可忍受	acceptable
可忍受的	acceptable
可忘记	forgettable
可忘记的	forgettable
可忽视的	negligible
可怀疑	iffy, impeachable
可怀疑的	iffy, impeachable
可怕	terrible, awful
可怕地	terribly
可怕地出现	loom
可怕的	terrible, awful
可怕的事物	nightmare
可怕的人	terror, dread
可怕的人或物	bogeyman
可怖	ghastly, dread
可怖地	ghastly
可怖的	dread
可怜	wretched, pathetic
可怜地	ruefully, pitifully
可怜的	wretched, pathetic
可怜的人	wretch
可恢复	renewable
可恢复的	renewable
可恨	hateful, pitifully
可恨地	pitifully
可恨的	hateful, frigging
可恶	outrageous, repulsive
可恶的	outrageous, repulsive
可悲	lamentable, regrettable
可悲地	miserably, regrettably
可悲的	lamentable, regrettable
可惊	portentous
可惊的	portentous
可惜	regrettable
可惜的	regrettable
可想像	imaginable
可想像的	imaginable
可想象	conceivable
可想象的	conceivable
可愈的	curable
可感知	palpable, appreciable
可感知的	palpable, appreciable
可感觉的	sensible
可憎	obnoxious, heinous
可憎的	obnoxious, heinous
可憎的事	obscenity
可懂	understandably
可懂度	intelligibility
可手术治疗	operable
可手术治疗的	operable
可扣除	deductible
可扣除的	deductible
可执行的	feasible
可扩张	expansively
可扩张地	expansively
可承认	recognizable, recognisable
可承认的	recognizable, recognisable
可折叠	folding, accordion
可折叠的	folding, accordion
可报恩	repayable
可报恩的	repayable
可拆卸	knockdown
可拆卸家具	knockdown
可拆卸的	knockdown
可拉长	tensile
可拉长的	tensile
可挽救	redeemable
可挽救的	redeemable
可换成现款的	redeemable
可接受	acceptable
可接受的	acceptable
可接近	approachable
可接近性	accessibility
可接近的	approachable
可控制	controllable
可控制的	controllable
可控告	impeachable
可控告的	impeachable
可描绘	traceable
可描绘的	traceable
可提出	presentable
可提出的	presentable
可提起公诉的	indictable
可提起诉讼	actionable
可提起诉讼的	actionable
可搜集	collectible, collectable
可搜集的	collectible, collectable
可搬运	portable
可搬运的	portable
可携带	portable
可携带的	portable
可摘要	digestible
可摘要的	digestible
可撤换的	replaceable
可撤消	reversible
可撤消的	reversible
可操作	operable, exercisable
可操作的	operable, exercisable
可收买	venal
可收买的	venal
可收到	receivable
可收到的	receivable
可收回	recoverable
可收回的	recoverable, collectible
可收缩的	collapsible
可收集	collectible, collectable
可收集的	collectible, collectable
可改变	fluid, convertible
可改变性	convertibility
可改变的	fluid, convertible
可改编程序	reprogram
可放在原处	replaceable
可放在原处的	replaceable
可教	teachable
可教的	teachable
可敬	worthy, revered
可敬的	worthy, revered
可是	however, though
可更新	renewable
可更新的	renewable
可替换	replaceable
可替换的	replaceable
可有成就	achievable
可有成就的	achievable
可核实	verifiable
可核实的	verifiable
可检测的	detectable
可检索的	searchable
可检验的	verifiable
可植入	implantable
可植入的	implantable
可比性	comparability
可比拟	size
可比较	comparable
可比较地	comparably
可比较性	comparability
可比较的	comparable
可汗	khan
可注射的	injectable
可洗	washable
可洗的	washable
可流通的	negotiable
可测量	measurable
可测量的	measurable
可消化	digestible
可消化的	digestible
可消耗	consumable
可消耗的	consumable
可消费	expendable
可消费的	expendable
可渗透的	permeable
可渡过	passable
可渡过的	passable
可溶性	solubility
可溶的	soluble
可溶解	soluble
可溶解的	soluble
可演奏	playable
可演奏的	playable
可燃性	flammable
可燃性的	flammable
可燃物	combustible
可燃的	flammable
可爱	lovely, darling
可爱的	lovely, darling
可爱的人	darling
可爱的物	darling
可牺牲	expendable
可牺牲的	expendable
可牺牲的人	expendable
可牺牲的物	expendable
可玩	playable
可玩的	playable
可理解	comprehensible, intelligible
可理解性	intelligibility
可理解的	comprehensible, intelligible
可用	practicable, usable
可用性	availability, usability
可用的	practicable, usable
可疑	suspicious, doubtful
可疑地	dubiously
可疑的	suspicious, doubtful
可痊愈	recoverable
可痊愈的	recoverable
可的松	cortisone
可目视	measurably
可目视地	measurably
可直立	erectile
可直立的	erectile
可看出	discernible
可看出的	discernible
可知	knowable
可知的	knowable
可知觉	perceptibly
可确定年代	datable
可确定年代的	datable
可磋商	negotiable
可磋商的	negotiable
可称誉	creditable
可称誉的	creditable
可称赞	meritorious
可称赞的	meritorious
可移动	portable
可移动的	portable
可移去	removable
可移去的	removable
可移植	implantable
可移植性	portability
可移植的	portable
可穿用	wearable
可穿用的	wearable
可笑	ridiculous, ludicrous
可笑地	laughingly
可笑的	ridiculous, ludicrous
可答覆的	answerable
可管理	controllable
可管理的	controllable
可繁殖	fertile
可繁殖的	fertile
可经营	workable
可经营的	workable
可结婚	marriageable
可结婚的	marriageable
可继续	renewable
可继续的	renewable
可续订的	renewables
可编程	programmable
可编程的	programmable
可缩回	retractable
可缩回的	retractable
可缩小	reducible
可缩小的	reducible
可罚	punishable
可罚的	punishable
可羡慕	enviable
可羡慕的	enviable
可翻转	turnover
可翻转的	turnover
可耕	arable
可耕的	arable
可耻	shameful, ignominious
可耻地	shamefully
可耻的	shameful, ignominious
可能	might, possible
可能发生的事	possibility
可能地	potentially
可能性	possible, maybe
可能来临	threaten
可能犯错	fallible
可能犯错的	fallible
可能的	possible
可能的事	possibility
可能的事物	possible
可膨胀	expandable
可膨胀的	expandable
可自由使用的	disposable
可航行	navigable
可航行的	navigable
可获利润率	profitability
可获得	available
可获得的	available
可行	feasible
可行性	feasibility
可行手术的	operable
可行的	feasible
可补偿的	recoverable
可表现	presentable
可表现的	presentable
可表达性	expressiveness
可被录音	record
可被承认的	recognizable
可被控告的	indictable
可被认出的	recognizable
可被认识	recognizably
可被认识地	recognizably
可裂的	fissile
可见性	visibility, visualization
可见物	visible
可见的	viewing
可观	considerable
可观的	considerable
可视数据	viewdata
可解说	definable
可解说的	definable
可解释	accountable, explicable
可解释的	accountable, explicable
可触摸	tangible
可触摸的	tangible
可触知	palpably
可触知的	palpable
可触知的东西	tangible
可认识	recognizable, recognisable
可认识的	recognizable, recognisable
可论证	arguably, demonstrably
可论证地	arguably, demonstrably
可论证的	demonstrable, arguable
可设计	programmable
可设计的	programmable
可证实	verifiable
可证实的	verifiable
可证明	justifiable
可证明的	justifiable
可评估	appreciable
可评估的	appreciable
可评定的	assessable
可评论	rateable
可评论的	rateable
可诅咒	damnable
可诅咒的	damnable
可识别	recognizable
可识别的	recognizable, discernible
可识度	intelligibility
可试验	testable
可试验的	testable
可说明	accountable, explicable
可说明性	accountability
可说明的	accountable, explicable
可读性	readability
可读的	readable
可调整的	adjustable
可调节	adjustable
可调节的	adjustable
可责	culpability
可购性	affordability
可贸易	tradable
可贸易的	tradable
可赎回	redeemable
可赎回的	redeemable
可起作用的	operational
可起诉	indictable
可起诉的	indictable
可转移	transferable
可转移性	transferability
可转移的	transferable
可转让	negotiable
可转让性	transferability
可转让的	negotiable
可轻蔑	contemptible
可轻蔑的	contemptible
可辨别	discernible, discernable
可辨别地	recognizably
可辨别的	discernible, discernable
可辨认	identifiable, recognisable
可辨认的	identifiable, recognisable
可辩护	defensible
可辩护的	defensible
可辩解	justifiable
可辩解的	justifiable
可辩认的	recognizable
可辩论	arguable
可辩论的	arguable
可达性	accessibility
可达的	reachable
可达范围	coverage
可过户的	transferable
可运用	exercisable
可运用的	exercisable
可还原的	reducible
可进入	accessible, accessibility
可进入的	accessible
可追溯的	traceable
可追踪	traceable
可追踪的	traceable
可逆	reversible
可逆的	reversible
可选择	optional
可选择的	optional
可透性	permeability
可通航的	navigable
可通船	navigable
可通船的	navigable
可通融	elastic
可通融的	elastic
可通行	negotiable, passable
可通行的	negotiable, passable
可逮捕	arrestable
可逮捕的	arrestable
可遵守	observable
可遵守的	observable
可避免	avoidable
可避免的	avoidable
可鄙	cheap
可鄙的	cheap
可采纳	admissibility
可重复使用的	reusable
可重复性	repeatability
可重复的	repeatable
可钦佩	admirable
可钦佩的	admirable
可销售	marketable, marketability
可销售的	marketable
可锻	malleable
可锻的	malleable
可闻的	audible
可防卫	defensible
可防卫的	defensible
可防护	defensible
可防护的	defensible
可防止	preventable
可防止的	preventable
可阻止	preventable
可阻止的	preventable
可降低	reducible
可降低的	reducible
可随意	welcome
可随意的	welcome
可靠	sound, safe
可靠地	reliably, authentically
可靠性	reliability, authenticity
可靠的	sound, safe
可预料的	foreseeable
可预测性	predictability
可预知	foreseeable
可预知的	foreseeable
可预见的	foreseeable
可预言	predictable, predictability
可预言地	predictably
可预言的	predictable
可预防	preventable
可预防的	preventable
可食用	edible
可食用的	edible
可驳斥的	answerable
台	bench, dais
台北	taipei
台卡导航系统	decca
台头人	addressee
台布	tablecloth
台座	dado
台架	scaffolding
台柱	pillar
台湾	taiwan, taiwanese
台湾人	taiwanese
台湾人的	taiwanese
台湾的	taiwanese
台球	billiard
台球的	billiard
台车	trolley
台阶	sidestep
台面	mesa
台面呢	baize
台风	typhoon
叱责	rap
史前	prehistoric
史前史	prehistory
史前学	prehistory
史前的	prehistoric
史前考古学	prehistory
史前背景	prehistory
史华兹	schwartz
史实	historical
史实性	historicity
史实的	historical
史芬克斯	sphinx
史蒂夫	steve
史蒂文	steven
史蒂文斯	stevens
史蒂文森	stevenson
史诗	epic, heroic
史诗的	epic
史黛丝	stacey
右侧	dexter, starboard
右侧的	dexter
右旋糖	glucose
右派	rightist
右派人士	rightist
右派的	rightist
右的	dexter
右翼	rightist
右翼的	rightist
右舷	starboard
右边	right
右边的	dexter
叶	leaf
叶切断术	lobotomy
叶子花属	bougainvillea
叶形装饰	acanthus
叶片	blade
叶状	herbaceous, leafy
叶状的	herbaceous, leafy
叶的中脉	costa
叶红素	carotene
叶绿素	chlorophyll
叶脉	nerve
叶芝	yeats
叶茂盛	leafy
叶茂盛的	leafy
叶轮	impeller
叶酸	folic
叶酸盐	folate
叶鞘	sheath, vagina
叶黄素	lutein
号兵	trumpeter
号叫	howl
号召	summon
号哭的人	howler
号外	special
号炮报时	gunfire
号称的	reputed
号角	bugle
司	bureau
司令官	commander
司令部	headquarters
司仪	emcee, officiate
司库	treasurer, cashier
司机	chauffeur
司法	judiciary
司法上	juridical
司法上的	juridical
司法专员	ombudsman
司法权	jurisdiction
司法权的	jurisdictional
司法的	judicial, judiciary
司法系统	judiciary
司法行政官	magistrate, sheriff
司法部	judiciary
司炉	stoke, fireman
司空见惯	quotidian
司空见惯的	quotidian
司膳总管	butler
叹息	sigh, groan
叹息着说	sigh
吃	eat
吃下	stomach
吃东西	feed
吃人肉	cannibal
吃人肉的	cannibal
吃力	exacting, labored
吃力的	exacting, labored
吃力的工作	fag
吃势	easing
吃吃地笑	giggle
吃同类的动物	cannibal
吃嫩叶的动物	browser
吃广告饭的人	huckster
吃得过多	glut
吃快餐	snack
吃惊	startle, astonished
吃惊的	astonished, amazed
吃掉对方棋子	take
吃水线	waterline
吃点心	refresh
吃的声音	slurp
吃腐肉	carrion
吃腐肉的	carrion
吃苦	hardship
吃草	graze, pasture
吃过量	overeat
吃零食	piece
各	apiece
各一	either
各一的	either
各个	individually
各个地	individually
各位	guys
各别	separate
各别的	separate
各向异性	anisotropy
各处	everywhere
各宗教间	interreligious
各宗教间的	interreligious
各就各位	marshal
各式各样	varied, sundry
各式各样的	various, varied
各种	various
各种不同	divers
各种不同的	divers
各种各样	assorted, assortment
各种各样的	assorted, multifarious
各种工艺	polytechnic
各种工艺的	polytechnic
各种的	various
各自	each, several
各自地	respectively
各自的	several
各部	departmental
各部的	departmental
吆喝牲畜左转	haw
合乎卫生	wholesome
合乎卫生的	wholesome
合乎情理	justified
合乎情理的	justified
合乎礼仪	decency
合乎科学	scientifically
合乎科学地	scientifically
合乎规范	normative
合乎规范的	normative
合乎语法	grammatical
合乎语法的	grammatical
合乎逻辑	logical, consequent
合乎逻辑的	logical, consequent
合伙	corporate, partnership
合伙人	partner
合伙使用汽车	carpool
合伙关系	partnership, fellowship
合伙的	corporate
合伙经营	pool
合作	cooperation, corporation
合作关系	partnership
合作农场	ejido
合作地	cooperatively
合作的	cooperative, collaborative
合作社	cooperative
合作社的	cooperative
合作者	collaborator
合力	resultant
合取	conjunction
合同	pact
合同性	contractually
合同性地	contractually
合同要求	requirement
合同规定	stipulated
合同规定的	stipulated
合唱	choir, chorus
合唱曲	ensemble
合唱队	chorus
合唱队的	choral
合宜	fitness, convenient
合宜的	convenient
合宪性	constitutionality
合宪法性	constitutionality
合干者	collaborator
合并	incorporate, combination
合并的	incorporate
合并计算	consolidate
合意	consensus, acceptable
合意性	desirability
合意的	acceptable, sympathetic
合成	composite, resultant
合成代谢	anabolic
合成代谢的	anabolic
合成器	synthesizer, synth
合成物	composite
合成物质	synthetic
合成的	composite, resultant
合拢	fold
合板	plywood
合格	eligible, eligibility
合格性	eligibility
合格的	eligible, qualified
合格者	eligible
合格选举人	elector
合法	legal, legitimate
合法化	legalization, legitimation
合法地	legally, lawfully
合法性	legitimacy, legality
合法的	legal, legitimate
合流	confluence
合流点	confluence
合理	just
合理主义	rationalism
合理化	rationalization
合理地	legitimately
合理地处理	rationalize
合理地思考	rationalize
合理性	rationality, reasonableness
合理的	just
合理而可行的	convenient
合生	coalesce, accrete
合生的	accrete
合算	lucrative, economical
合算的	lucrative, economical
合约	contract, agreement
合约地	contractually
合股	partnership
合股线	twine
合著	collaborate
合规则	normally
合规格	standard
合规格的	standard
合计	total, sum
合计的	aggregate
合计达	aggregate
合议的	collegiate
合谐	congruent
合谐的	congruent
合身	fit
合适	meet, possible
合适地	rightly, suitably
合适的	meet, possible
合金	metal, alloy
合金结	aj
合铸	alloy
吉他	guitar
吉他弹奏者	guitarist
吉兆	auspice, auspicious
吉兆的	auspicious
吉卜林	kipling
吉卜赛人	gypsy
吉卜赛绅士	rye
吉卜赛语	gypsy
吉姆	jim
吉娜	gina
吉字节	gigabyte
吉尔	gil
吉布斯	gibbs
吉普车	jeep
吉格快步舞	jig
吉祥	lucky
吉祥物	whammy
吉祥的	lucky
吉祥的东西	mascot
吉福德	gifford
吉隆坡	lumpur
吊	suspend
吊唁	condolence
吊带	hammock
吊床	hammock, kip
吊杆起重机	derrick
吊架	hanger
吊桥	drawbridge
吊楔	lewis
吊监	gondola
吊秋千	trapeze
吊索	sling
吊胃口的东西	appetizer
吊舱	gondola
吊装	lifting
吊起	sling
吊车道	runway
吊骨	anchoring
同一	identical
同一性	oneness
同一的	identical
同上	ditto
同上符号	ditto
同业公会	guild
同业工会会所	guildhall
同业联合	cartel
同中心	concentric
同中心的	concentric
同义	synonymous
同义的	synonymous
同义词	synonymous, synonym
同义词典	thesaurus
同义词的	synonymous
同乐会	ceilidh
同乡	homeboy
同事	colleague, fellow
同事的	fellow
同人	coterie
同伙	set
同伴	associate, fellow
同伴的	fellow
同位	parity
同位素	isotope
同住者	inmate
同僚	colleague
同党	partisan
同前	ibid
同化	absorb, assimilation
同化作用	assimilation
同化的	anabolic
同名人	namesake
同名物	namesake
同国	compatriot
同国人	compatriot
同国的	compatriot
同型物	analogue
同声	unison
同声的	unison
同学	schoolmate
同学会	homecoming
同居	cohabit
同床者	bedfellow
同心的	concentric
同志	comrade, pal
同志之爱	camaraderie
同志关系	comradeship
同性性欲	homosexuality
同性恋	homosexuality, homosexual
同性恋爱	homosexuality
同性恋爱的	homoerotic
同性恋的	homosexual, nancy
同性恋者	homosexual, queer
同性质的	cognate
同情	feel
同情地	sympathetically
同情者	sympathizer, sympathiser
同意	yes, side
同意义	equivalent
同意义的	equivalent
同意的	agreeable, agreed
同意给予	allow
同意者	sympathizer, sympathiser
同感	consensus, sympathy
同感的	empathetic, consensual
同感眼	sympathizer
同族	kin, akin
同族关系	homology
同族的	akin, kindred
同时	meanwhile, simultaneous
同时代	contemporary
同时代的	contemporary
同时代的人	contemporary
同时发热发电	cogeneration
同时发生	simultaneously, coincidence
同时发生的	simultaneous, concurrent
同时性	simultaneity
同时期	contemporaneous
同时期的	contemporaneous
同时用两眼	binocular
同时用两眼的	binocular
同时的	simultaneous, synchronous
同时联播	simulcast
同样	as, like
同样地	as
同样的	like, same
同根变形	conjugate
同根变形的	conjugate
同步	synchronous, synchronize
同步加速器	synchrotron
同步化	synchronized
同步化的	synchronized
同步性	synchronicity
同步的	synchronous, sync
同母异父	uterine
同母异父的	uterine
同温层	stratosphere, stratospheric
同温层的	stratospheric
同源	akin, homologous
同源性	homology
同源的	akin, homologous
同源语	dialect
同牢室友	cellmate
同班同学	classmate
同病	comorbidity
同盟	federal, league
同盟国	ally
同盟地	federally
同盟的	federal
同盟者	ally
同种	homogeneous, homogeneity
同种性	homogeneity
同种的	homogeneous
同窗	schoolmate
同等	coordination, coordinate
同等化	equalization
同等地	comparably
同等物	equivalent
同等的	coordinate, tantamount
同等的人	peer, coordinate
同等的人或物	coordinator
同类	akin, kin
同类的	akin, kin
同类相食	cannibalize, cannibalistic
同类相食的	cannibalistic
同系交配	inbreeding
同系的	homologous
同系繁殖	inbred, inbreeding
同系繁殖的	inbred
同胞	own
同胞的	own
同船水手	shipmate
同词源	cognate
同词源的	cognate
同词源的词	cognate
同语族的	cognate
同语系	cognate
同语系的	cognate
同语系的语言	cognate
同谋	conspiracy, complicity
同谋的	accessory
同谋者	conspirator
同质	homogeneous, homogeneity
同质多晶	polymorphism
同质性	homogeneity
同质的	homogeneous, homogenous
同轴	concentric
同轴电缆	coax
同轴的	concentric
同辈	equal
同道	fellow
同道的	fellow
同量	commensurate
同量的	commensurate
同音韵错误症	alliteration
同高	level
同高的	level
名义上	nominal
名义上地	nominally
名义上的	nominal
名人	celebrity
名作	masterwork
名侦探柯南	conan
名册	scroll, checklist
名副其实	veritable
名副其实的	veritable
名单	list, roll
名士	personage
名声	celebrity, publicity
名声臭	stink
名妓	courtesan
名字	name
名字的	nominal
名家	eminence
名望	fame, repute
名次列前	place
名气	repute
名牌	plaque, nameplate
名牌仿制品	knockoff
名牌商标	branded
名牌商标的	branded
名目	appellation
名称	name, title
名称上	nominally
名胜地	showplace
名著	masterpiece
名誉	reputation
名誉上	titular
名誉上的	titular
名誉不好	disreputable
名誉不好的	disreputable
名誉好	reputed
名誉好的	reputed
名誉的	honorary
名誉退休	emeritus
名誉退休的	emeritus
名词	noun, substantive
名词学	terminology
名词性实词	substantive
名词性词	nominal
名门世系	pedigree
名门出身	ancestry
后代	produce
后倾角	caster
后冲	backlash
后勤	logistics
后勤学	logistics
后勤学的	logistic
后勤官	quartermaster
后勤方面	logistical
后勤方面的	logistical
后卫	fullback, rearguard
后台	background
后嗣	heir
后处理	reprocess
后备	backlog
后备军	reserve
后备军人	reservist
后天	acquired
后天的	acquired
后座	backseat
后座力	kick
后座议员	backbencher, backbench
后座议员席	backbench
后座议员的	backbench
后庭	backyard
后悔	regret, repent
后悔的	contrite, repentant
后房	backroom
后挡板	tailgate, backboard
后援	support
后援者	seconder, booster
后效	aftereffect
后方	rear
后方的	rear
后来	after
后来的	subsequent
后果	issue
后果的	sequential
后现代	postmodern
后现代主义	postmodernism
后现代的	postmodern
后盾	supporter
后端	be
后继	successor
后继者	inheritor, incomer
后缀	suffix
后者	latter
后者的	latter
后腿	ham
后腿腱	hamstring
后膛	breech
后街小巷	backstreet
后裔	descendant, posterity
后辈	offspring
后进	junior
后进的	junior
后退	recession
后退的	retrograde, regressive
后部	tail, heel
后部的	hind
后门程式	spyware
后防溅板	backsplash
后院	backyard
后面	back
后面打光	backlit
后面的	back
后颈	scruff
吐	gob
吐丝	spin
吐出	vomit, spit
吐出的泡沫	spittle
吐剂	puke
吐司	toast
吐唾沫	spit
吐根	hippo
吐温	tween
吐痰	spit
吐白沫	foam
吐露	voice
向	to, at
向上	up
向上地	uphill, upwardly
向上摆动	upswing
向上游	upstream
向上游的	upstream
向上的	up
向上趋势	upturn
向上通风	updraft
向上通风的	updraft
向上钻营的人	thruster
向下	down
向下侵蚀	deepening
向下摆动	downswing
向下的	down
向下看	oversee
向东	east, eastern
向东北	northeast
向东北的	northeast
向东南	southeast
向东南的	southeast
向东方	east
向东方地	eastwards
向东方的	eastward
向东旅行	eastbound
向东旅行的	eastbound
向东的	east, eastern
向中心	inwards, inwardly
向侧面	sideways
向侧面地	sideways
向侧面的	sideways
向内	inward, inwards
向内的	inward
向内破裂	implode
向内里	inwardly
向前	to
向前倾跌	pitch
向前冲	darting
向前地	forward
向前推的人	booster
向前的	forward, ahead
向前移动	hunch
向前跌	pitch
向前进	progressively
向北	northern
向北方	northwards
向北的	northern
向南	south
向南方	southern
向南方的	southern
向南的	south
向南行	southbound
向南行的	southbound
向南行驶	southbound
向南行驶的	southbound
向右	gee
向右舷	starboard
向右转	gee
向右转舵	starboard
向后	backward, backwards
向后倾	retreat
向后倾斜	receding
向后台	backstage
向后地	backward
向后的	backward
向后退	recede
向外	forth, outwards
向外地	outwards
向外弯曲	bandy
向外弯曲的	bandy
向外的	outward
向家	homeward
向家地	homeward
向家的	homeward
向导	wizard
向岸	ashore
向左转	haw
向往过去	nostalgia
向心性	centrality
向旁边	sideways
向日葵	sunflower
向楼上	upstairs
向此处	hither
向水源	upriver
向水源的	upriver
向海	seaward
向海的	seaward
向海面	offshore
向着坡下	downslope
向着天空	skyward
向着天空的	skyward
向舷外	outboard
向船尾	astern
向西	west
向西北	northwest
向西南	southwestern
向西南的	southwestern
向西方	western
向西方的	western
向西的	west
向这边	hither
向那方	thither
向那边	fro
向那边的	thither
向量	vector
向陆	onshore, inshore
向陆地	onshore, inshore
向陆的	onshore, inshore
向风	windward
向风的	windward
吓人	shock
吓人地	frighteningly
吓人的	fearsome, spooky
吓住	deter
吓呆	aghast
吓呆的	aghast
吓唬	bluff, hector
吓唬人的东西	bugaboo
吗哪天赐食物	manna
吗啡	heroin, morphine
君临	king
君主	king
君主主义者	monarchist
君主制度	monarchy
君主国	monarchy
君主政体	monarchy
君主政体的	monarchical
君主政治	monarchy
君主政治的	monarchical
君主的	monarchical
君主身分	kingship
君权	prerogative
君王的身分	kingship
吝啬	tight, scant
吝啬地	scantily
吝啬小气	parsimonious
吝啬小气的	parsimonious
吝啬的	tight
吝啬鬼	miser, curmudgeon
吝惜	stint, grudge
吝惜地	sparingly
吞	gulp
吞下	swallow
吞吐量	throughout
吞咽	swallow, gulp
吞没	gulf, swallow
吞食	devour
吟咏	intone
吟唱	chant
吟游诗人	bard, minstrel
吟诵	recital, recitation
吟诵史诗	rhapsody
吟诵的	recitative
吠	bay, bark
吠声	growl, bark
否	nay
否决	reject, veto
否决权	veto
否决票	no
否则	else, otherwise
否定	negative
否定地	negatively
否定态度	negativism
否定性	negativity
否定的	negative
否定者	naysayer
否定论	negativism
否定语	negative
否认	deny, denial
否认者	naysayer
吨	ton, tonne
吨位	tonnage
吩咐	tell
含义	meaning, implication
含义模糊	cryptic
含义模糊的	cryptic
含乳油的	creamy
含乳脂	creamy
含乳脂的	creamy
含二氧化碳	carbonated
含二氧化碳的	carbonated
含囊尾蚴的	measly
含多量硫磺	sulfuric
含多量硫磺的	sulfuric
含意	implicate
含标准成分	sterling
含标准成分的	sterling
含气饮料	pop
含氮	nitrous, nitric
含氮的	nitrous, nitric
含氯氟烃	chlorofluorocarbon
含水层	aquifer
含水的	aqueous
含水量	moisture
含油的	oily
含油砂岩地层	sands
含泪	tearful
含泪的	tearful
含混	confusion, unclear
含混的	unclear, indeterminate
含湿量	moisture
含灰的	ashy
含焦糖	caramelized
含焦糖的	caramelized
含燧石	flinty
含燧石的	flinty
含盐	salt
含盐度	briny
含盐的	salt
含硫	sulfuric
含硫的	sulfuric
含磷	phosphorous
含磷的	phosphorous
含糊	vague, ambiguity
含糊不清	ambiguously, mushy
含糊不清地	ambiguously
含糊地	vaguely, doubtfully
含糊地念	slur
含糊地说出	slurred
含糊的	vague, dusty
含糊话	equivocation
含糖	sugary
含糖的	sugary
含羞草	mimosa
含羞草属	mimosa
含脂肪	fatty
含脂肪多	greasy
含脂肪多的	greasy
含脂肪的	fatty
含腺	glandular
含腺的	glandular
含蓄	implicit, connotation
含蓄之意	implication
含蓄的	implicit
含蓄着	connote
含酒饮料	tipple
含酵母的面团	sourdough
含金	golden
含金属	metallic
含金属的	metallic
含金的	golden
含钙的	calcareous
含铁	ferrous
含铁的	martial, ferrous
含铁矿石	ironstone
含铜	coppery
含铜的	coppery
含锡	tinny
含锡的	tinny
含香料	spiced
含香料的	spiced
含鸦片	opiate
含鸦片的	opiate
含麦芽	malt
含麦芽的	malt
听	hear, listen
听不清	muffled
听不清的	muffled
听不见	inaudible
听不见的	inaudible
听从	listen
听从地	resignedly
听任	resigned
听任的	resigned
听众	audience
听众席	auditorium
听写	dictate
听到	hear
听力	audition
听力图	audiogram
听取报告	debrief
听得见	audible
听得见的	audible
听教训	teachable
听教训的	teachable
听的	acoustic, auditory
听筒	earphone, earpiece
听者	auditor
听见	hear
听觉	hearing, ear
听觉器官	auditory
听觉器官的	auditory
听觉的	acoustic, auditory
听讯	hearing
听讼	audience
听诊器	stethoscope
听说	hear
吮	suck
吮吸	suck
吮的	sucking
启事	advertisement
启动	start
启动器	starter
启动程序	starter
启发	enlighten, developmental
启发之物	torch
启发作用	evocation
启发式	heuristic
启发式教育法	heuristic
启发式方法	heuristics
启发式的	heuristic
启发的	developmental
启明星	phosphorus, phosphor
启示	inspire, sermon
启示性	revelatory
启示性的	revelatory
启示的	revelatory
启航	sail, sailing
启蒙	enlighten
启运	departure
启迪	enlightenment, edify
吱吱叫	squeak, peep
吱吱响	squeaky
吱吱响的	squeaky
吱吱喳喳地叫	jabber
吱吱声	squeak
吱吱尖叫	strident
吱吱尖叫的	strident
吱喳而鸣	chirp
吵嘴	wrangle
吵嚷	jangle
吵架	quarrel
吵闹	sound
吵闹地	loudly, noisily
吵闹声	hubbub
吵闹的	furious, blatant
吵闹鬼	poltergeist
吸	suck
吸上	suction
吸住	grip
吸入	inspire, inhale
吸入剂	inhalation
吸入器	inhaler
吸入者	inhaler
吸入量	intake
吸取	ingest, imbibe
吸墨水	blot
吸墨纸	blotter
吸奶	suck
吸奶的	sucking
吸干	blot
吸引	attract, attraction
吸引人	attractive, intriguing
吸引人地	engagingly
吸引人的	attractive, intriguing
吸引人的事物	attraction
吸引力	charm, attraction
吸引参与	participatory
吸引参与的	participatory
吸引子	attractor
吸引性	attractiveness
吸引术	aspiration
吸收	incorporate, absorb
吸收作用	absorption
吸收剂	absorbent, absorber
吸收器	absorber
吸收掉	sponge
吸收水分	imbibe
吸收的	absorbing
吸毒	drug
吸毒的人	junky
吸毒者	dope, druggie
吸气	inhale, inspiration
吸水	sop
吸烟	smoke
吸烟的人	smoker
吸烟者	smoker
吸烟车厢	smoker
吸盘	sucker
吸着鼻子说话	sniffle
吸移管	pipette
吸管	straw, sucker
吸血蝙蝠	vampire
吸血鬼	vampire
吸足	podium
吸进	engulf
吸量管	pipette
吸附	adsorption
吹	blow
吹制	blown
吹制工	blower
吹制的	blown
吹口哨	whistle
吹口哨的人	whistler
吹号	bugle
吹号角者	horner
吹向海面	offshore
吹向海面的	offshore
吹响	blow
吹响号角	wind
吹哨	whistling
吹哨子	pipe
吹喇叭	trumpet
吹嘘	trumpet
吹奏	pipe
吹奏出	toot
吹季风的季节	monsoon
吹微风	breeze
吹拂	fan
吹捧	boost, puff
吹掉	winnow
吹木箫者	clarinetist
吹横笛	fife
吹毛求疵	criticize, criticise
吹毛求疵的	picky
吹气	huff
吹气音	souffle
吹泡	froth
吹牛	boast, buck
吹笛	pipe
吹笛子	flute
吹笛的	piping
吹笛者	piper
吹管乐器	tongue
吹送	whiff
吹长哨发令	pipe
吹风机	hairdryer, blower
吹风转炉	converter
吹鼓手	trumpeter
吻	kiss
吻合	tally, dovetail
吼	roar, growl
吼叫	snarl
吼叫声	blare
吼叫着发出	belch
吼声	roaring, yowl
呀	golly
呃	haw
呃哼	ahem
呆人	gawp
呆头	leatherhead
呆头呆脑	idiotic, loopy
呆头呆脑的	idiotic, loopy
呆子	gull, goof
呆小病患者	cretin
呆小病者	cretin
呆板	stiff, pedestrian
呆板地	stiffly
呆板的	stiff, pedestrian
呆滞	dull
呆滞商品	sticker
呆滞的	dull
呆笨	wooden
呆笨的	wooden
呈波浪形	undulate
呈灰色	grizzly
呈灰色的	grizzly
呈现	assume
呈绿色	greenish
呈绿色的	greenish
呈褐色	brownish
呈褐色的	brownish
呈锯齿状	indentation
呈鲜明突出	relieve
呈黑	darkly
告别	leave
告别演说者	valedictorian
告发	tell
告发人	fink
告发的	accusatory
告发者	prosecutor
告密	peach, squeak
告密者	weasel, snitch
告知	announcement, impart
告知不实	misrepresentation
告知收悉	acknowledge
告示	notification, advertisement
告解室	confessional
告诉	tell
告诉人	complainant
告诫	precept
告诫者	warner
呐喊	yell
呐喊声	slogan
呐喊欢呼	yell
呕出	spew
呕吐	cat, sick
呕吐声	retch
呕吐物	spew, vomit
呕吐的	queasy
员工	employee
呜咽	sob, whimper
呜咽着说	whimper
呢绒布商	mercer
周	week
周中	midweek
周中的	midweek
周刊	weekly
周刊的	weekly
周围	environmental
周围环境	ambience, ambient
周围的	environmental
周围的事物	surroundings
周壁	parietal
周壁的	parietal
周密的考虑	advisement
周年纪念	anniversary
周报	weekly
周日	weekday
周日夜晚	weeknight
周期	cycle, periodic
周期性	seasonal
周期性地	seasonally
周期性的	seasonal, periodic
周期的	periodic, cyclical
周末	weekend
周末休假	weekend
周游	tour
周游的	errant
周界	perimeter
周界线	perimeter
周缘	circumference
周转	revolving
周边	peripheral
周边的	peripheral
周长	perimeter
呱呱叫声	croak
呱呱地叫	croak
味	flavour
味噌	miso
味精	glutamate
味美思	vermouth
味美的	palatable
味觉	taste
味道	taste, smell
味道差	distasteful, unpalatable
味道差的	distasteful, unpalatable
味道的	olfactory
味香	savory, savoury
味香的	savory, savoury
呵斥	hoot
呵气	breath
呷	sup
呸	nuts, posh
呸声	raspberry
呻吟	groan, moan
呻吟地说	groan
呻吟着说	moan
呼	term
呼万岁	hooray, hurrah
呼以姓氏	surname
呼出	expire
呼叫	call
呼叫方标识	caller
呼叫转移	transferred
呼吁	appeal
呼吸	breath, breathe
呼吸作用	respiration
呼吸暂停	apnea
呼吸的	breathing, respiratory
呼吸者	breather
呼呼声	hoop, whir
呼呼疾行	wuther
呼唤	calling
呼啸	wail, howl
呼啸声	wuther
呼喊	shout
呼噜呼噜叫	purr
呼噜呼噜声	purr
呼噜声	grunt
呼应	echoing
呼拉圈舞	hula
呼气	breath, expire
呼语法	apostrophe
命中注定	doom
命中注定的	fated
命令	require, order
命令式	imperative, authoritative
命令式地	authoritatively
命令式的	imperative, authoritative
命令的	mandatory
命令者	dictator
命名	name
命名原则	nomenclature
命名法	nomenclature, terminology
命名的	named
命名者	denominator
命定	doomed
命定的	doomed
命运	fate, weird
命运星辰	planet
命运注定	fatal
命运注定的	fatal
命运注定论	deterministic
命运注定论的	deterministic
命题	sentence, proposition
命题的	propositional
咀嚼	chew
咀嚼声	champ
咀嚼物	chew, quid
咂嘴	smack
咆哮	roar, growl
咆哮声	growl
咆哮的	howling, growling
咆哮着说	snarl
咆哮着说出	bluster
咆哮者	howler
和	and
和个人无关	impersonal
和个人无关的	impersonal
和事佬	peacemaker
和善	mildly
和善地	mildly
和声	concert
和声学	harmony
和声的	harmonic, symphonic
和好	reconciliation, conciliatory
和好的	conciliatory
和尚	monk
和局	standoff
和平	peace
和平主义	pacifism
和平主义者	pacifist
和平共处	coexistence
和平地	peaceably
和平时期	peaceful
和平时期的	peaceful
和平的	peaceful
和服	kimono
和气	folksy
和气的	folksy
和煦	vernal
和煦的	vernal
和生育有关	birthing
和生育有关的	birthing
和睦	harmony, harmonious
和睦的	harmonious
和约	peace
和蔼	kind, nice
和蔼可亲	affable, amiable
和蔼可亲地	amiably
和蔼可亲的	affable, amiable
和蔼地	pleasantly, graciously
和蔼的	kind, nice
和解	reconciliation, compound
和谐	cotton, accordance
和谐地	harmoniously
和谐地安排	orchestrated
和谐的	harmonic, harmonious
和音	chord
和风	zephyr
咏叹调	aria
咒语	incantation, mantra
咒骂	swear, curse
咒骂的	damning
咔哒声	click
咔嗒声	clatter
咕咕叫	chuckle
咕咕地叫	coo
咕哝	mumble, grunt
咕哝地抱怨	muttered
咕噜咕噜叫	pur
咕罗声	gurgling
咖哩粉	curry
咖哩饭菜	curry
咖啡	coffee
咖啡因	caffeine
咖啡壶	coffeepot, coffeemaker
咖啡碱	caffeine
咖啡色	coffee
咖啡色的	browned
咖啡豆	coffee
咖啡馆	cafe
咝咝声	sizzle
咨询	consultation, advisory
咨询业务	consultancy
咨询服务	counseling
咨询电话	hotline
咨询的	advisory, consultative
咩咩叫	bleat
咪咪叫	mew
咬	bite, snap
咬人的狗	snapper
咬口折缝	felling
咬合	occlude, interlocking
咬合作用	interlocking
咬牙切齿	gnash
咬牙切齿地说	grit
咬的	rodent, gnawing
咬着舌说	lisp
咬碎	crunch
咬碎声	crunch
咬紧	clenched
咬紧牙关	gritted
咭纸	cardboard
咯吱咯吱响	squelch
咯吱咯吱地走	squish
咯吱声	squish
咯咯叫	chuck, gobble
咯咯地叫	cackle
咯咯地笑	giggle
咯咯声	cackle
咯咯大笑	yuk
咯咯的叫声	cluck
咯咯的欢笑	chortle
咯咯的笑	chuckle
咯咯的笑声	chuckle
咯咯笑	giggle, chortle
咳	phew
咳出	cough, hawk
咳嗽	cough, hawk
咸	salt
咸味浓	salty
咸味浓的	salty
咸水湖	lagoon
咸的	salt
咽	swallow
咽下	swallow, ingest
咽喉	throat
咽喉的	jugular, guttural
咽峡炎	angina
咽痛	angina
咽的	pharyngeal
咿咿呀呀的话	prattle
哀乐	dirge
哀伤	plaintive, lamentable
哀伤地	pathetically
哀伤的	plaintive, lamentable
哀伤的声音	knell
哀叫声	whine
哀号	wail
哀叹	deplore
哀呜者	whiner
哀怜	ache
哀思	pensive
哀思的	pensive
哀怨	plaintively
哀怨地	plaintively
哀悼	mourn, lament
哀悼者	mourner
哀惜	sorrow
哀歌	elegy, elegiac
哀歌体	elegiac
哀歌体的	elegiac
哀求	implore, beseech
哀求者	supplicant
哀痛	mourning
哀的美敦书	ultimatum
哀诉	whine
哀诉者	whiner
哀鸣	whine
品他病	cute
品名种类	description
品味	taste
品尝	taste
品德高尚	virtuous
品德高尚的	virtuous
品性不端	vicious
品性不端的	vicious
品性端正	moral
品性端正的	moral
品格高尚的人	respectable
品种	breed
品红	magenta, rubin
品红色	magenta
品脱	pint
品行	moral
品行不良	misdemeanor
品质	quality, sort
品质低劣的	degrading
品质恶劣	debased
品质恶劣的	debased
品质证明	hallmark
哄	coax
哄笑	guffaw
哄骗	kid
哄骗认	spoof
哄骗认的	spoof
哆嗦	shiver
哇	wow
哇哇声	croak
哈	ah, ha
哈丁	harding
哈伯勒	harborough
哈利	harley
哈哈	ha
哈密尔顿	hamilton
哈尔满	harman
哈巴狗	pug
哈德利	hadley
哈欠	yawn
哈特福郡	hertford
哈科特港	harcourt
哈维	harvey
哈罗	hallo
哈罗公学	harrow
哈罗德	harold
哈考特	harcourt
哈萨克人	kazakh
哈蒙德	hammond
哈里发	caliph
哈里斯	harris
哈里法克斯	halifax
哈里特	harriet
哈雷	halle, halley
响	ring
响亮	vibrant, resounding
响亮的	vibrant, resounding
响声	noise
响声的	sonorous
响尾蛇	rattlesnake, rattler
响应	response, respond
响应器	responder
响应站	responder
响应者	responder
响应能力	responsiveness
响度	loudness
响而尖的声音	foghorn
响而粗的叫声	squawk
响铃命令	bell
哎呀	gee
哎哟	oops
哎唷	ouch
哑	dumb, mute
哑剧	mime, pantomime
哑子	mute
哑弹	dud
哑的	dumb, mute
哑铃	dumbbell
哑音字母	mute
哔叽	serge
哔哔声	bleep
哗众取宠	sensationalism
哗哗响	swoosh
哗哗地流水	brawl
哗哗声	swoosh
哗啦声	crash
哟	och
哥伦布	columbus
哥利亚	goliath
哥特人	goth
哥特式	gothic
哥特式的	gothic
哥特风格	gothic
哦	oh
哨兵	sentry, sentinel
哨兵线	cordon
哩	mile
哪一个	which
哪里	where
哭	cry, weep
哭出	cry
哭叫	wailing
哭声	cry
哭得使	sob
哭泣	weep
哭泣的	teary, weeping
哭泣者	crier
哭诉	sob, whine
哮喘	asthma
哲人	philosopher, sage
哲学	philosophy
哲学上	philosophically
哲学家	philosopher
哲学家的	philosophic
哲学思想	philosophy
哲学的	philosophical
哲学研究者	philosopher
哺乳	suckle, breastfeed
哺乳动物	mammal, mammalian
哺乳动物的	mammalian
哺育	fostering
哼	huh, hum
哼声	hum, hem
哼着唱	humming
哼着唱的	humming
哼着鼻子说	snort
唆使	seduce
唇	lip
唇印	hickey
唇状构造	lip
唇膏	lipstick
唇鼻部	muffle
唉	alas, gosh
唉呀	crikey
唐突	shortly, abrupt
唐突地	shortly, abruptly
唐突的	abrupt, brusque
唐纳德	donald
唛头	marks
唠叨	jaw, babble
唠叨的	nagging
唤出	evocation, summons
唤起	raise
唤醒	arouse, awake
唤雨巫师	rainmaker
唧唧喳喳地叫	pip
唧唧喳喳声	twitter
唧唧声	chirp
售价过低	undervalued
售价过低的	undervalued
售得	fetch
售报处	newsroom
售票员	conductor
售票窗	wicket
售货	salesmanship
售货员	salesman
售货术	salesmanship
唯一	only
唯一性	uniqueness
唯一的	only
唯利是图	gainful
唯利是图的	gainful
唯利是图者	mercenary
唯心主义	idealism
唯心主义的	idealistic
唯心主义者	idealist
唯心论	idealism, idealistic
唯心论的	idealistic, idealist
唯恐	lest
唯我主义	egotism
唯灵论	spiritualism
唯灵论者	spiritualist
唯物主义	materialism
唯物主义的	materialistic
唯物主义者	materialist
唯物论	materialistic
唯物论的	materialistic
唯美主义者	aesthete
唱	sing
唱小夜曲	serenade
唱挽歌	keen
唱歌	sing
唱片	disc
唱片套	album
唱片的播送	airplay
唱盘	turntable
唱诗班	choir
唱诗班的席位	choir
唱赞美歌	hymn
唱轻快的调子	lilt
唱针	stylus
唷	yah, phew
唾吐	spit
唾弃	spit
唾沫	saliva, spittle
唾沫球	spitball
唾沫飞溅	sputter
唾液	spit, saliva
唾液的	salivary
啁啾	chatter, twitter
啃	gnaw
啄	peck
啄木鸟	woodpecker
啄物	picker
啄痕	peck
啄者	picker
啄食	peck
商	quotient
商业	trade, commercial
商业上	commercially
商业中心	mart
商业主义	commercialism
商业信息网	bin
商业化	commercialisation, commercialization
商业呆滞	inactivity
商业广告节目	commercial
商业的	commercial, merchant
商业精神	commercialism
商人	merchant, businessman
商人的	merchant
商务	commerce
商务载重	payload
商号	firm
商品	goods, commodity
商品化	commercial
商品化的	commercial
商品型号	marque
商品学	merchandising
商品广告	promo
商品性	commodification
商品推销	promo
商品销售	merchandising
商品陈列所	showcase
商场	emporium
商定	concerted
商定的	concerted
商店	shop, store
商店扒手	shoplifter
商标	brand, label
商用	commercial
商用的	commercial
商船	trader
商行	hong
商誉	prestige, goodwill
商讨	consult
商议	negotiate, counsel
商议的	consultative, consulting
商谈	powwow
商贩	pedlar
商量	advise, consult
商队	caravan
商队宿店	khan
啊	ah, dear
啊哈	aha
啊唷	ow
啐	pooh, gob
啐唾沫	spitting
啜	sip
啜泣	sob
啜泣着说	whimper
啜饮	sip
啤酒	beer
啤酒厂	brewery
啤酒工人	brewer
啤酒店	brasserie
啤酒杯	stein
啦啦队长	cheerleader
啧啧	tut
啧啧声音	tut
啪嗒声	click
啪地关上	clap
啪塔啪塔地走	tap
啭	twitter
啭鸣	chatter
啮	biting
啮合	tooth, lock
啮齿动物	rodent
啮齿类	rodent
啮齿类的	rodent
啸啸声	whistle
啸声	howling
啸鸣电路	howler
啼叫	crow
喂	come
喂乳	nursing
喂养	fledge
喂奶	nurse
喂马	groom
喃喃低语	mutter
喃喃的声音	murmuring
喃喃而语	mumble
喃喃自语	mutter
喃喃鸣不平	grumbling
喃喃鸣不平的	grumbling
善于交际	sociability
善于分析	analytical, analytic
善于分析的	analytical, analytic
善于创造	inventive
善于创造的	inventive
善于奉承的人	smoothie, smoothy
善于应变的	shifty
善于执行	executive
善于执行的	executive
善于经营	executive
善于经营的	executive
善人	angel
善变的人	chameleon
善意	benevolent, goodwill
善意的	benevolent
善泳的女子	mermaid
善良	goodness, benign
善良地	benignly
善良的	benign
善行	good
善行的	beneficent
善踢的人	kicker
善辩	eloquently, fluency
善辩地	eloquently
善饥	bulimia, gluttony
善饥的	bulimic
喇叭	horn, trumpet
喇叭声	trumpet, bray
喇叭状	flared
喇叭状的	flared
喇叭狗	bulldog
喇叭管	fallopian
喇叭裤	pajamas
喇嘛	lama
喉	swallow
喉咙	throat
喉咙的	guttural
喉头	larynx, laryngeal
喉头治疗用	laryngeal
喉头治疗用的	laryngeal
喉头的	laryngeal
喉部	laryngeal
喉音	throaty, laryngeal
喉音字	guttural
喉音的	throaty, guttural
喊	cry
喊出	bark
喊叫	shout, reclaim
喊叫地	vociferously
喊叫的	vociferous
喊叫着说	yell
喊叫者	crier
喊声	shout, yell
喊话	shouting
喋喋不休	rattle, wag
喋喋不休地说	rattle
喋喋不休地谈	chatter
喋喋不休的	garrulous
喋喋不休的人	jay
喋喋不休的话	rattle
喘不过气来	breathless
喘不过气来的	breathless
喘息	pant, gasp
喘息着说	wheeze
喘气	gasp
喘气声	wheeze
喘气的	puffy
喘鸣性的	strident
喙	beak, proboscis
喜不自禁	hilarious
喜不自禁地	hilariously
喜不自禁的	hilarious
喜出风头癖	exhibitionism
喜剧	comedy
喜剧演员	comic, comedian
喜剧的	comic, comedic
喜剧配角	stooge
喜夸耀	boastful
喜夸耀的	boastful
喜好	fancy
喜好窥阴	voyeuristic
喜好窥阴的	voyeuristic
喜好运动	sporting
喜好运动的	sporting
喜孤独的人	loner
喜庆	festival
喜庆日	festivity, fiesta
喜庆的	festival
喜怒无常	moody, moodily
喜怒无常地	moodily
喜怒无常的	moody
喜悦	gratification, joyfully
喜悦地	joyfully
喜悦的	charmed
喜模仿	imitative
喜模仿的	imitative
喜欢	like
喜欢冒险	adventurous
喜欢冒险的	adventurous
喜欢吵架	quarrelsome
喜欢吵架的	quarrelsome
喜欢外出	outgoing
喜欢外出的	outgoing
喜欢拥抱	cuddly
喜欢拥抱的	cuddly
喜欢的	pleased, glad
喜欢的事物	favorite, favourite
喜欢说话	talkative
喜欢说话的	talkative
喜气洋洋	beaming
喜气洋洋的	beaming
喜洋洋	jubilant
喜洋洋的	jubilant
喜爱	favorite, favourite
喜爱物	preference
喜爱的	favorite, favourite
喜爱音乐	musical
喜爱音乐的	musical
喜色	smile
喝	drink, drinking
喝倒彩	goose, boo
喝光	drain
喝彩	cheer, applause
喝得烂醉	polluted
喝得烂醉的	polluted
喝酒	wine, drink
喝酒化掉	guzzle
喝醉	tipsy, pissed
喝醉了	drunk
喝醉了的	drunk
喝醉的	tipsy, pissed
喝醉酒	smashed, stewed
喝醉酒的	smashed, stewed
喧吵	loud, jazz
喧吵的	loud, jazz
喧哗	hullabaloo
喧噪	fracas
喧嚣	blatant, din
喧嚣的	blatant
喧嚷	clamor
喧嚷的	vociferous
喧蛙	bullfrog
喧闹	noise, riot
喧闹地	blatantly
喧闹地向前走	lumber
喧闹游玩	romp
喧闹玩耍	romp
喧闹的	noisy, boisterous
喧闹的谈笑	clatter
喧闹者	brawler
喳喳声	chirp
喷	spray, spew
喷出	erupt, puff
喷出物	eruption
喷发	eruption
喷口	spout
喷吐	belch
喷嘴	jet
喷嚏	sneeze
喷头	sprayer
喷射	jet, spray
喷射器	thrower, injector
喷射流	jet
喷枪	airbrush, sprayer
喷气	whiff
喷气客机	jetliner
喷水	spraying
喷水器	sprayer
喷水车	sprayer
喷油井	gusher
喷泉	fountain, geyser
喷洒	aspersion
喷涂	spraying
喷涌	spew
喷涌物	spew
喷溅声	sputter, splutter
喷漆匠	painter
喷灌装置	rainer
喷火的东西	spitfire
喷灯	blowtorch
喷砂	sandblast
喷砂器	sandblast
喷镀	plating, spraying
喷雾	spray
喷雾器	diffuser, sprayer
喷霜	blooming
喷鼻息	snort
喻指显赫的人	lester
嗅	nose, smell
嗅出	wind
嗅出猎物	wind
嗅到	nose
嗅探器	sniffer
嗅猎	scent
嗅着去找	snuffle
嗅神经	olfactory
嗅觉	nose, smell
嗅觉器官	olfactory
嗅觉的	olfactory
嗉囊	craw, maw
嗉子	craw
嗓子	voice
嗓音	voice
嗓音的	vocal
嗖嗖声	sing
嗖地发射	swoosh
嗖地挥动	swish
嗖的一声	swoosh
嗜	addicted
嗜中性	neutrophil
嗜中性白细胞	neutrophil
嗜中性白血球	neutrophil
嗜中性的	neutrophil
嗜好	interest
嗜曙红细胞	eosinophil
嗜杀	bloody
嗜杀的	bloody
嗜欲	craving
嗜眠	lethargy
嗜眠的	lethargic
嗜血成性	cannibalism
嗜酒	boozy
嗜酒的	boozy
嗜酒者	drunkard
嗜酸性细胞	eosinophil
嗜食同类	cannibalism
嗡嗡作声	drone
嗡嗡响	buzzing
嗡嗡响的	buzzing
嗡嗡声	hum, buzz
嗡嗡的声音	drone
嗣女	heiress
嗣子	heir
嗤之以鼻	sniff
嗤笑	titter
嗥叫	howl
嗨	hey
嗫语	muttering
嗬	soho, hoy
嗯	mhm
嘀咕不停	whiny
嘀咕不停的	whiny
嘀咕的人	peeper
嘀咕者	whiner
嘁嘁喳喳地讲	twitter
嘈杂	noisy
嘈杂声	babble
嘈杂的	noisy
嘈杂的谈笑声	clatter
嘉奖	commend
嘉年华会	carnival
嘎吱作响	creaking
嘎吱嘎吱	creaky
嘎吱嘎吱声	creak
嘎吱嘎吱的	creaky
嘎吱地响	scrunch
嘎吱声	squelch
嘎嘎叫	quack
嘎嘎叫声	gaggle
嘎嘎响	whine
嘎嘎响声	scrunch
嘎嘎地叫	gaggle
嘎嘎声	whine
嘎嚓响着前进	chug
嘎嚓声	chug
嘎声	huskily
嘎声地	huskily
嘘	boo, sh
嘘嘘地响	zip
嘘声	hiss
嘟	beep
嘟嘟响	beep
嘟嘟声	toot
嘟囔	burble
嘭的一声	thud
嘱咐	prescribe
嘱望	expectancy
嘲弄	kid, guy
嘲弄地	derisively
嘲弄的	mocking
嘲笑	mock, ridicule
嘲笑地	derisively
嘲笑得使	sneer
嘲笑的	sardonic, derisive
嘲笑着说	sneer
嘲讽	wryly
嘲讽地	wryly
嘲骂声	hoot
嘲鸫	mockingbird
嘴	mouth
嘴的上部	mandible
嘴碎	flippant
嘴碎的	flippant
嘶叫	bray
嘶哑	hoarse, hoarsely
嘶哑地	hoarsely
嘶哑的	hoarse, throaty
嘶嘶作响	fizzy
嘶嘶作响的	fizzy
嘶嘶响	fizz
嘶嘶响着排气	snort
嘶嘶声	hiss, fizzle
嘻闹	skylark
嘿	ha, hello
噎	choke
噎住	suffocate
噎住的人	choker
噎塞	choking
噗	poof
噘起	pursed
器	vessel, appliance
器具	implement, apparatus
器具的	instrumental
器官	organic, organ
器官上	organically
器官上地	organically
器官的	organic
器官的颈部	cervix
器械	appliance
器械操作法	instrumentation
器械用法	instrumentation
器械的	instrumental
器皿	utensil
噪声抑制	silencing
噪声的	noisy
噪音	noise
噬菌体	phage
噬鱼蝮蛇	moccasin
噼啪响	clack
嚎哭	crying
嚎哭的	crying
嚎啕	wail, squall
嚷	shout
嚼	chewing
嚼碎	chew
囊	bladder, vesicle
囊尾蚴病	measles
囊的	cystic
囊肿	cyst
囚犯	prisoner, convict
囚禁	chain, pen
囚车	wagon
四个一组	quaternary
四个一组的	quaternary
四人做	foursome
四人做的	foursome
四人对抗赛	foursome
四人的一组	foursome
四价	quaternary
四价的	quaternary
四位字节	quartet
四便士	fourpence
四便士银币	fourpence
四倍	quadruple, fourfold
四倍的	quadruple, fourfold
四元	quaternary
四元的	quaternary
四冲程循环	four
四分之一	quarter
四分之一决赛	quarterfinal
四分之一圆	quadrant
四分位数	quartile
四分体	quadrant
四分值	quartile
四分卫	quarterback
四分线	quartile
四垒	fourfold
四垒的	fourfold
四处	about
四头的	quadriceps
四头肌	quadriceps
四年周期	olympiad
四开	quarto
四开大的书本	quarto
四散	squander
四散开	scattering
四散开的	scattering
四方院	quadrangle
四方院子	quad
四环素	tetracycline
四等分	quarter
四肢	limb
四肢修长	rangy
四肢修长的	rangy
四肢瘫痪	quadriplegic
四肢瘫痪的	quadriplegic
四肢瘫痪者	quadriplegic
四芯导线	quad
四角器	quadrangle
四角形	quadrangle
四轮单座马车	buggy
四轮大马车	coach
四轮运货马车	waggon
四轮马车	wagon
四边形	quadrangle
四进制的	quaternary
四部分组成	quadruple
四部分组成的	quadruple
四重	fourfold, quadruple
四重奏	quartet
四重的	fourfold, quadruple
回丝	thrum
回买协议	buyback
回击	reply
回击者	returner
回到	recur
回升	gravelled
回升时期	upswing
回合	bout, innings
回味	aftertaste
回响	reverberate, resound
回响的	reverberate
回嘴	retort
回国	repatriate
回国人员	returnee
回声	echo, resonance
回复	restore
回头浪	undertow
回头见	bye
回家	homebound, homing
回家的	homebound, homing
回廊	corridor
回弹	resilience
回弹的	resilient
回归	regression, regress
回归的	regressive, recurrent
回归线	tropic
回形针	clip
回忆	recall, memory
回忆录作者	reminiscent
回忆的	reminiscent
回忆起	remember
回想	recall
回扣	brokerage
回报	answer, respond
回收	reclaimed
回收利用	recycled
回收器	saver
回收的	reclaimed
回敬	retaliate, retaliation
回文构词法	anagram
回旋	whirl, convoluted
回旋加速器	cyclotron
回旋的	convoluted
回旋肌	rotator
回春	rejuvenation
回本国	homebound
回本国的	homebound
回来	return
回波	echo
回流	reflux, regurgitate
回涌	regurgitate
回溯	trace, retrospect
回潮	regain
回火	temper
回火的	tempered
回生	revival, revitalization
回程	return
回程的	return
回答	response, respond
回答的	respondent, responsive
回答者	responder
回肠	ileal
回肠的	ileal
回能的	resilient
回购	buyback
回路法	looping
回跳	bound
回车	enter
回车道	turnaround
回转	revolution, slew
回转仪	gyroscope, gyro
回转的	revolving
回避	avoid, skirt
回避的	evasive
回避讨论	shunt
回避论点者	shifter
回避问题	sidestep
回闪	flashback
回降	rollback, fallout
回音	echo
回顾	review, retrospect
回顾地	retrospectively
回顾展	retrospective
回顾的	retrospective
回飞棒的一种	kylie
回飞镖	boomerang
回魂尸	zombie
因为	for, that
因子	factorial
因子的	factorial
因式	factor
因循	procrastination
因循守旧	lockstep
因循守旧者	traditionalist
因循者	procrastinator
因数	factor
因果关系	causal, causation
因果关系的	causal
因果律	causation
因果性	causality
因果报应	karma, karmic
因次的	dimensional
因此	so
因洋葱使掉泪	onion
因特网	internet
因祸得福	fired
因素	factor
因纽特人	inuit
因纽特人的	inuit
因错觉产生的	illusory
团	group
团体	group
团体之间	intergroup
团体之间的	intergroup
团体分裂	splintered
团体的	corporate
团圆	reunion
团块	conglomeration
团子	dumpling
团服	regimental
团的	regimental
团结	united, solidarity
团结一致	solidarity
团结一致地	solidly
团结的	united
囤积	hoard
囫囵吞枣	bolt
园丁	gardener
园林路	greenway
园艺	gardening, horticulture
园艺家	gardener
园艺的	horticultural
困乏	sleepy
困乏的	sleepy
困倦	sleepily
困倦地	sleepily
困境	fix, dilemma
困局	predicament
困惑	puzzled, confused
困惑的	puzzled, confused
困扰	trouble, harassment
困扰人的情绪	obsession
困窘	embarrassment, discomfiture
困苦	discomfort
困难	difficult, difficulty
困难的	difficult
困难的境地	stymie
围以光环	halo
围以壕沟	entrench
围以栅栏	fenced
围以石墙	stonewall
围住	lap
围困	bottle
围困的	beleaguered
围场	paddock
围墙	fence, fencing
围巾	wrap, scarf
围捕	stalking
围攻	siege, besiege
围栏	rail
围模	boxing
围模料	investment
围涎	bib, pinafore
围着	round, circle
围绕	environment, surround
围绕物	surround
围腰	corset
围裙	apron
围裹	muffle
围起的地方	stockade
围长为	girth
固体	solid
固体性	solidity
固体的	solid
固化	hardening
固定	secure, fixed
固定剂	fixative
固定性	permanence
固定播送时间	sched
固定术	fixation, immobilization
固定法	fixation
固定物	fixture
固定的	fixed, permanent
固定绞车	jinny
固执	persistent, persist
固执地	persistently, doggedly
固执己见	opinionated, bigoted
固执己见的	opinionated, bigoted
固执的	persistent
固执的人	noncompliant
固执行为	obstinacy
固有	proper, inherent
固有品质	ingrain
固有地	inherently, integrally
固有的	proper, inherent
固着	anchorage
固色剂	fixer
国与国之间的	interstate
国书	credential, credentials
国产	indigenous, homemade
国产的	indigenous, homemade
国产税	excise
国会	congress, parliament
国会女议员	congresswoman
国会的	parliamentary, congressional
国会议会	congressman
国会议员	congressman
国体	polity
国内	home
国内地	domestically
国内的	home
国别设定	international
国君	prince
国境	frontier
国外	overseas
国外的	overseas
国家	country, state
国家主义	nationalistic
国家主义的	nationalistic
国家主义者	nationalist
国家地位	nationhood, statehood
国家的	state, national
国库	treasury, fiscal
国库的	fiscal
国有	nationalized
国有化	nationalisation, nationalized
国有化的	nationalized
国有的	nationalized
国民	citizen
国民兵	militiaman
国民军	militia
国民整体	commonwealth
国民的	national, civil
国王	king
国王侍从	chamberlain
国王的	sovereign
国立	national
国立的	national
国籍	citizenship, nationality
国营	nationalisation, nationalized
国营的	nationalized
国语	mandarin
国际	international
国际主义	internationalism
国际主义者	internationalist
国际互连网	internet
国际共管	internationalization
国际化	internationalization, internationalisation
国际性	internationally
国际性地	internationally
国际标准	is
国际法学家	publicist, internationalist
国际派	internationalist
国际的	international
国际象棋	chess
图	plot, graphical
图上未标明	uncharted
图上未标明的	uncharted
图下说明文字	underline
图书管理员	librarian
图书馆	library
图书馆员	librarian
图例	legend
图像	image, video
图像材料	iconographic, iconography
图像材料的	iconographic
图像的	video
图元	primitive
图利	mercenary
图利的	mercenary
图卢兹	toulouse
图库	gallery
图式	diagrammatic
图式的	diagrammatic
图形	figure
图形分辨率	resolution
图形的	graphic
图文框	frame
图文集	glossary
图标	icon
图标的	iconic
图样	design
图案工	draftsman
图案结构	patterning
图片	pic
图画	picture, drawing
图画文字	hieroglyph
图的	graphical
图示	graphical
图示法	iconography
图示的	graphical
图章	signet
图腾	totem, totemic
图腾的	totemic
图表	chart, diagram
图表的	diagrammatic
图表类型	subtype
图表集	atlas
图解	diagram
图解式的	graphical
图解的	schematic, diagrammatic
图解算法	graphics
图解者	illustrator
图谋	scheme
图象	picture
图象处理程序	imp
圆	round
圆三色堇	pansy
圆丘	knoll, hummock
圆凿	gouge
圆台	roundtable
圆周	circle
圆周率	pi
圆周的	peripheral
圆圆	roundly
圆圆地	roundly
圆块	cob
圆屋顶	cupola, domed
圆屋顶的	domed
圆形	circular, rounded
圆形剧场	amphitheater, amphitheatre
圆形场地	cirque
圆形大厅	rotunda
圆形建筑	rotunda
圆形机车库	roundhouse
圆形浮雕	medallion
圆形物	round
圆形的	circular, rounded
圆形装饰	medallion
圆形隆起物	hump
圆形饰物	roundel
圆括号	parenthesis
圆木	log
圆木塞	bung
圆木装车机	logger
圆材	spar
圆柱	column
圆柱体	cylindrical
圆柱体的	cylindrical
圆柱形的	cylindrical
圆柱的	columnar
圆桌	roundtable
圆桌的	roundtable
圆滑	soapy
圆滑的	soapy
圆满	completely
圆满地	completely
圆满成功	consummation
圆满论	perfectionism
圆满论者	perfectionist
圆点	dot
圆片	wafer
圆环	cirque
圆环图	doughnut
圆珠笔	ballpoint, biro
圆的	round
圆盖状	domed
圆盖状的	domed
圆盘	disk, disc
圆石	boulder, cobblestone
圆筒	cylinder
圆筒形	cylindrical, columnar
圆筒形的	cylindrical, columnar
圆筒状物	cylinder
圆翻领	turtleneck
圆胖	plump, chubby
圆胖的	plump, chubby
圆舞曲	waltz
圆舞曲的	waltz
圆荚	boll
圆通	pliable, ripeness
圆通的	pliable
圆锥	conical
圆锥体	cone
圆锥形	conical
圆锥形帐篷	tepee
圆锥形的	conical
圆锥的	conical
圆顶	dome
圆顶小帽	yarmulke
圆顶建筑	igloo
圆顶炉	cupola
圆顶的	vaulted
圆顶的塔	cupola
圆顶篷	cupola
圆顶鼓风炉	cupola
圈	loop
圈内人	coterie
圈套	trap, decoy
圈状物	wreath
圈起	enclose
土	earthy
土产	native
土人	aborigine
土佬儿	bumpkin
土制	earthen
土制的	earthen
土匪	brigand
土味	earthy
土味的	earthy
土器	crockery, earthenware
土地	ground
土地之所有	demesne
土地所有人	landowner
土地所有制的	agrarian
土地的	ground
土地肥沃法	fertilization
土地面积	acreage
土块	clod
土堆	hillock
土墩	mound
土壤	soil
土头土脑的人	hick
土布	homespun
土拨鼠	groundhog, marmot
土方工程	earthwork
土木工事	earthwork
土生生物	aboriginal
土的	earthy
土砖	adobe
土窖	crypt
土耳其	turkey
土耳其人	ottoman
土耳其人的	ottoman
土耳其帝国	ottoman
土耳其帝国的	ottoman
土耳其民族	ottoman
土耳其民族的	ottoman
土耳其长袍	caftan
土腔	brogue
土色	sallow
土色的	sallow
土茴香子	cumin
土著	aboriginal, aborigine
土著居民	aboriginal
土著的	aboriginal
土葬	interment
土褐色	drab
土褐色的	drab
土话	localism
土豆烙饼	latke
土质	earthy
土质的	earthy
土邦主	maharajah
土霸	bully
土黄色	khaki
土黄色军服	suntan
土黄色的	khaki
圣事	sacrament
圣人	sage
圣代冰淇淋	sundae
圣伊莱斯	giles
圣体	eucharistic
圣体的	eucharistic
圣俸	benefice
圣典	canon
圣地	shrine
圣坛	altar
圣堂	temple
圣布里奇特	bridget
圣座	holiness
圣徒	sainthood
圣徒地位	sainthood
圣所	sanctuary
圣歌	chant, anthem
圣歌的	hymnal
圣洁	holy
圣洁的	holy
圣灵	comforter
圣物保存器	custodial
圣物箱	reliquary
圣礼	sacrament, sacramental
圣礼的	sacramental
圣经	bible, scripture
圣经注解学	hermeneutic
圣经的	biblical, scriptural
圣经的一句	scripture
圣经的一节	scripture
圣者	santo
圣者像	santo
圣诗	psalm
圣诞老人	santa
圣餐	eucharistic, sacramental
圣餐仪式	liturgy
圣餐杯	chalice
圣餐的	eucharistic, sacramental
圣餐礼	ordinance
圣饼	wafer
圣骨匣	reliquary
在	be
在一定程度上	partly
在一边	aside
在上	aloft
在上开榫	tenon
在上方	above
在上涂清漆	varnished
在上雕刻	engraved
在上面	above
在上面地	upwardly
在下	infra
在下文中	hereinafter
在下面	under
在下面的	underlying
在下风	leeward
在下风方向	leeward
在下风的	leeward
在丛林中开路	bushwhack
在东北	northeastern
在东北的	northeastern
在中央	centrally
在中心	centrally
在中途	halfway
在中间	inter
在人文学方面	culturally
在从事活动	practising
在从事活动的	practising
在从事职业	practising
在从事职业的	practising
在任何地方	anyplace
在位	reigning
在位的	reigning
在何处	whereabouts
在修辞学上	rhetorically
在先	prior, precedent
在先的	prior, precedent
在公报上宣布	gazette
在其上	thereupon
在其中	amid, thereof
在其次	secondarily
在其间	amid
在内	outback
在内地	outback
在内心里	within
在内部	within
在军事上	militarily
在分娩中	confined
在分娩中的	confined
在别处	elsewhere
在前	before
在前一夜	overnight
在前台	onstage
在前台的	onstage
在前的	advanced, leading
在前面	precede, onwards
在半途	halfway
在南方	south
在南方的	southward
在各处	throughout
在后	behind
在后勤方面	logistically
在后台	backstage
在后地	behind
在后的	posterior, hind
在后面	tail
在后面的	tail
在哪方面	wherein
在哪里	where
在国内	onshore
在国内的	onshore
在国外	overseas
在国库方面	fiscally
在国际间	internationally
在地下	underground
在地区范围内	regionally
在外	out
在外交上	diplomatically
在外的	outer, outlying
在外部	externally
在外面	without
在头上	overhead
在头上的	overhead
在头顶上	overhead
在实验上	experimentally
在室外	abroad
在室外的	abroad
在家	home
在密室中	backroom
在密室中的	backroom
在对面	across
在岸上	ashore
在州的北部	upstate
在工作	practicing
在工作的	practicing
在左面	left
在市场上买卖	market
在市场上交易	market
在市场买卖	marketing
在床上	abed
在归途上	homeward
在归途上的	homeward
在当	locally
在当地	locally
在情绪上	emotionally
在意	care
在战前	prewar
在战场上	afield
在战术上	tactically
在战略上	strategically
在户内	indoors
在户外	outdoors
在文体上	stylistically
在旁边	beside, alongside
在日期上先于	predate
在日期上早于	predate
在最上面	uppermost
在最前	foremost
在最前面	upfront
在最高处	uppermost
在朝	in
在朝的	in
在末端	terminally
在本国	home
在枢轴上转动	pivot
在架上制作	rack
在某处	somewhere
在树皮上刻痕	blaze
在楼上	upstairs
在楼下	downstairs
在次页	overleaf
在此处	herein
在水下	underwater
在水中	underwater, submerged
在水中的	underwater, submerged
在法庭相争	litigate
在波涛中翻滚	billowing, billows
在泥中打滚	lair
在泥污中打滚	puddle
在泥浆中跋涉	slough
在海上	afloat
在海上工作	seafaring
在海上工作的	seafaring
在海上的	afloat
在海外	overseas
在海外的	ultramarine
在海那边	ultramarine
在海那边的	ultramarine
在海面下	undersea
在深处	deeply
在游泳池边	poolside
在游泳池边的	poolside
在火炉边	fireside
在火炉边的	fireside
在火车上	aboard
在炉中烧	furnace
在烤架上烧烤	barbecued
在焦点上	focal
在焦点上的	focal
在煮着	cook
在燃烧的木柴	firebrand
在社交上	socially
在社会上	socially
在空中	overhead
在空中格斗	dogfight
在第二	secondarily
在第二位	secondarily
在篮圈上跳动	bobble
在精神上	spiritually
在精神上地	spiritually
在职	sitting, incumbency
在职的	sitting
在职者	incumbent
在背肩上	piggyback
在背肩上的	piggyback
在背面	overleaf
在胎内	unborn
在胎内的	unborn
在脚下	underfoot
在舞台后方	upstage
在舞台后部	upstage
在舞台后部的	upstage
在船上	aboard
在船体中部	amidships
在船外	overboard
在船头	fore
在船尾	aft, astern
在艺术上	artistically
在西北	northwest
在西北的	northwest
在西北部	northwestern
在西北部的	northwestern
在西方	west
在谋略上胜过	outmaneuver
在近处	by
在这边	hither
在这边的	hither
在这里	here
在这里附近	hereabouts
在进行中	afoot
在进行中的	afoot
在远处	beyond
在那一点上	therein
在那一边	beyond
在那上面	thereon
在那方面	wherein
在那边	yon, yonder
在那里	there
在那附近	thereabouts
在里面	in
在里面的	in
在野外	outdoors
在铁路工作	railroad
在锅中煮	pot
在附近	about
在附近地	nigh
在附近的	nigh
在陆上	onshore
在雪泥中走	slush
在静脉中	venous
在静脉中的	venous
在顶上	atop
在飞机上	aboard
在马背上	horseback
在高处	aloft, overhead
地	loci
地上凿洞	borehole
地下	underground, subterranean
地下墓穴	catacomb
地下室	basement, cellar
地下工作者	subterranean
地下水	groundwater
地下的	underground, subterranean
地下道	tunnel
地主	landlord, landowner
地产	tenement
地产增值	betterment
地位	position
地位低	lowly
地位低的	lowly
地位的	positional
地位较低者	junior
地势	topography
地勤人员	kiwi
地区	country
地区号码	prefix
地区图	plot
地区性	regionally
地区性地	regionally
地区生活补贴	weighting
地区的	geographic
地图	map
地图制作	cartography
地图制作者	cartographer, mapmaker
地图集	atlas
地址	address, ad
地址转换器	at
地垒	horst
地域性	regional
地域性的	regional
地基	foundation, groundwork
地壳	crustal
地壳的	crustal
地层	stratum, substrate
地层学	stratigraphy, stratigraphic
地层学的	stratigraphic
地层情况	stratigraphy
地峡	isthmus
地带	region, zone
地平线	horizon
地形	terrain, topographical
地形学	topography, topographical
地形学的	topographical, topographic
地形测量	topographical
地形测量的	topographical
地形的	topographical, topographic
地役权	servitude, easement
地心引力	gravity
地志	topography
地志学	topology, topological
地拉那	tirana
地方	place
地方主义	regionalism, localism
地方化	localization
地方地官	commissioner
地方官	alderman
地方性	local
地方性地	locally
地方性的	local
地方武装团队	posse
地方法官	magistrate
地方病	endemic
地方的	regional
地方税纳税人	ratepayer
地方色彩	regionalism
地方行政长官	prefect
地方观念	parochialism, localism
地方议会成员	councillor
地方长官	reeve
地板	floor
地板材料	flooring
地板门	trapdoor
地段	district
地毯	carpet
地毯料	carpeting
地毯状物	carpet
地沟	gulch
地温	geothermal
地温的	geothermal
地点	where, place
地热	geothermal
地热的	geothermal
地牢	dungeon
地狱	hell
地狱之火	hellfire
地狱似的地方	inferno
地狱的	hellish
地狱边缘	limbo
地球	world
地球上的人	terrestrial
地球仪	globe
地球外	extraterrestrial
地球外的	extraterrestrial
地球物理学	geophysical
地球物理学的	geophysical
地球物理学者	geophysicist
地球的	earthly, terrestrial
地球的半面	hemisphere
地理	geographic, geography
地理学	geography, geographical
地理学的	geographical
地理学者	geographer
地理的	geographic, geographical
地界	land
地界标	landmark
地皮的	landed
地租	gale
地穴	crypt
地窖	cellar
地籍册	terrier
地缘政治学	geostrategic, geopolitics
地缘政治学的	geostrategic
地衣	lichen
地西泮	valium
地质	geologic, geological
地质学	geology, geological
地质学家	geologist
地质学的	geological, geologic
地质学者	geologist
地质情况	geology
地质的	geologic, geological
地道	subway, underground
地铁	subway, underground
地雷	mine
地雷工兵	sapper
地震	earthquake, seismic
地震学家	seismologist
地震的	seismic
地面	land, floor
地面上	ground
地面上的	ground
场	scene
场合	occasion
场地	field, ground
场地管理员	groundskeeper
场所	room, site
场设置	fields
场面	spectacle
坂崎由莉	yuri
均分	share, average
均势	equilibria
均匀	equality
均匀地	uniformly
均匀性	uniformity
均匀的	symmetric
均化	homogenization
均化作用	homogenization
均压器	equalizer
均压管	equalizer
均整	proportionality
均称	statuesque
均称的	symmetrical, statuesque
均等	equivalency, equalization
均衡	proportion, equilibrium
均衡器	equalizer
均衡性	proportionality
均衡的	balanced
坎伯兰郡	cumberland
坎宁安	cunningham
坎特伯雷	canterbury
坎贝尔	campbell
坏	bad
坏事	ill
坏人	villain, baddy
坏人似	villainous
坏人似的	villainous
坏名声	disrepute
坏地	bad
坏处	disadvantage
坏心眼	sourly
坏心眼地	sourly
坏心肠	malevolent
坏心肠的	malevolent
坏掉	broken
坏掉的	broken
坏死	necrosis
坏疽	gangrene, mortification
坏的	bad
坏脾气	bile, spleen
坏脾气的	crabby
坏蛋	dog
坏血病	scurvy
坏话	cuss
坏运气	misfortune, luckless
坏运气的	luckless
坏透	wickedly
坏透地	wickedly
坐	sit
坐凳子的人	bencher
坐卧不安	fidget
坐小雪橇滑雪	luge
坐式的	sedentary
坐惯	sedentary
坐惯的	sedentary
坐标	coordinate
坐标轴	axis
坐浴盆	bidet
坐牢	imprisonment
坐着	sitting
坐着的	sitting
坐着的人	sitter
坐立不安	restlessness, antsy
坐立不安的	antsy
坐立不安的人	fidget
坐船遇难者	castaway
坐落	sit, stand
坐雪橇	sledge
坐马车旅行	coach
坑	delve
坑厕	latrine
坑道工兵	miner
块	piece, mass
块茎	tuber
块菌	truffle
块长	length
坚信	conviction
坚信礼的	confirmatory
坚决	resolve, decidedly
坚决主张	insist
坚决地	resolutely, uncompromisingly
坚决的	resolute, unmoved
坚固	strong, firmly
坚固地	tightly
坚固的	strong, tough
坚定	firm
坚定不移	constancy, unshakeable
坚定不移的	unshakeable, unshakable
坚定地	determinedly, staunchly
坚定的	firm
坚实	consistently, stability
坚实的脚步声	tramp
坚强	strong, firm
坚强不屈	impregnable
坚强不屈的	impregnable
坚强地	strongly
坚强的	strong, firm
坚忍	unremitting, stoically
坚忍地	stoically
坚忍的	unremitting
坚持	stay, insist
坚持不懈	persistence
坚持地	persistently, insistently
坚持性	sticking
坚持的	consistent, persistent
坚果	nut
坚果壳	nutshell
坚毅	fortitude
坚牢	firmness, soundly
坚牢地	soundly
坚硬	hard
坚硬地	hard
坚硬外皮	crust
坚硬性	consistency
坚硬无比	adamantly
坚硬无比地	adamantly
坚硬的	hard
坚硬的东西	adamant
坚称	assert
坚质棉布	ticking
坚轫	tenacity
坚韧不拔	gritty
坚韧不拔的	gritty
坚韧的	tenacious
坟墓	grave, tomb
坟墓边	graveside
坠落	precipitation
坠落的	falling
坡度	pitch, gradient
坡道	ramp
坦克	panzer
坦克手	tanker
坦尼森	tennyson
坦帕市	tampa
坦普尔顿	templeton
坦率	freedom
坦率地	bluntly, openly
坦率承认	avow, avowed
坦率承认的	avowed
坦率的	blunt, outspoken
坦白	direct, frank
坦白地	frankly
坦白无隐	outspoken
坦白无隐的	outspoken
坦白的	direct, frank
坦直	honest
坦直的	honest
坩埚	crucible
坩锅	crucible
坪	plateau
坯料	ingot
垂	loll
垂下	hang, trail
垂下头	loll
垂下的	lop
垂体	pituitary
垂体制剂	pituitary
垂体的	pituitary
垂冰	icicle
垂头丧气	crestfallen
垂头丧气的	crestfallen
垂死	dying
垂死的	dying
垂死的人	moribund
垂死的挣扎	throes
垂涎	covet, slobber
垂涎的	coveted
垂环	pendant
垂直	vertical
垂直地	vertically
垂直的	vertical
垂直的位置	perpendicular
垂直线	perpendicular
垂直落下	plummet
垂饰	pendant
垃圾	garbage, trash
垃圾似	trashy
垃圾似的	trashy
垃圾场	dump
垃圾堆	landfill
垃圾填埋地	landfill
垃圾捣碎机	compactor
垃圾箱	dustbin
垃圾袋	baggie
垃圾邮件	spam
垄断	corner, monopoly
垄断性	monopolistic
垄断性的	monopolistic
垄断独占	monopoly
垄断者	monopolist
垄断论者	monopolistic, monopolist
垄断论者的	monopolistic
型号	sized
型号的	sized
垒	base
垒球	softball
垒球运动	softball
垣	wall
垫	pillow, mat
垫付的	advanced
垫充	padding
垫圈	washer, gasket
垫塞	padding
垫子	cushion
垫带	liner
垫木	template
垫片	spacer, gasket
垫牌	discard, renounce
埃	angstrom
埃丝特	esther
埃伦	ellen
埃克塞特	exeter
埃利斯	ellis
埃及祖玛	luxor
埃塞尔	ethel
埃尔希	elsie
埃尔普	herpe
埃尔维斯	elvis
埃尔莎	elsa
埃尔金	elgin
埃尔顿	elton
埃弗雷特	everett
埃德加	edgar
埃德蒙	edmond
埃德蒙顿	edmonton
埃文	evan
埃文斯	evans
埃文河	avon
埃普索姆	epsom
埃特金	aitken
埃琳娜	elena
埃米尔	emir, emile
埃米尔的地位	emirate
埃米莉	emily
埃莉	ellie
埃菲尔	eiffel
埃迪	eddie
埃里克	erik
埃里卡	erika
埋伏	ambush, lurk
埋入土中	earth
埋怨	grouse
埋置	embedding
埋葬	bury, burial
埋葬的	mortuary, funerary
埋葬虫	gravedigger
埋藏	bury
埋藏的	buried
埋设地雷	mine
城	burg
城垛	battlement
城域网	man
城堡	castle
城市	city
城市住房	townhouse
城市化	urbanism, urbanisation
城市居民	urbanite
城市的	urban
城市间	intercity
城市间的	intercity
城郭	bailey
城里人	townsman
城里生长的人	townspeople, townsfolk
城镇	town
城镇的风景	townscape
城镇风光	townscape
域	domain
域名	header
埠	port
培养	school, training
培养的	cultural
培养缸	aquarium
培育	nurture
培育植物	cultivar
培训	trained
培训人员	trainee
基于信用	fiduciary
基于信用的	fiduciary
基于标准	measured
基于标准的	measured
基元	primitive
基准	norm
基准程序	benchmark
基因	gene
基因型	genotype
基因改造的	transgenic
基因组	genome
基因组学	genomics
基因被改变的	transgenic
基尼	geordie
基层	skeleton, grassroots
基层的	skeleton, grassroots
基岩	bedrock
基底	floor, basis
基底的	basal
基座	pedestal
基德	kidd
基思	keith
基本	basic, fundamental
基本上	basically
基本原理	basic, fundamental
基本态度	animus
基本教育论	essentialism
基本权利	privilege
基本条件	postulate
基本的	basic, fundamental
基本规律	basic
基架	pedestal
基波	fundamental
基洛夫	kirov
基片	substrate
基牙	pier
基瓦会堂	kiva
基督	mediator
基督凡人论者	humanitarian
基督性	christological
基督性的	christological
基督教会	zion
基督教化	evangelization
基督论	christological
基督论的	christological
基石	sill
基础	basis, base
基础教学	grounding
基础材料	underpinning
基础的	elementary, basal
基础结构	infrastructure
基础训练	grounding, basics
基础设施	infrastructure
基线	baseline
基脚	plinth
基要主义	fundamentalism
基要主义者	fundamentalist
基调	motif
基质	matrix
基辅	kiev
基金	fund
基音	keynote
堂兄弟姊妹	cousin
堂区	parish
堂区俗人委员	churchwarden
堂吉诃德式	quixotic
堂吉诃德式的	quixotic
堂娜	donna
堂皇	palatial
堂皇的	palatial
堆	pile, heap
堆于	pile
堆制肥料	composting
堆叠	stack, pile
堆成小丘	hill
堆沙袋于	sandbag
堆满	stack
堆石界标	cairn
堆积	deposit, pile
堆积物	deposit
堆置场	yard
堆肥	compost
堆装	stow
堆起	pile, stack
堆集	conglomeration
堇菜	violet
堇菜科	violet
堇菜科的	violet
堕胎	abortion
堕胎的	abortive
堕胎者	abortionist
堕落	corruption, vicious
堕落的	vicious, degenerate
堕落者	pervert
堡垒	tower, fort
堤	bank
堤道	causeway
堤防	embankment, dike
堰	weir
堵	stifled
堵住	stem
堵住的	clogged
堵塞	stop
堵塞的	congested
堵漏防漏人员	plumber
堵裂缝	chink
塌落	cave
塌陷	dent
塑像用粘土	plasticine
塑像者	modeller
塑型	moulding
塑性力学	plasticity
塑料	plastic
塑料的	plastic
塑泥	plasticine
塑造	plastic, shape
塑造的	plastic
塔	tower
塔器	towers
塔夫绸	taffeta
塔尼娅	tanya
塔帕纤维布	tapa
塔斯马尼亚岛	tasmania
塔楼	turret
塔特	tate
塘鹅	gannet
塞	crush
塞伦	salem
塞住	stop
塞子	plug
塞子未开	untapped
塞子未开的	untapped
塞尔温	selwyn
塞尔维亚	serbia, serbian
塞尔维亚人	serbian
塞尔维亚人的	serbian
塞尔维亚的	serbian
塞巴斯蒂安	sebastian
塞布	chemise
塞德里克	cedric
塞汶河	severn
塞满	pack, cram
塞满了淤泥	silty
塞满了淤泥的	silty
塞满了的	stuffed
塞满的	crowded
塞琳娜	selina
塞维利亚	seville
塞缪尔	samuel
塞耶斯	sayers
塞西尔	cecil
塞西莉亚	cecilia
塞饱	gorge
填充	fill
填充剂	loading
填充器	stuffer
填充物	packing
填充符	filler
填垫材料	packing
填埋	dumping
填塞	ram, wad
填塞工人	stuffer
填塞物	stuffing
填塞者	tamper
填实	infill
填报人	informant
填料	padding, filling
填满	cram
填片	shim
填补	pad
填补的	expletive
填装	prime
境遇	situation
墓地	cemetery
墓志铭	epitaph
墓石	tombstone, headstone
墓碑	tombstone, gravestone
墓穴	grave
墙	wall
墙两边的阶梯	stile
墙体	walls
墙压顶	coping
墙壁	wall
墙手球	handball
墙手球运动	handball
墙的	wall
墙纸	wallpaper
墙脚	basement
墙面板	shingle
增产障碍	bottleneck
增值	appreciate
增值的	incremental
增值网	van
增刊	supplement
增剧	exacerbation
增加	add, increase
增加水分	moisturize
增加湿气	moisturize
增加物	augmentation
增加的	incremental
增加的人	addition
增加自主权	empowering, empowered
增加马力	soup
增压	pressurised, pressurize
增厚	thickening
增多	manifold
增大	make
增大的	enhanced
增威严	dignify
增宽	broadening
增强	tone
增强剂	reinforcer
增强填料	reinforcer
增强子	enhancer
增强材料	reinforcer
增强的	increased
增援	reinforce
增效	synergy
增殖	proliferation, proliferate
增殖体	vegetation
增殖者	multiplier
增氧健身法	aerobic
增氧健身法的	aerobic
增添	add
增湿器	damper, humidifier
增生	proliferation, hyperplasia
增生的	proliferating
增益	gain
增碳器	carburetor
增稠剂	thickening
增色剂	toner
增补	supplement, appendix
增补的	supplementary
增进	increase, further
增进的	promotional
增进知识	instructive
增进知识的	instructive
增速装置	speeder
增量	augment, increment
增量的	incremental
增长	growth, mount
增长的	incremental
增长见闻	informing
增长见闻的	informing
增音器	repeater
增高	raise
墨守成规	groovy
墨守成规的	groovy
墨守成规者	methodist, scholastic
墨尔乐	merlot
墨水	ink
墨水台	standish
墨水渍	blot
墨水的	inky
墨水缸	fount
墨汁	ink
墨累河	murray
墨西哥人	taco
墨西哥胡椒	jalapeno
墨角兰	marjoram
墨镜	sunglasses
墨黑	jet
墨黑的	jet
墩座	podium
壁	mural
壁上	mural
壁上的	mural
壁上观	uninvolved
壁似	mural
壁似的	mural
壁体	somatic
壁体的	somatic
壁内的	intramural
壁垒	rampart, bulwark
壁式烛台	sconce
壁柱	pilaster
壁橱	closet
壁炉	fireplace
壁炉台	mantelpiece
壁炉架	mantel, mantelpiece
壁画	mural
壁的	mural
壁纸	wallpaper
壁脚板	skirting
壁虎	gecko
壁虱	tick
壁龛	niche, alcove
壅塞	choking
壕沟	moat
壤土	loam
士兵	private, soldier
士气	morale
壮丽	imposing, splendor
壮丽地	splendidly, superbly
壮丽的	imposing, gallant
壮丽雄伟	heroic
壮丽雄伟的	heroic
壮举	feat
壮健	vigorously
壮观	grand, spectacular
壮观地	spectacularly, gloriously
壮观的	grand, spectacular
声乐作品	vocal
声乐家	vocalist
声信号装置	beeper
声名狼藉	notorious, notoriously
声名狼藉的	notorious, notoriously
声嘶的	hoarse
声学	acoustic, acoustical
声学的	acoustic, acoustical
声带	soundtrack
声明	statement, declare
声明放弃权利	renounce
声明离婚	repudiate
声望	reputation, prestige
声极	applicator
声槽	soundtrack
声称	announce
声称的	alleged
声纳	sonar
声脉冲	ping
声誉	prestige
声誉好	creditable
声誉好的	creditable, reputable
声调	tonic, intonation
声调的	tonic
声迹	soundtrack
声音	voice, sound
声音嘶哑	cracked
声音嘶哑的	cracked
声音沙哑	husky
声音沙哑的	husky
声音渐强	crescendo
声音的	vocal, audio
声音美妙	musical
声音美妙的	musical
声频	audio
壳	shell, hull
壳的	crustal
壶	pot
壶穴	pothole
处	inflict, bureau
处世	walk
处事马虎	slobber
处于中间	mediate
处于交战中	embattled
处于交战中的	embattled
处于困境	stranded
处于困境的	stranded
处于更高地位	upstairs
处以私刑处死	lynch
处以缓刑	probate
处刑	penalize
处在边缘	verge
处境	situation, weather
处境困难	ail
处处	passim
处女	virgin
处女座	virgo
处女性	maidenhead
处女时期	maidenhead
处女的	virgin
处女膜	maidenhead
处女贞洁	virginity
处女身份	virginity
处方	prescription, recipe
处理	manage, deal
处理器	processor
处理器接口	pi
处理的	manipulative
处理者	processor, handler
处私刑杀害	lynching
处绞刑	gibbet
处罚	penalty, punishment
处置	dispose, disposition
处置失当	mismanagement, mismanage
备件	spare
备办宴席者	caterer
备办食物者	caterer
备忘录	memo, memorandum
备忘记事本	filofax
备有	stock
备案	accreditation
备注	comment
备用	ready
备用品	spare
备用的	ready
备置卡片	card
复习	review
复习功课	review
复习课程	refresher
复交	reconciliation
复仇	revenge, vengeance
复仇女神	nemesis
复仇心重	vengeful
复仇心重的	vengeful
复仇的	avenging, vindictive
复仇者	avenger
复位	restoration, replacement
复位器	restorer
复兴	revival, renaissance
复兴的	renewed
复写	manifold
复写器	polygraph
复写纸	carbon
复制	copy, reproduction
复制品	replica, replicate
复制机	copier
复制的	duplicate, reproductive
复印	copy
复印件	photocopy
复印本	manifold
复原	recovery, recover
复原的	comeback
复发	recur, relapse
复发的	recurrent, recurring
复发趋向	recidivism
复合	compound
复合材料	composite
复合的	compound
复合词	compound
复员	deactivate, demobilization
复审	retrial
复式	duplex
复式的	duplex
复归	revert, regress
复归权	regress
复数	plural, plurality
复数的	plural
复新	revitalization
复本	counterpart, duplicate
复杂	involved, complex
复杂化	complication
复杂地	intricately
复杂性	complexity
复杂情况	complication
复杂的	involved, complex
复杂的事	intrigue
复杂的事物	complexity
复查	scrutiny
复活	renaissance, revival
复活的	resurgent, revived
复活者	resurgent
复滑车	tackle, burton
复现	replicate, reproduction
复现的	replicate, reproductive
复现试验	replicate
复生	resurgent, resuscitation
复生的	resurgent
复红	rubin
复职	rehabilitative
复职的	rehabilitative
复聪	recruitment
复苏	resuscitate, revival
复试	retrial, retest
复调	counterpoint
复调音乐	polyphony
复赛	playoff
复辟	comeback
复连	reunion
复述	repeat
复音现象	polyphony
夏	summery
夏天似	summery
夏天似的	summery
夏季	summer
夏尔巴人	sherpa
夏敦埃酒	chardonnay
夏的	summery
夏皮罗	shapiro
夏至期	midsummer
夕照	afterglow
外交	foreign, diplomatic
外交上的	diplomatic
外交使节	envoy
外交使节遂员	attache
外交冒险政策	brinkmanship
外交团长	dean
外交备忘录	memorandum
外交官	diplomat
外交家	diplomat
外交手腕	diplomacy
外交的	foreign, diplomatic
外人	outsider
外伤	trauma, traumatic
外伤的	traumatic
外侧	outboard, offside
外侧的	outer, outboard
外侧隐窝	cornucopia
外侨	alien
外倾	extraversion
外倾者	extrovert
外公	grandpa, grandad
外出	outgoing
外加	plus, impressed
外加的	impressed
外卖	takeaway
外卖的	takeaway
外原的	exogenous
外吃	takeaway
外吃的	takeaway
外向性格的人	extrovert
外周	periphery
外周的	peripheral
外围	periphery
外围地	peripherally
外国	foreign
外国人	alien, foreigner
外国佬	gringo
外国气派	outlandish
外国气派的	outlandish
外国的	foreign
外国的特性	foreignness
外国话	lingo
外国货	foreigner
外在	extrinsic, exterior
外在性	externality
外在的	apparent, extrinsic
外地	provincial
外地人	provincial, foreigner
外地的	provincial
外场	outfield
外场员	fielder
外堡	barbican
外壳	housing, crust
外套	wrap, coat
外套大衣	overcoat
外婆	grandma
外孙	grandchild, grandson
外孙女	grandchild, granddaughter
外层空间飞行	spaceflight
外屋	outhouse, outbuilding
外展	abduct, abduction
外展肌	abductor
外延	extensively
外形	species, shape
外形笨重	lumbering
外形笨重的	lumbering
外快	gravy, perquisite
外接	circumscribed
外接的	circumscribed
外推	extrapolate
外推法	extrapolation
外插法	extrapolation
外援	aid
外斜视	walleye
外斯	weiss
外旋	extort
外星球	exoplanet
外显子	exon
外服	outward
外服的	outward
外来	incident, exotic
外来人	exotic
外来物	exotic
外来的	foreign, incident
外来语	denizen
外栅	bailey
外流人口	spillover
外生	exogenous
外生的	exogenous
外甥	nephew
外甲	exoskeleton
外界	environment, outside
外界的	outside
外皮	shuck
外省	foreign
外省的	foreign
外祖母	gran
外科	surgery
外科医师	surgeon
外科医生	surgeon
外科医生的	surgical
外科手术	surgical
外科病例	surgical
外科病房	surgical
外科的	surgical
外籍居民	denizen
外胎	shoe
外船公司	outsider
外行	amateur, uninitiated
外行的	uninitiated, amateurish
外衣	slop, outerwear
外表	outside
外表上	externally, outwardly
外表的	outside
外表美观	specious
外表美观的	specious
外观	aspect, surface
外观的	surface
外貌	exterior
外部	without
外部文件报告	ref
外部的	external, outer
外野手	outfielder
外阴	vulva
外阴部	genitalia, genitals
外面	out
外面地	peripherally
外面的	out
外面覆盖	coat
外骨胳	exoskeleton
外骨骼	exoskeleton
多	more, much
多丘陵	hilly
多丘陵的	hilly
多么	what
多义性	ambiguity
多事	eventful
多事的	eventful
多云	cloudy
多云的	cloudy
多产	pregnancy, productive
多产作家	polygraph
多产的	productive, prolific
多介质的	hypermedia
多付	overpay
多价螯合作用	sequestration
多价螯合剂	sequester
多伦多	toronto
多余	waste, spare
多余地	unnecessarily
多余的	waste, spare
多偶性	polygamy, polygamous
多偶性的	polygamous
多元	multivariate
多元文化	multiculturalism
多元论	pluralism, pluralistic
多元论的	pluralistic
多元论者	pluralist
多党	multiparty
多党的	multiparty
多利斯型	doric
多利斯型的	doric
多刺	thorny, spiny
多刺的	thorny, spiny
多功能	multiple
多功能的	multiple
多变	capricious, caprice
多变的	capricious
多叶	leafy
多叶的	leafy
多哥	togo
多嘴	loquacious, garrulous
多嘴的	loquacious, garrulous
多国	multilateral, multinational
多国的	multilateral, multinational
多圈	loopy
多圈的	loopy
多型现象	polymorphism
多塞特	dorset
多媒体	multimedia
多孔	porous, spongy
多孔性	porous, porosity
多孔性的	porous
多孔的	porous, spongy
多学科	multidisciplinary
多学科的	multidisciplinary
多实	fruitful
多实的	fruitful
多少	how
多尔	dore
多尿症	diabetes
多层	multilayered
多层的	multilayered
多层缝术	terracing
多层面	multifaceted
多层面的	multifaceted
多山	mountainous
多山岗	hilly
多山岗的	hilly
多山的	mountainous
多岛屿的海	archipelago
多岩	craggy
多岩的	craggy
多巴哥岛	tobago
多巴胺	dopamine
多年生	vivacious
多年生的	perennial, vivacious
多形性	polymorphism
多彩	colorfully
多彩地	colorfully
多态性	polymorphism
多恩	donne
多情	amorous, emotionality
多情的	amorous
多愁善感	sentimentality
多才多艺	versatile
多才多艺的	versatile
多才多艺的人	multitalented
多数	many
多数主义者	majoritarian
多数人	many
多数状态	pluralism, plurality
多数的	numerous
多数逻辑	majority
多方面	various, extensive
多方面的	various, extensive
多明戈	domingo
多星	starry, astral
多星的	starry, astral
多普勒	doppler
多普勒的	doppler
多晶形	polymorphism
多未饱和的	polyunsaturated
多极	multipolar
多极的	multipolar
多树木	woody
多树木的	woody
多样	variety, multiple
多样化	diversified, diversification
多样化的	diversified
多样性	diversity
多样的	multiple
多次反复	repetitious
多次反复的	repetitious
多毛	hairy, nappy
多毛的	hairy, nappy
多民族	multiracial
多民族的	multiracial
多水分	juicy, succulent
多水分的	juicy, succulent
多汁	succulent
多汁液	juicy
多汁液的	juicy
多汁的	succulent
多沙	sandy
多沙的	sandy
多沙砾	beachy
多沙砾的	beachy
多油的	overstuffed
多沼地	marshy
多沼地的	marshy
多泉水	springy
多泉水的	springy
多泡	bubbly, frothy
多泡的	bubbly, frothy
多波折	checkered, chequered
多波折的	checkered, chequered
多泥煤	peaty
多泥煤的	peaty
多洞穴	gaping
多洞穴的	gaping
多浪	wavy
多浪的	wavy
多湿气	humid
多湿气的	humid
多点	dotty
多点的	dotty
多特蒙得	dortmund
多用	portmanteau
多用户	mu
多用的	portmanteau
多用途	versatility
多用途的	multipurpose
多疑	suspicious
多疑症	paranoia
多疑癖	skepticism, scepticism
多疑的	suspicious
多疙瘩	knobbly
多疙瘩的	knobbly
多瘤	lumpy, gnarled
多瘤的	lumpy, gnarled
多的	more
多相性	heterogeneity
多相的	heterogeneous
多石	rocky, stony
多石的	rocky, stony
多砾石	pebbly
多砾石的	pebbly
多碎石	gravelly
多碎石的	gravelly
多神教	pantheism
多种	multifarious, manifold
多种子	seedy
多种子的	seedy
多种感觉	multisensory
多种感觉的	multisensory
多种文化	multicultural
多种文化的	multicultural
多种的	multifarious, manifold
多种维他命	multivitamin
多种维他命剂	multivitamin
多种维他命的	multivitamin
多种色彩	multicolored
多种色彩的	multicolored
多种语言	polyglot
多种语言的	polyglot
多策略的	shifty
多管闲事	officious
多管闲事的	officious
多米尼克	dominic
多粒	grainy
多粒的	grainy
多级的	multilevel
多给报酬	overpay
多维	multidimensional
多维的	multidimensional
多老鼠	mousy
多老鼠的	mousy
多聚体	polymer
多肉	beefy, meaty
多肉的	beefy, meaty
多育的	prolific
多肽	polypeptide
多脂	obesity
多脓	pussy
多脓的	pussy
多腱	sinewy
多腱的	sinewy
多色彩	multicoloured
多色彩的	multicoloured
多色菱形花纹	argyle
多节	gnarled, knotty
多节的	gnarled, knotty
多花	flowery
多花的	flowery
多虫	buggy
多虫的	buggy
多蜜	honeyed
多蜜的	honeyed
多血	plethora
多血症	plethora
多角刀架	turret
多角形	polygon
多计	overstate
多词学名	polynomial
多词学名的	polynomial
多语言	multilingual
多语言的	multilingual
多诺万	donovan
多趣	playful
多趣的	playful
多路传输	multiplex
多路传输的	multiplex
多车相撞	pileup
多轶事	anecdotal
多轶事的	anecdotal
多边	multilateral
多边形	polygon
多边的	multilateral
多边贸易	multilateralism
多配	polygamy
多配偶	polygamy, polygamous
多配偶的	polygamous
多配偶者	polygamist
多配偶论者	polygamist
多配的	polygamous
多重态	multiplicity
多重性	multiplicity, pluralism
多雨	moist, rainy
多雨的	moist, rainy
多雪	snowy
多雪的	snowy
多青草	lush
多青草的	lush
多面	multidimensional
多面堡	redoubt
多面手	generalist, multitalented
多面的	multidimensional
多音	polyphonic, polyphony
多音的	polyphonic
多项式	polynomial
多项式的	polynomial
多风	windy
多风的	windy
多饰边	frilly
多饰边的	frilly
多香料	spicy
多香料的	spicy
多香果	allspice
多骨	bony, boney
多骨的	bony, boney
多鱼	fishy
多鱼的	fishy
多鳞	squamous
多鳞的	squamous
多鸟	birdy
多鸟的	birdy
夜	night
夜小礼服	tux
夜总会	disco, nightclub
夜晚	night
夜曲	nocturnal
夜曲的	nocturnal
夜点	nightspot
夜生活	nightlife
夜的	nocturnal
夜盗	burglar
夜盗行为	burglary
夜莺	nightingale
夜间	nighttime, nightly
夜间的	nightly, nocturnal
夜鹭	squawk
够	enough
大	great, big
大丈夫气概	masculinity
大三角帆	spinnaker
大主教	archbishop, primate
大主教之管区	archdiocese
大主教之职	archbishopric
大丽紫	dahlia
大丽花	dahlia
大举包围	mob
大事记	memorabilia
大亨	biggie, bigwig
大人	reverend, monsignor
大人物	great
大众	populace
大众汽车	volkswagen
大众的	popular
大会	convention
大会堂	auditorium, amphitheatre
大会客室	salon
大会的	congressional
大体	general
大体上	substantially
大体的	general
大体育馆	coliseum
大使	ambassador
大使馆	embassy
大便	stool, excrement
大修道院	abbey
大公	grandee, archduke
大公共娱乐场	coliseum
大公无私的	unbiased
大写字母	capital
大农场	plantation
大农场经营者	rancher
大出血	hemorrhaging
大刀	whittle
大分子	polymer
大剧场	coliseum
大剪刀	clipper, shear
大力士	giant
大匙	tablespoon, tbsp
大千世界	wide
大半	majority, largely
大半地	largely
大卫	david
大卵石	fieldstone
大厅	lobby, saloon
大厦	mansion, pile
大受欢迎的	booming
大变动	upheaval, cataclysm
大变革	revolution
大口地喝	swill
大口酒杯	beaker
大叫	cry, yell
大叫声	bawl
大号	tuba
大吃	wolf, stoke
大合唱	cantata
大君主	overlord
大吵大闹	barney
大哥大	cellphone
大商店	warehouse
大啤酒杯	tankard
大喜	delightfully
大喝大闹	jamboree
大喝特喝	swig
大喝采	ovation
大圆石	boulder
大地主	squire
大块	chunk, bulk
大块的	massive
大型客机	airliner
大型衣橱	armoire
大型铅弹	buckshot
大型鸟舍	aviary
大城市	megacity
大堆	mountain, pile
大堤	levee
大声	loud, loudly
大声发出	peal
大声叫	exclaim, vociferous
大声叫喊	holler
大声叫嚣	hoot
大声叫的	vociferous
大声咀嚼	munch
大声喊出	thunder, blare
大声地	loud, loudly
大声地嚼	champ
大声地要求	clamour, clamor
大声的	loud
大声的要求	clamor
大声说	cry
大声说出	roar
大声鸣响	peal
大多数	most
大多数地	predominantly
大多数的	most
大大	large
大大地	large
大失所望	disillusioned
大失所望的	disillusioned
大失策	blunder
大失败	debacle, fiasco
大头棒	bludgeon
大头针	pin
大头钉	tack, stud
大奖章	medallion
大学	university, college
大学入学许可	matriculation
大学全体师生	gown
大学奖学金	bursary, studentship
大学情况一览	catalogue
大学教师	academic
大学本科生	undergraduate
大学概况手册	catalog
大学毕业后	postgraduate
大学毕业后的	postgraduate
大学生	academic, undergraduate
大学生活	campus
大学生的	undergraduate
大学生联谊会	fraternity, frat
大学生选手	redshirt
大学的	collegial, collegiate
大学研究院	postgraduate
大学研究院的	postgraduate
大学肄业生	undergraduate
大学间	intercollegiate
大学间的	intercollegiate
大官	magnate
大富豪	millionaire, multimillionaire
大寺院男住持	abbot
大将的才略	captaincy
大小	size
大小相当	sizable
大小相当的	sizable
大屠杀	massacre, carnage
大帆船	galleon
大师	great
大帐篷	marquee, pavilion
大幅度	swinging
大幅度下降	slumping
大幅度的	swinging
大庄园	hacienda
大度	largess
大建筑物	edifice
大律师	barrister
大怒	rage
大悦	exultation
大惊小怪	fuss
大惊小怪的	prissy
大意	reckless, synopsis
大意的	reckless
大慈大悲	charitable
大慈大悲的	charitable
大房间	bullpen
大手帕	bandana
大批	array
大批出没	infest, infestation
大批杀害	decimate
大批滋生	infested
大批滋生的	infested
大批的离去	exodus
大批离去	exodus
大折合式刀	jackknife
大抡拳	roundhouse
大抵	usually, mainly
大拇指指甲	thumbnail
大提琴	cello
大提琴演奏家	cellist
大摇大摆	swagger
大摇大摆地走	cock
大摇大摆的	swaggering
大教会	megachurch
大教堂	cathedral
大斑点	blotch
大方	handsome, decent
大方地	liberally
大方的	handsome, decent
大无畏	undaunted
大无畏的	undaunted
大木块	chump
大本书	tome
大本营	stronghold
大杂烩	gumbo
大标题	headline
大树枝	bough
大梁	girder
大检修	overhaul
大楼管理员	porter
大概	probably, perhaps
大概的	probable
大槌	beetle, maul
大步	stride
大步慢跑	lope
大比目鱼	halibut
大氅	cloak
大气	atmosphere, atmospheric
大气压	atmosphere
大气压的	atmospheric
大气现象	meteor
大气的	atmospheric
大水	inundation
大汉	bozo
大汤匙	tablespoon
大法官法庭	chancery
大波斯菊	cosmos
大洪水	deluge, cataclysm
大流士	darius
大流星	fireball
大流行	pandemic, craze
大流行病	pandemic
大流行的	pandemic
大浅盘	platter
大浮冰	floe
大混乱	chaos
大混乱的	snafu
大滚筒	swift
大满贯	vole
大漩涡	maelstrom
大瀑布	cataract
大火	conflagration
大火灾	conflagration, holocaust
大灾难	catastrophe
大炮	cannon, ordnance
大熊猫	panda
大爆炸	bikini
大片土地	tract
大片的水	waters
大片落下	sheet
大牧场	ranch
大独石碑	monolith
大猩猩	gorilla
大王	baron
大理石	marble
大理石的	marble
大白鳇	beluga
大百货商店	emporium
大的	great, big
大砍刀	machete
大破坏	havoc
大礼帽	stovepipe, topper
大祭司	pontifical, pontiff
大祭司的	pontifical
大祸	catastrophe
大种家鸽	runt
大笑	laugh, scream
大篝火	bonfire
大红肠	baloney
大约	about, some
大约在	circa
大约的	approximate
大纲	outline
大罪	enormity
大羚羊	eland
大群	swarm
大翎毛	quill
大而重	massive
大而重的	massive
大肆吹嘘	vaunted
大肆吹嘘的	vaunted
大肆宣传	hype
大肚子	paunch
大肠杆菌	coli
大肠菌	coliform
大肠菌状	coliform
大肠菌状的	coliform
大胆	bold, dare
大胆地	boldly
大胆的	bold, daring
大胆的尝试	bravura
大胜利	bumper
大胜利的	bumper
大胸脯	busty
大胸脯的	busty
大脑	cerebral
大脑半球	hemisphere
大脑炎	encephalitis
大脑的	cerebral
大腿	thigh
大腿的	femoral
大腿骨	femur, femoral
大腿骨的	femoral
大臣	secretary, chancellor
大自然	nature
大致	approximately
大艺术家	classic
大花园的园丁	groundsman
大英百科全书	britannica
大草原	prairie
大葱	scallions
大蒜	garlic
大蕉	plantain
大蟒	python, constrictor
大街	avenue
大西洋大海鲢	tarpon
大西洋彼岸	transatlantic
大西洋彼岸的	transatlantic
大要	generality
大规模	mass, wholesale
大规模地	massively
大规模的	mass, wholesale
大讲堂	auditorium
大话	rant, moonshine
大豆	soybean, soy
大败	rout
大资本家	millionaire, magnate
大赛马	derby
大赦	amnesty
大路	highway
大转变	makeover
大道	highway
大部份	mostly
大部分	major, mostly
大部分的	major
大部头	voluminous
大部头的	voluminous
大都市	metropolitan, metropolis
大都市居民	metropolitan
大都市的	metropolitan
大酒杯	bowl
大量	much, big
大量之水	flood
大量使用	slather
大量削减	chopped
大量喝酒	bib
大量地	big
大量存在	abound
大量涌至	avalanche
大量生产	spawn
大量生成	spawning
大量的	large, important
大量财产	fortune
大钉一般	spiky
大钉一般的	spiky
大钐镰	scythe
大锅	cauldron
大错	blunder
大锤	sledgehammer, sledge
大门	gate
大陆	continent, continental
大陆的	continental
大陆那边	transcontinental
大陆那边的	transcontinental
大陆间	intercontinental
大陆间的	intercontinental
大集会	jamboree
大雨	soak, spate
大雷雨	tornado
大音乐家	maestro
大风	gale
大风雪	blizzard
大饼	flatbread
大驯犬	mastiff
大鹏	roc
大麦	barley
大麦片粥	polenta
大麻	marijuana, cannabis
大麻卷烟	reefer
大麻哈鱼	salmon
大麻浸膏	hashish
大麻烟卷	hemp
大麻麻醉剂	hashish
大黄	rhubarb
大黄根	rhubarb
大黄蜂	hornet, bumblebee
大鼻子	nosy, nosey
大鼻子的	nosy, nosey
大鼻者	nosy
天	day
天上	heavenly, ethereal
天上的	heavenly, ethereal
天主教	catholic
天主教徒	catholic
天主教的	catholic
天井	courtyard
天佑	providential
天佑的	providential
天体	orb, astronomically
天体图	map
天体地	astronomically
天体摄影	astrophotography
天体物理	astrophysics
天体物理学	astrophysical, astrophysics
天体物理学家	astrophysicist
天体物理学的	astrophysical
天使	angel
天使城	angeles
天使的	cherubic, angelic
天使般	angelic
天使般的	angelic
天使长	archangel
天冬	asparagus
天冬甜素	aspartame
天启	apocalyptic
天启的	apocalyptic
天命	vocation
天哪	gosh, golly
天啊	gosh
天国	celestial
天国似	heavenly
天国似的	heavenly
天国的	celestial
天堂	sky, heaven
天大	whopping
天大的	whopping
天底	nadir
天意	decree, providential
天意的	providential
天才	talent, gift
天文台	observatory
天文学	astronomy, astronomical
天文学上	astronomically
天文学上地	astronomically
天文学家	astronomer
天文学的	astronomical
天文钟	chronometer
天文馆	planetarium
天朗	tannoy
天极附近	circumpolar
天极附近的	circumpolar
天桥	overpass, crossover
天气	weather
天气的	synoptic
天气预报员	weatherman
天涯	skyline
天然	crude
天然井	cenote
天然时效	seasoning, weathering
天然的	crude
天然的物质	crude
天然碱	nether
天然肉色	carnation
天生	born
天生地	naturally
天生的	born
天的	celestial
天真	naive, childish
天真地说	prattle
天真幼稚的人	babe
天真无邪	innocence
天真烂漫	naivety, naivete
天真烂漫地	naively
天真烂漫的	childlike
天真的	naive, childish
天真的人	innocent
天秤座	libra
天空	sky
天空的	celestial
天窗	skylight, louvre
天竺葵	geranium
天篷	canopy
天线	antenna, aerial
天罚	plague, nemesis
天职	vocation
天职的	vocational
天色	sky
天花	smallpox
天花板	ceiling
天蓝	shamrock
天蓝色	sapphire, azure
天蓝色的	sapphire
天蛾	sphinx
天象图	planetarium
天资	flair
天资高	talented
天资高的	talented
天赋	genius, endowment
天赋地	innately
天赐	godsend
天赐的福	bliss
天门冬	asparagus
天青石	lazuli
天鹅	swan
天鹅星座	swan
天鹅绒	velvet
天鹅绒的	velvet
太	too
太古	pristine, immemorial
太古的	pristine, immemorial
太大	oversize
太大的	oversize
太太	wife
太好了	goody
太妃糖	toffee, taffy
太平	peaceable
太平无事	uneventful
太平无事的	uneventful
太平洋	pacific
太平洋沿岸	pacific
太平洋沿岸的	pacific
太平洋的	pacific
太平的	peaceable
太平间	mortuary
太监	eunuch
太空旅行者	astronaut
太空行走	spacewalk
太空衣	spacesuit
太过自信	cocky
太过自信的	cocky
太阳	sun, solar
太阳光	sunlight
太阳的	solar
太阳眼镜	sunglasses, sunglass
太阳系以外	extrasolar
太阳系以外的	extrasolar
太阳系内	interplanetary
太阳系内的	interplanetary
太阳裙	sundress
太阳镜	sunglasses
太阳鱼	sunfish
太阳黑子	sunspot
夫人	wife, lady
夫妇	couple
夫妇的	married
夫妇间	marital
夫妇间的	marital
夫妻	consort
央求	woo
夯	tamp
夯土机	compactor
夯实	tamp
失业	unemployment, unemployed
失业人数	unemployment
失业救济金	dole, pineapple
失业的	unemployed
失事	wreck, wreckage
失事的	wrecked, crashed
失事船只	wrack
失事遭难	wreckage
失人心	unpopularity
失修	disrepair
失去	lost
失去亲人	bereft
失去亲人的	bereft
失去光泽	tarnish
失去勇气	despondency
失去吸引力	pall
失去水分	evaporate
失去的	lost
失去知觉	inanimate, numb
失去知觉的	inanimate, numb
失宠	disfavor
失察	oversight
失常	wrong
失常的	wrong
失态	gaffe
失意	chill
失意的	frustrated
失控	wild
失控地	wild
失效	disabled, failure
失效的	disabled
失敏	desensitize
失明	blindness
失望	sell, disappointment
失望的	disappointed
失泽	tarnish
失泽膜	tarnish
失活	inactivation
失灵	malfunction
失物者	loser
失真	distortion
失眠	insomnia, sleeplessness
失眠患者	insomniac
失眠症	insomnia, vigilance
失眠症患者	insomniac
失礼	disrespectful, disrespect
失礼的	disrespectful
失神	absence
失禁	incontinence, incontinent
失禁的	incontinent
失窃	theft
失策	stumble, blunder
失算	miscalculation
失职	delinquency, jobless
失职的	jobless
失色	pale
失衡	unbalance
失误	miss, trip
失调	disturbance, imbalance
失谐	disharmony
失败	lose, fail
失败主义者	defeatist
失败了	busted
失败了的	busted
失败地	unsuccessfully
失败垮台	folded
失败的	abortive
失败者	failure
失足	slip, stumble
失踪	disappearance
失踪的	missing
失速的	stalled
失重	weightless, weightlessness
失重状态	microgravity
失重的	weightless
头	head
头发	hair
头发定型剂	hairspray
头发式样	coiffure
头发斑白	grizzled
头发斑白的	grizzled
头发的拳曲	curling
头向前	headlong
头向前地	headlong
头向前的	headlong
头在前	headfirst
头奖	jackpot
头巾	scarf, hood
头带	fillet, filet
头式	headdress
头昏	dizziness, dazed
头昏的	dazed
头昏眼花	dizziness, woozy
头昏眼花的	woozy
头晕	giddy, dizziness
头晕地	giddily
头晕的	giddy
头梳	comb
头状骨	magnum
头痛	headache
头皮	scalp
头皮屑	dandruff, dander
头盔	sconce
头盔状的	helmeted
头盔的顶部	crest
头盖	cranial
头盖的	cranial
头盖骨	skull
头目	ringleader
头等	top
头等的	top
头网	headgear
头脑	head
头脑作用	mentality
头脑昏昏然	muddled
头脑昏昏然的	muddled
头脑混乱	addled
头脑混乱的	addled
头脑清楚	sanity
头脑精明	judicious
头脑精明的	judicious
头衔	title, honor
头载数话器	headphone
头载机组	headset
头靠	headrest
头韵	alliteration
头顶	coronal
头顶的	vertical
头颅	skull
头饰	tire
头饰带	headband
夷平	level
夸克	quark
夸口	bluster
夸口说	boast
夸大	large
夸大之词	exaggeration
夸大地	large
夸大广告	quack
夸大炫耀	pyrotechnic
夸大炫耀的	pyrotechnic
夸大的	tall
夸大的事物	exaggeration
夸大的叙述	overstate
夸大的言辞	bombast
夸夸其谈	bombastic
夸夸其谈的	bombastic
夸奖	complimentary
夸奖的	complimentary
夸张	inflation, exaggerate
夸张法	hyperbole
夸张法的	hyperbolic
夸张的	theatrical, grandiose
夸示	splurge, panache
夸示的	ostentatious
夸耀	air
夸耀的	pretentious
夸脱	quart
夹	nip
夹克	jacket
夹入	sandwich
夹具	holder, fixture
夹击	gauntlet
夹发针	hairpin
夹大衣	topcoat
夹头	headlock, hander
夹子	clip
夹层板	sandwich
夹心软糖	bonbon
夹心面包	sandwich
夹持器	holder
夹杀出局	rundown
夹杂	lard
夹条板	sparring
夹板	plywood, splint
夹牢	clip
夹竹桃	oleander
夹紧	clamp
夹钳	clamp
夺	seizing
夺去	deprive, divest
夺取	snatch, seizure
夺取者	usurper
夺回	recapture
夺得者	captor
夺走	ravish
奇事	miracle
奇偶性	parity
奇卡诺人	chicano
奇境	wonderland
奇妙	wonderful, fantastic
奇妙地	strangely
奇妙的	wonderful, fantastic
奇妙的装置	contraption
奇异	marvellous, bizarre
奇异事物	marvel
奇异地	grotesquely
奇异性	strangeness
奇异的	marvellous, bizarre
奇异风格	grotesque
奇怪	strange
奇怪地	oddly, strangely
奇怪的	strange
奇怪的人	weirdo
奇想	crank, vagary
奇才	wizard, wiz
奇数	odd
奇数的	odd
奇校验	odd
奇点	singularity
奇特	peculiar
奇特的	peculiar
奇特的事物	odd
奇特行为	vagary
奇袭	surprise, raid
奇袭者	raider
奇观	spectacular
奇迹	wonder
奇迹的	miraculous
奇迹般	marvellous
奇迹般的	marvellous
奇闻	anecdote
奈杰尔	nigel
奉承	court
奉承的	obsequious, subservient
奉承者	courtier
奉献	offer
奉献物	offering
奉献的	votive
奉献给神	sanctify
奉献者	presenter
奉行	observance
奉行仪式主义	ritualized
奋发	strenuous, arousal
奋发的	strenuous
奋斗	push, contend
奋斗的	struggling
奋起	rouse
奎因	quine
奎奴亚藜	quinoa
奎宁	quinine
奏鸣曲	sonata
契据	indenture
契约	contract, agreement
契约性的	contractual
契约的	contractual
契约规定	contractually
契约规定地	contractually
奔	rush
奔忙	bustle
奔放	jazzy, effusive
奔放的	jazzy, effusive
奔流	torrent, torrential
奔流的	torrential
奔腾处理器	pentium
奔跑	run
奖券	lottery
奖励	encouragement
奖励金	bounty
奖品	award
奖学金	scholarship
奖学金获得者	scholar
奖牌	medal
奖章制作者	medalist
奖章获得者	medalist, medallist
奖章设计者	medalist
奖给	awarding
奖赏	prize, reward
奖金	prize, bonus
套住	ring
套具	tackling
套利	arbitrage
套头交易	hedge
套子	slipcover
套房	suite
套接字	socket
套期保值	hedge
套期图利	spreading
套柄铁锤	fuller
套汇	arbitrage
套环	ringer
套用老套	stereotype
套用老调	stereotyped
套用老调的	stereotyped
套穿	pullover
套穿的	pullover
套管	sleeve
套管式	telescopic
套管式的	telescopic
套索	noose, lasso
套索钉	toggle
套著的	coated
套衫	pullover
套装	suit
套装软件	package
奚落	taunt
奠基石	cornerstone
奠酒	libation
奢侈	high
奢侈地	high
奢侈的	luxury, extravagant
奢华	expensive, costly
奢华的	expensive, costly
奥克兰	oakland
奥克利眼镜	oakley
奥克塔维亚	octavia
奥克尼	orkney
奥克尼群岛	orkney
奥兰多	orlando
奥利维亚	olivia
奥古斯塔	augusta
奥古斯都	augustus
奥妙	hermetic, hermetically
奥妙的	hermetic
奥威尔	orwell
奥尔加	olga
奥尔多	aldo
奥尔森	olsen
奥尔良	orleans
奥德丽	audrey
奥拉夫	olaf
奥斯丁	austin
奥斯本	osborn
奥斯瓦德	oswald
奥林匹斯山	olympian
奥林匹斯山的	olympian
奥格登	ogden
奥秘	mystery
奥秘的	mystic, esoteric
奥罗拉	aurora
奥蒂斯	otis
奥迪公司	audi
奥迪汽车	audi
奥里斯	aureus
奥里根白栎	garry
奥马尔	omar
女主人	mistress, hostess
女主席	chairwoman
女主角	heroine
女人	woman
女人气	effeminate
女人气的	effeminate
女人的头巾	headscarf
女仆	woman
女代言人	spokeswoman
女伯爵	countess
女低音	alto, contralto
女低音手	contralto
女低音歌手	alto
女佣	girl
女侍者	waitress
女侯爵	marchioness
女便服	negligee
女修道会	convent
女修道院	covent, nunnery
女修道院院长	abbess
女傧相	bridesmaid
女儿	daughter
女儿墙	parapet
女儿的	daughter
女发言人	spokeswoman
女同性恋	lesbian
女同性恋的	lesbian
女同性恋者	lesbian
女售货员	saleswoman
女地主	landlady
女士	lady, madam
女外套	costumed
女大学生	coed
女婿	son
女子	female
女子成年期	womanhood
女子成年资格	womanhood
女子成年身分	womanhood
女子本性	femininity
女子气	femininity
女子的	female
女学生	schoolgirl
女学生联谊会	sorority
女孩	girl
女家庭教师	governess
女家长	matriarch
女巨头	princess
女巫	witch, sybil
女巫大聚会	coven
女市长	mayoress
女店员	salesgirl, saleswoman
女式内衣	lingerie
女式披肩	tippet
女式晨衣	matinee
女式睡衣	nightgown, nightdress
女式短裤	panties
女式衬衣	shimmy
女性	woman
女性化	nancy, feminize
女性化的	nancy
女性化的男人	nancy
女性朋友	amiga
女性男爵	baroness
女性的	woman
女性阴部	cunt
女总管	matron
女房东	landlady, hostess
女按摩员	masseuse
女按摩师	masseuse
女族长	matriarch
女朋友	girlfriend
女服务员	waitress
女服胸部	corsage
女权主义	feminism
女校长	headmistress
女歌手	warbler, songbird
女海妖	siren
女演员	actress
女牛仔	cowgirl
女王	queen
女用	woman
女用围巾	boa
女用的	woman
女用短上衣	bolero
女皇	empress
女监护人	godmother
女礼服	frock
女祖先	grandmother
女神	goddess
女神职人员	priestess
女祭司	priestess
女管家	housekeeper, stewardess
女管理人	stewardess, manageress
女管理人员	manageress
女经理	manageress
女继承人	heiress
女老板	hostess
女裁缝	seamstress
女裤	panty
女警察	policewoman
女议员	councilwoman
女议长	chairwoman
女贞	privet
女超人	superwoman
女阴	vulva
女预言家	sybil
女高音	soprano
女高音歌手	soprano
女高音的	soprano
奴仆	vassal
奴仆的	vassal
奴役	enslave, bondage
奴性	servile, slavish
奴性的	servile, slavish
奴才	minion
奴隶	slave
奴隶制度	slavery
奴隶商人	slaver
奴隶所有者	slaveholder
奴隶状态	slavery, servitude
奴隶的	servile, slavish
奴隶的身分	slavery
奴隶般	slavishly
奴隶般地	slavishly
奴隶贩卖船	slaver
奶	milk
奶嘴	nipple
奶头	nipple, pap
奶奶	granny, grandma
奶妈	nurse
奶昔	milkshake
奶油	butter, cream
奶油冻	mousse
奶油拌水果	fool
奶油糕点	brioche
奶油糖果	butterscotch
奶油色	creamy
奶油色的	creamy
奶油蛋卷	brioche
奶油调味液	creme
奶瓶	feeder
奶罩	bra, brassiere
奸商	profiteer, sharpshooter
奸夫	adulterer
奸妇	paramour
奸狡地行动	fox
奸细	collaboration
奸计	machination, trickery
奸诈	duplicitous
奸诈的	duplicitous, treacherous
她	she, her
她亲自	herself
她们	them
她们自己	themselves
她的	her
她自己	herself
好	good
好争吵	contentious, feisty
好争吵的	contentious, feisty
好争论	polemic, polemical
好争论的	polemic, polemical
好事	combative
好事的	combative
好事的人	busybody
好事者	interloper
好交际	sociable
好交际的	sociable
好像	comme
好像真实	verisimilitude
好几个	divers
好发牢骚	whiny
好发牢骚的	whiny
好吃	tasty, palatable
好吃的	tasty, palatable
好吃的东西	goodies
好名誉的	reputed
好吵闹的人	rowdy
好啊	bravo
好处	good
好奇	curious, curiously
好奇地	curiously
好奇心	curiosity
好奇的	curious
好奇者	pry
好学	studiously, booky
好学地	studiously
好学生	skull
好学的	booky
好客	hospitable
好客的	hospitable
好对付	treatable
好对付的	treatable
好心	graciousness
好意	favor
好意地	favourably, favorably
好感	favour
好戏上演	showtime
好战	militant, belligerent
好战性	belligerence
好战的	militant, belligerent
好战精神	militarism
好战者	fighter
好手	ace
好挑剔	choosy, bitchy
好挑剔的	choosy, bitchy
好挖苦	satirical
好挖苦的	satirical
好支配人	masterfully
好支配人地	masterfully
好斗	pugnacious, combative
好斗地	militantly
好斗的	pugnacious, combative
好朋友	buddy
好模仿	mimetic
好模仿的	mimetic
好殴斗者	slasher
好游玩	playfully
好游玩地	playfully
好炫耀的人	peacock
好的	good
好研究	investigative
好研究的	investigative
好竞争	competitively
好竞争地	competitively
好笑	funny
好笑的	funny
好管闲事	nosy
好管闲事的	nosy
好老弟	bubba
好色	salacious, prurient
好色之徒	erotic
好色的	salacious, prurient
好诉讼	litigious
好诉讼的	litigious
好读书	bookish
好读书的	bookish
好转	improvement, straighten
好辩	polemical, argumentative
好辩的	polemical, argumentative
好运	lucky, luck
好运的	lucky
好追根究底	inquisitive
好追根究底的	inquisitive
好问	inquisitive
好问的	inquisitive
好骂街的人	scold
如上	ibid
如今	actually
如何	how
如冬	wintry
如冬的	wintry
如刚毛	bristly
如刚毛的	bristly
如前	ditto
如前地	ditto
如同	comme
如实	objective
如实的	objective
如山	mountainous
如山的	mountainous
如愿以偿	achieve
如是	so
如果	if
如此	so, such
如此的	such
如死一般	deadly
如死一般地	deadly
如毛刷	brushy
如毛刷的	brushy
如流	flowing
如流的	flowing
如淑女	ladylike
如淑女的	ladylike
如熊	bearish
如熊的	bearish
如爪的手	talon
如父亲	fatherly
如父亲的	fatherly
如狐	foxy
如狐的	foxy
如猫	catty
如猫的	catty
如画	picturesque
如画的	picturesque
如百科辞典	encyclopedic
如百科辞典的	encyclopedic
如蜂般群居	hive
如镜	glassy
如镜的	glassy
如露	dewy
如露的	dewy
如香油	balsamic
如香油的	balsamic
如骨	bony
如骨的	bony
如魔法般	magically
如魔法般地	magically
如鸟	birdy
如鸟的	birdy
妄动	frivolous
妄动的	frivolous
妄想	covet, mirage
妄想发迹的人	careerist
妄想发迹者	careerist
妄想狂	paranoia
妄想的	delusional, delirious
妄想者	pretender
妄求者	pretender
妄自尊大	swagger, imperiously
妄自尊大地	imperiously
妄自尊大的	bumbling
妇产科医院	maternity
妇女	woman
妇女团体	sisterhood
妇女特质	femininity
妇女的	woman
妇女的发式	coiffure
妇女的胸衣	corset
妇女穿的睡衣	nightgown, nightdress
妇女联谊会	sorority
妇寡君贵妇人	dowager
妇科	gynaecological
妇科医学	gynecology
妇科医生	gynecologist, gynaecologist
妇科学	gynaecological, gynaecology
妇科学家	gynecologist, gynaecologist
妇科学的	gynaecological
妇科的	gynaecological
妈	mam
妈咪	mummy, mommy
妈妈	mom
妊娠	conception, gestation
妊娠期	gestation
妊娠的	pregnant
妒忌	jealousy
妓女	prostitute, tart
妓院	brothel, whorehouse
妖女	siren
妖娆	voluptuous
妖娆的	voluptuous
妖怪	bogey, spectre
妖术	enchantment
妖法	hex
妖精	pixie, sprite
妖艳打扮	tart
妖魔	orc
妖魔化	demonization
妙极	marvelously
妙极地	marvelously
妙计	coup, inspiration
妙语	quip, repartee
妙语如珠	punchline
妙趣横生	scintillating
妙趣横生的	scintillating
妙龄少女	rosebud
妥协	compromise, compound
妥协处理	compromise
妨害	foul, hindrance
妨害治安	seditious, sedition
妨害治安的	seditious, disorderly
妨害治安罪的	seditious
妨害物	obstacle
妨碍	bar, interfere
妨碍或阻碍	stonewall
妨碍物	obstructive
妨碍的	obstructive
妨碍者	intruder, interceptor
妩媚	enchanting
妩媚的	enchanting
妮基	nicky, niki
妹	sister
妻妾	harem
妻子	wife
妾	concubine
姊妹一般	sisterly
姊妹一般的	sisterly
姊妹之谊	sisterhood
姊妹关系	sisterhood
始发	originating
始发站	originator
始发者	originator
始基	rudiment
始祖	grandfather
始终	always, long
始终如一	uniform, invariably
始终如一地	invariably
始终如一的	uniform
姐	sister
姐妹	sister
姐妹般对待	sister
姑娘	sheila
姑息	appease
姓	surname
姓名	name
姓名的	name
姓氏不明	anonymity
姓氏不详	anonymous
姓氏不详的	anonymous
委付	abandonment, devolution
委任	commission
委任代理	deputation
委任代表	deputation
委任状	commission
委任的	authorized, commissioned
委任的职位	appointment
委任统治	mandate
委内瑞拉	venezuelan, ve
委内瑞拉人	venezuelan
委内瑞拉人的	venezuelan
委内瑞拉的	venezuelan
委员	commissioner
委员会	council, committee
委婉	roundabout, euphemistically
委婉的	roundabout, euphemistically
委婉语	euphemism
委婉说法	euphemism
委屈	grievance
委托	commitment, commit
委托书	proxy
委托人	client
委托制作	commission
委托的	committed
委托给	commend
委托统治	mandated
委托统治的	mandated
委托者	trustee
委派	appointment
姘妇	concubine
姜	ginger
姜饼	gingerbread
姜黄色	ginger
姜黄色的	ginger
姥姥	goody
姨丈	uncle
姨妈	aunt
姻亲关系	affinity
姿势	attitude, pose
姿势的	postural
姿势笔直	upstanding
姿势笔直的	upstanding
姿态	pose, gesture
威严	august, impressive
威严地	majestically
威严的	august, impressive
威信	prestige
威克斯	weeks
威利	willie
威利斯	willis
威压	coercion, overrule
威吓	menace, daunt
威吓者	hector
威士忌酒	whisky, whiskey
威士忌酒的	whiskey
威尔克斯	wilkes
威尔士人	taffy
威尔士男子	welshman
威尔弗雷德	wilfred
威尔斯	wells, welles
威尔特郡	wiltshire
威尔科特斯	wilcox
威尔莫特	wilmot
威尔逊	wilson
威尔金斯	wilkins
威尔金森	wilkinson
威布市	webb
威廉	william
威廉姆斯	williams
威廉姆森	williamson
威慑	deterrent, deter
威慑力量	deterrent
威慑的	deterrent
威拉德	willard
威望	prestige
威特	witt
威胁	danger, threaten
威胁地	threateningly, menacingly
威胁的	menacing, threatening
威莱	valle
威逼	bullying
威风	imposing
威风凛凛	commanding, jovian
威风凛凛的	commanding, jovian
威风的	imposing
娇养	coddle, cocker
娇小美丽	mignon
娇小美丽的	mignon
娘们儿	twat
娘娘腔的男人	molly
娘家姓	nee
娱乐	sport, entertainment
娱乐业	showbusiness
娱乐场	midway
娱乐室	playroom
娱乐性行业	showbiz
娱乐时间	playtime
娱乐活动	amusement
娱乐界	showbiz
娱乐的	recreational
娱乐表演	entertainment
娴淑	ladylike
娴淑的	ladylike
娴静	demure
娴静的	demure
娶	marry
娼妓	whore
婆罗双树	sal
婉谢	decline
婚前	premarital
婚前的	premarital
婚外	extramarital
婚外的	extramarital
婚姻	marriage, married
婚姻生活	matrimony
婚姻的	married, marital
婚生	legitimate
婚生的	legitimate
婚礼	wedding, marriage
婚礼前的	prenuptial
婚礼的	matrimonial, bridal
婚约	contract
婴儿	baby, infant
婴儿内衣	gertrude
婴儿室	nursery
婴儿小床	crib
婴儿期	infancy
婴儿测量器	pedometer
婴儿的	infant
婴儿车	pram
婴孩	baby
媒人	shotgun
媒介	medium
媒介物	intermediary
媒介的	intermediary
媒体	media, medium
媒质	media
媚眼	leer
媾和	pacification
嫁	marry
嫁妆	dowry
嫁接	graft, inoculate
嫁接法	grafting
嫁祸于	impute
嫉妒	jealous, envy
嫉妒的	jealous, envious
嫌恶	dislike, disgust
嫌恶的	aversive
嫌疑	suspicion
嫌疑犯	suspect
嫖妓	wench
嫖客	john
嫡亲	own
嫡亲的	own
嫩	tender
嫩枝	burgeon, scion
嫩煎	browned
嫩的	tender
嬉戏	frolic, wanton
嬉戏作乐	merry
嬉戏作乐的	merry
嬉戏的	frolic
嬉皮士	hippie, hippy
嬉皮群居村	ashram
嬉耍	lark
嬗变	transmutation
孀妇	widow
子公司	subsidiary
子午线	meridian
子午线的	meridian
子单位	subunit
子单元	subunit
子句	clause
子嗣	posterity
子图形	sprite
子夜	midnight
子女	filial
子女的	filial
子字段	subfield
子孙	son
子宫	oven, matrix
子宫内	intrauterine
子宫内的	intrauterine
子宫内膜异位	endometriosis
子宫内膜的	endometrial
子宫切除	hysterectomy
子宫切除术	hysterectomy
子宫旁的	parametric
子宫的	uterine
子宫颈	cervical
子宫颈的	cervical
子弹	bullet
子房	ovarian, ovary
子房的	ovarian
子样本	subsample
子测验	subtest
子爵	viscount
子牙乌	garnet
子画面	sprite
子类	subcategory
子系统	subsystem
子群	subgroup
子范畴	subcategory
子设备	subset
子集	subset
孔	hole
孔口	orifice
孔径	aperture
孔眼	perforation, eyelet
孔雀	peacock
孕	gestation
孕期	prenatal
孕期的	prenatal
孕激素	progestin, progesterone
孕甾酮	progesterone, progestin
孕育	gestation
孕腹轻松	lightening
孕酮	progesterone
字	word
字体	font, typeface
字典	dictionary, lexical
字典的	lexical
字幕	caption
字形	picture
字样	sample
字段	fields
字母	letter
字母图案	monogram
字母数字	alphanumeric
字母数字的	alphanumeric
字母的	alphabetical
字母组合	monogram
字母表	alphabet
字盒	cassette
字符	character
字符组	burst
字节	byte, syllable
字谜游戏	charade
字迹模糊	illegible
字迹模糊的	illegible
字长	length
字面	typeface
字面上	literal
字面上的	literal
字面量	literal
字首	initial
字首的	initial
字首组合词	acronym
存储	storage
存储器	storage, memory
存储桶	bucket
存储槽	slot
存入关栈	bond
存取	access
存在	exist, existing
存在主义	existentialism
存在主义者	existentialist
存在于	consist
存在状态	existence
存在的	existing
存在论	ontological, ontology
存在论的	ontological
存库	warehousing
存放	deposit
存放处	storage
存放者	depositor
存栈	warehousing
存根	stub
存档	archive
存款	fund, saving
存款人	depositor
存货	stock
存货商	stockist
存货清单	inventory
存货的	stock
孙	grandchild
孙女	granddaughter
孙子	grandson, grandchildren
孙辈	grandchildren
孜孜不倦	persevere
孜孜从事	plod
孝敬	piety
孝顺	obedient, filial
孝顺的	obedient, filial
孟加拉	bengal
孟德尔	mendel
孟诺教派	amish
孢子	spore
季刊	quarterly
季后赛	playoff
季度	quarter
季度的	quarterly
季肋部的	hypochondriac
季节	season
季节性	seasonally, seasonality
季节性地	seasonally
季节性的	seasonal
季节的	seasonal
季风	monsoon
孤僻	morose
孤僻的	morose
孤儿	orphan
孤儿的	orphan
孤儿身份	orphanage
孤儿院	orphanage
孤单	lonely, lone
孤单的	lonely, lone
孤寂	lonely, solitude
孤寂的	lonely
孤峰	butte
孤注一掷	gamble
孤独	alone
孤独感	aloneness
孤独症	autism
孤独癖	autism
孤独的	alone
孤独的人	crusoe
孤立	island, isolated
孤立主义	isolationism
孤立主义者	isolationist
孤立地区	island
孤立无援	marooned
孤立无援的	marooned
孤立的	isolated, lone
孤苦伶仃	forlornly
孤苦伶仃地	forlornly
孤零零	isolated
孤零零的	isolated
学业上	academically
学习	study, learn
学习指南	tutorial
学习者	learner
学会	college, institute
学会会员	academician
学会的	institutional
学位	degree
学位证书	parchment
学到	acquire
学士	bachelor
学士学位	baccalaureate
学徒	apprentice
学徒制	apprenticeship
学徒工	trainee
学徒期	apprenticeship
学徒身分	apprenticeship
学徙工	probationer
学报	transaction
学期	semester
学术	academic
学术上	learned, technically
学术上的	learned
学术性	technicality
学术成就	scholarship
学术生涯	academia
学术界	academia
学术的	academic
学校	school
学校作业	schoolwork
学校教育	scholastic, schooling
学校教育的	scholastic
学校的	scholastic, collegial
学步的小孩	toddler
学步的幼儿	toddler
学生	student
学生时代	schoolday
学生身分	studentship
学科	study, science
学科间的	interdisciplinary
学程	curriculum
学究	scholastic, academician
学究式	pedantic
学究式的	pedantic
学童	schoolchild
学者	student
学者派头	scholarly
学者派头的	scholarly
学者的	scholastic
学者风度	scholarly
学者风度的	scholarly
学舌	parrot
学识	learning, wisdom
学说	theory, teaching
学说的	doctrinal
学费	tuition
学部	dept
学问	knowledge, learning
学问上	scientifically
学问的	palladian
学院	college, academic
学院的	academic
学院的一员	collegian
学院的学生	collegian
学院院长	dean
学龄前儿童	preschooler
孩子	child
孩子们	children
孩子似	childlike
孩子似的	childlike
孩子气	childish
孩子气的	childish
孩子穿的睡衣	nightgown, nightdress
孩提时代	cradle
孩童时期	childhood
孩童风雪装	snowsuit
孪生	twin
孪生的	twin
孵	hover, hatch
孵出	hatch
孵化	hatch, incubation
孵化箱	incubator
孵卵器	incubator
孵卵处	hatchery
孵育	incubation
孵育物	incubate
孵蛋	incubate
宁可	rather, prefer
宁愿	choose
宁静	serene, serenity
宁静地	serenely
宁静的	serene, halcyon
它	it
它们	they
它们自己	themselves
它本身	itself
它的	its
它自己	itself
宅基地	homestead
宅男	homeboy
宅邸	mansion
宇宙	world
宇宙哲学	cosmology, cosmological
宇宙哲学的	cosmological
宇宙学家	cosmologist
宇宙的	universal, cosmic
宇宙航行	cosmic
宇宙航行的	cosmic
宇宙论	cosmology, cosmological
宇宙论的	cosmological
宇宙论者	cosmologist
宇宙飞船	spaceship
宇航员	astronaut
宇航学	astronomically
宇航学地	astronomically
守侧面	flank
守侯	watch, wake
守候	scout
守势	defensive
守势地	defensively
守卫	ward, janitor
守卫区	backfield
守卫者	guard
守垒员	baseman
守备	garrison
守备队	garrison
守夜	wake
守寡	widowhood
守护	ward, tutelage
守护神	angel
守旧	fossil
守旧性	conservatism
守旧的	fossil
守旧者	hunker
守时	punctual
守时的	punctual
守望	lookout, watching
守望者	watcher
守法	lawful, lawfully
守法地	lawfully
守法的	lawful
守规矩	mannered
守规矩的	mannered
守财奴	miser, cheapskate
守车	caboose
守门	goalkeeping
守门员	goalkeeper, goalie
守队队员	fielder
安	ann
安东	anton
安东尼	anthony
安东尼奥	antonio
安乐	ease, comfortably
安乐地	comfortably
安乐死	euthanasia
安全	security, safety
安全保管	safekeeping
安全地	surely, safely
安全地带	refuge
安全性	security
安全检查程序	security
安全的	safe, secure
安吉	angie
安吉拉	angela
安吉洛	angelo
安在马上	mounted
安在马上的	mounted
安培	amp
安塞姆	anselm
安大略湖	ontario
安妮	anne, annie
安妮特	annette
安娜	anna
安宁	welfare
安定	stability, stable
安定剂	stabiliser
安定器	stabiliser
安定的	stable
安定药	tranquilliser, tranquillizer
安定装置	stabilizer
安尼塔	anita
安居	ensconced
安居的	ensconced
安德	ande
安德斯	anders
安德森	anderson
安德森市	anderson
安德烈	andre
安德里亚	andrea
安德鲁	andrew
安德鲁斯	andrews
安心	secure, reassurance
安心地	securely, confidently
安心的	secure
安息	rest
安息所	haven
安息日	sabbatical
安息日的	sabbatical
安息香	benjamin
安慰	comfort, console
安慰之物	solace
安慰剂	placebo
安慰地	reassuringly, soothingly
安慰用品	plaster
安慰的	comforting
安慰的人	comforter
安慰的话	placebo
安慰者	comfort
安托万	antoine
安抚	conciliatory, conciliation
安抚的	conciliatory
安排	make
安排好	ordered
安排好的	ordered
安排比赛的人	matchmaker
安排的	arranged
安排者	planner
安排节目	program, programme
安放	settle
安杰利斯	angeles
安格斯	angus
安森	anson
安歇	roost
安死术	euthanasia
安灵曲	requiem
安琪	angie
安眠药	hypnotic
安第斯山脉	andean
安第斯山脉的	andean
安置	put, set
安置好	ensconced
安置好的	ensconced
安良城红	beni
安装	bed, fit
安装发动机于	engine
安装启用	implementation
安装器	erector
安装在底座上	seat
安装工	erector
安装的	installed
安装程序	install
安装者	installer
安详	serene, serenely
安详地	serenely, sedately
安详的	serene
安迪	andy
安逸	ease, cozy
安逸的	cozy
安静	quiet, silence
安静下来	peace
安静地	quietly
安静的	quiet, silent
安非他明	benny, amphetamine
安非他民	amphetamine
安顿	settlement
安顿下来	ensconce
安魂曲	requiem
完不成	bungled
完了	damnation
完井	completion
完人	paragon
完全	very, quite
完全不	little
完全地	full, absolutely
完全坚固	soundness
完全形态	gestalt
完全悔悟	contrition
完全的	full, complete
完全相同	identical
完全相同的	identical
完全统一	monolithic
完全统一的	monolithic
完全静寂	soundlessly, soundless
完全静寂地	soundlessly
完全静寂的	soundless
完备	maturity
完好	perfect
完好的	perfect
完工	complete
完工者	finisher
完形	gestalt
完成	do
完成时	perfect
完成的	complete
完成者	performer
完整	one
完整地	perfectly
完整性	integrity, perfection
完整的	one
完整的事物	integer
完整的配置	conformation
完结	through, close
完结的	through
完美	perfect, ideal
完美之物	paragon
完美地	ideally
完美文书	wordperfect
完美的	perfect, ideal
宏	mac, macro
宏亮的	sonorous
宏伟	massive, magnificent
宏伟地	grandly, magnificently
宏伟的	massive, magnificent
宏大	magnificence, baronial
宏大的	baronial
宏录制器	recorder
宏碁	acer
宏观	macroscopic
宏观的	macroscopic
宗	chung
宗主国	imperial, metropolitan
宗主国的	imperial, metropolitan
宗主国的公民	metropolitan
宗教	religion
宗教上	religious
宗教上的	religious
宗教仪式	ritual
宗教信仰	religion
宗教信条	creed
宗教性	religious
宗教性激动	shamanism
宗教性的	religious
宗教老师	gurus
宗教裁判官	inquisitor
宗教领袖	aga
宗族	tribe, tribal
宗族的	tribal
宗旨	objective
宗派	sect, faction
宗派主义	sectarianism
宗派成员	sectarian
宗派的	sectarian, denominational
宗谱	genealogy, genealogical
宗谱的	genealogical
官僚	bureaucracy, bureaucratic
官僚主义	bureaucracy
官僚主义者	bureaucrat
官僚作风的人	bureaucrat
官僚圈子	officialdom
官僚政治	bureaucracy
官僚机构	bureaucracy
官僚的	bureaucratic
官吏	bureaucracy
官员	official, officer
官场	officialdom
官方	official
官方地	officially
官方授意	inspired
官方授意的	inspired
官方的	official
官方记录	transcript
官能	function
官能度	functionality
官能的	functional
定中心	centre, center
定义	define, definition
定义使用	du
定义的	definitional, defining
定价	pricing
定价人	rater
定价员	valuer
定价太高	overpriced
定价太高的	overpriced
定位	registration
定位化	localization
定位器	locator, retainer
定位格架	spacer
定位置	emplacement
定位输入器	locator
定做	customize
定制	custom
定制的	custom
定向	directed
定向的	directed, targeted
定向越野比赛	orienteering
定型	set
定型的	standardized
定域	localize
定基调	keynote
定局	finalize, finality
定局的	crucial
定居	locate, resident
定居的	resident
定常	stationary
定序	ordering, sequencing
定形	shape
定形的	shapely
定影剂	fixer
定影液	fixative
定律	law
定态	stationary
定性	qualitative
定性的	qualitative
定户	subscriber
定数	destiny
定方位	orientation
定日期	date
定时	time
定时器	keye
定时器时钟	timing
定时的	time
定期	periodically, terminal
定期出版	periodical
定期出版的	periodical
定期生活津贴	stipend
定期的	terminal, periodic
定期租金	gale
定期航行	ply
定期船	liner
定期重复	recurrent
定期重复的	recurrent
定栖	sedentary
定栖的	sedentary
定样	chunk
定桩法	pivoting
定殖	colonisation
定理	theorem
定界	demarcate, demarcation
定界限	delimit
定相	phased
定相的	phased
定稿	finalise, finalize
定线不准	misalignment
定罪	conviction
定置	fixation
定色	fixation, fixative
定色剂	fixer, fixative
定色的	fixative
定论	verdict
定语	attribute
定货	order
定购	order
定距片	spacer
定量	quantify, quantitative
定量供应	allowance
定量比率	quantification
定量的	quantitative
定量配给	rationing
定金	deposit, earnest
定音调	tone
定额	ration, norm
定香剂	fixer
宜人	jolly
宜人的	jolly
宜传	exploitation
宜玩	playable
宜玩的	playable
宝兰公司	borland
宝塔	pagoda
宝库	treasury, thesaurus
宝物	treasure
宝瓶宫	aquarius
宝瓶座	aquarius
宝石	stone, jewellery
宝石匠	jeweler, jeweller
宝石商	jeweler, jeweller
宝蓝	borland
宝贝	sonny, lovey
宝贝儿	tootsie
宝贵	precious, valuable
宝贵的	precious, valuable
宝鸟服饰	bono
实业	industry
实业家	businessman
实习医师期	internship
实习医师职位	internship
实习工	probationer
实习生	intern, trainee
实习科目	practicum
实习课	practicum
实体	reality, entity
实体化	incarnate
实体化的	incarnate
实体论	ontological, ontology
实体论的	ontological
实体镜的	stereoscopic
实例	example
实况广播员	commentator
实利主义	utilitarian
实利主义的	utilitarian
实力	strength
实变	consolidation
实在	really, indeed
实在性	reality
实在法主义	positivism
实在法学派	positivist
实在的	concrete
实在论	realism
实在论者	realist
实存物	entity
实干家	doer
实录	memoir
实得	realization
实心轮胎	bandage
实情	truth
实数	real
实施	enforcement, implementation
实施制裁	sanctioned
实施恐怖统治	terrorize
实施惩罚	sanctioned
实施的	enforced
实施统计调查	census
实施者	enforcer
实物交易	barter
实物工资制	tommy
实物教授	demonstration
实现	realize, realise
实现工业化	industrialize
实现的	accomplished
实生苗	seedling
实用	economic
实用主义	pragmatism, pragmatically
实用主义地	pragmatically
实用主义的	pragmatic
实用主义者	pragmatist
实用性	practical
实用性的	practical
实用的	economic
实用程序	map, utility
实行	effect, practice
实行家	doer
实行恐怖统治	terrorise
实行者	prosecutor
实证	demonstration
实证主义	positivism
实证主义者	positivist
实证论	positivism
实证论者	positivist
实质	essence, substance
实质上	substantial, substantially
实质上的	substantial
实质性	materiality
实质的	virtual
实践	practice
实际	real, practical
实际上	really
实际上的	practical
实际事物	practicality
实际保持时间	art
实际存在	historicity
实际性	practicality
实际死亡率	actual
实际生活中	offscreen
实际生活中的	offscreen
实际的	real, practical
实验	experiment, experimental
实验主义者	experimentalist
实验仪器	experiment
实验室	lab, laboratory
实验式	experimentally
实验式地	experimentally
实验法	experimentation
实验的	experimental
实验者	experimenter
实验过程	experimentation
宠	pampered
宠信	favouritism
宠儿	idol
宠坏别人的人	spoiler
宠坏的孩子	pet
宠爱	favorite, pet
宠爱的	favorite, pet
宠物	pet
宠臣	minion
审判	trial, judgement
审判上	judicial
审判上的	judicial
审判前	pretrial
审判前的	pretrial
审判地	venue
审判失误	mistrial
审判官	judge
审判官席	banco
审判室	courtroom
审判权	jurisdiction
审判的	judgmental
审判者	adjudicator
审前预备会议	pretrial
审定	judgement
审慎	prudent, prudence
审慎地	critically
审慎的	prudent, prudential
审查	investigation, investigate
审查人	examiner
审查员	investigator
审查委员	juror
审查的	investigative
审查者	investigator
审理	try
审理权的	cognizant
审理的	cognizant
审稿工作	refereeing
审美	aesthetic, esthetic
审美地	aesthetically
审美家	aesthete
审美的	aesthetic, esthetic
审视	survey, scan
审视者	scanner
审计	audit
审计员	auditor
审计命令	audition
审计处理	auditing
审计学	auditing
审计官	comptroller
审计师	auditor
审议	deliberation, deliberative
审议的	deliberative
审讯	trial
审讯的	trial
审辨	probation
审问	question
审问官	inquisitor
审问者	inquisitor, trier
审阅人	taster
客人	guest
客体	guest
客制化	customized
客厅	parlor, parlour
客厅的	parlor, parlour
客套语	formula
客户	client
客户机	client
客户机程序	client
客栈	hotel, pub
客栈老板	innkeeper, publican
客气	polite, politely
客气地	politely, unobtrusively
客气的	polite
客满	sellout
客舱	cabin
客观	objective, external
客观化	objectification
客观地	objectively
客观性	objectivity
客观现实	objectivity
客观的	objective, external
客车	car
客迈拉	chimera
宣传	publicity, propaganda
宣传活动	propaganda
宣传的	propagandist
宣传者	propagandist
宣传者的	propagandist
宣判	sentence
宣判有罪	convicted
宣告	declaration, judgment
宣告合同无效	denunciation
宣告无效	annul, avoidance
宣告有罪	convict, condemnation
宣告者	announcer
宣告非法	outlaw
宣布	announce, declare
宣布参加竞选	announce
宣布无效	quash
宣布的	announced
宣布者	blazer
宣扬	boost
宣称	allege, assert
宣称的	alleged
宣言	manifesto, proclaim
宣言的	declarative
宣誓	plight
宣誓书	affidavit, davy
宣誓作证	deposed
宣誓后入教	professed
宣誓后入教的	professed
宣誓后释放	parole
宣誓者	juror
宣读	readout
室	chamber
室内	chamber, indoor
室内植物	houseplant
室内溜冰场	rink
室内电影院	hardtop
室内的	chamber, indoor
室友	chum
室间孔	porta
室顶	roof
宪兵	gendarme, snowdrop
宪兵队长	serjeant
宪法	constitutional, constitution
宪法的	constitutional
宪法解释者	constructionist
宪法论	constitutionalism
宪章	charter
宫	palace
宫廷官吏	palatine
宫殿	palace
宫殿似	palatial
宫殿似的	palatial
宰	beef
宰小牛	veal
宰杀	slaying
害了病	disordered
害了病的	disordered
害处	harm
害怕	afraid, fear
害怕同性恋	homophobic
害怕同性恋的	homophobic
害怕的	afraid
害病	contraction, diseased
害病的	diseased
害相思病	lovesick
害相思病的	lovesick
害羞	bashful, shyly
害羞地	shyly, coyly
害羞的	bashful, shamefaced
害草净	lambast
害虫	pest, vermin
害虫驱除剂	exterminator
宴会	party
宴请	treat
宵禁	curfew
宵禁令	curfew
家	home
家乡	hometown
家事	housework, housekeeping
家人	family
家伙	guy
家具	furniture, furnishing
家具师	cabinetmaker
家具被覆材料	upholstery
家务	chore, housework
家园	homestead
家属	kinfolk
家常	household, homely
家常便饭	potluck
家常小甜饼	cooky
家常服	housecoat
家常的	household, homely
家庭	family, home
家庭似	homey
家庭似的	homey
家庭作业	homework
家庭妇女	housewife
家庭式	domestically
家庭式地	domestically
家庭教师	tutor
家庭教师的	tutorial
家庭杂务	char
家庭生活	domesticity, fireside
家庭的	family, home
家庭负担	dependant
家徽	heraldry
家政	housekeeping, husbandry
家族	household
家族关系	kinship
家族的	familial
家用平底拖鞋	scuff
家用的	domestic
家用食品	larder
家畜	cattle, livestock
家畜囊尾蚴病	measles
家畜小屋	hovel
家畜的胞衣	cleaning
家畜赎领费	poundage
家眷	dependant
家禽	poultry
家系	descent, genealogy
家系学	genealogy
家系的	genealogical
家臣	retainer
家谱	pedigree
家里做	homespun
家里做的	homespun
家里做的工作	homework
家里纺	homespun
家里纺的	homespun
家长	patriarchal, patriarch
家长作风	paternalism
家长制	patriarchy
家长制的	patriarchal
家长式作风	paternalistic, paternalism
家长式作风的	paternalistic
家长式统治	paternalism
家长的	patriarchal
家长统治	patriarchy
容位	easing
容光焕发	radiance
容器	can
容忍	patient
容忍的	patient
容易	easy, easily
容易些	easier
容易做的工作	pushover
容易化	facilitation
容易发怒	spunky
容易发怒的	spunky
容易发生	incidental
容易发生的	incidental
容易取得	handy
容易取得的	handy
容易受惊	scary
容易受惊的	scary
容易受骗的人	patsy
容易变	streaky
容易变的	streaky
容易地	easy, easily
容易感受的人	sympathetic
容易感知	sensibly
容易感知地	sensibly
容易接受	recipient
容易接受的	recipient
容易教	docile
容易教的	docile
容易流泪	maudlin
容易流泪的	maudlin
容易消化	gutted
容易消化的	gutted
容易消散	evanescent
容易消散的	evanescent
容易溅开	splashy
容易溅开的	splashy
容易的	easy
容易被忘	forgettable
容易被忘的	forgettable
容积大	capacious
容积大的	capacious
容纳	contain
容纳者	recipient
容纳过多的人	overcrowd
容许	allow
容许有错误	forgiving
容许有错误的	forgiving
容许的	allowable
容貌	feature
容量	capacity
宽	wide
宽仁之心	forgiveness
宽厚	charitable, clement
宽厚地	benignly
宽厚的	charitable, clement
宽吻鳄	cayman
宽外袍	toga
宽大	large
宽大地	liberally, generously
宽大无袖长袍	aba
宽大晨衣	kimono
宽大的	large
宽宏大量	magnanimous, magnanimity
宽宏大量的	magnanimous
宽容	tolerate, tolerance
宽容度	latitude
宽容的	tolerant, permissive
宽带	broadband
宽广	broad
宽广地	broadly
宽广的	broad
宽度	width, breadth
宽恕	pardon, forgive
宽恕的	charitable
宽慰	relieved
宽慰的	relieved
宽敞	roomy, capacious
宽敞的	roomy, capacious
宽松	loose, loosely
宽松地	loosely
宽松的	loose
宽松的上衣	blouse
宽松裤	pyjamas, pajamas
宽松长袍	robe
宽的	wide
宽裕	comfortably
宽裕地	comfortably
宽阔	broad
宽阔区域	expanse
宽阔地	broad
宽阔部分	broad
宽领带	choker
宾戈	bingo
宾馆	guesthouse
宿主机	host
宿于狗舍	kennel
宿命	fateful
宿命地	fatally
宿命的	fateful
宿命论	fatalism, fatalistic
宿命论的	fatalistic
宿怨	vendetta
宿舍	dorm, dormitory
宿营	tent
宿醉	hangover
寂寞	loneliness, lonesome
寂寞的	lonesome
寂静	still
寂静的	quiet
寄	send
寄予	place
寄件人	sender
寄信	send
寄存	consign
寄存器	register
寄宿	lodge, lodging
寄宿人	lodger
寄宿处	lodging, boardinghouse
寄宿者	lodger
寄宿舍	lodgings
寄居外国的人	peregrine
寄情	lovemaking
寄托于	repose
寄托错	misplaced
寄托错的	misplaced
寄款	remittance
寄物间	cloakroom
寄生	parasitic
寄生于	infest
寄生物	parasite
寄生生物	parasite
寄生的	parasitic
寄生胎	parasite
寄生虫	parasite
寄膳宿者	boarder
寄膳者	boarder
寄销	consign, consignment
寄销品	consignment
密	thick
密使	emissary
密切	nearly
密切地	nearly
密友	chum, crony
密史脱拉风	mistral
密告人	fink
密告者	informer, informant
密地	thick
密室	sanctum, backroom
密封	pressure, tight
密封剂	sealant
密封器	sealer
密封垫	gland
密封套	gland
密封层	sealer
密封的	tight
密封胶	sealant
密封衬垫	gasket
密度	density, texture
密探	beagle
密电译文	decipher
密码	code
密码使用法	cryptography
密码学	cryptography
密码形式	scrambled
密码索引书	cypher
密耳	mil
密藏的金钱	hoard
密谈	whisper
密谈室	camera
密谋	plot, intrigue
密谋者	plotter
密闭	closeness
密集	dense
密集的	dense
密集的人群	phalanx
密集队列	phalanx
寇斯	cos
富丽堂皇	magnificence
富于	abound
富于偶然性	iffy
富于偶然性的	iffy
富于变化	variegated
富于变化的	variegated
富于同情心	compassionate
富于同情心的	compassionate
富于弹性	limber
富于弹性的	limber
富于感情	emotionality
富于机智	witty
富于机智的	witty
富于表情	expressive
富于表情的	expressive
富于表现力	eloquently
富于表现力地	eloquently
富人	affluent
富人情	humanely
富人情地	humanely
富尔顿	fulton
富幽默感	humorous
富幽默感的	humorous
富有	wealthy
富有意义	meaningfulness
富有洞察力	insightful
富有洞察力的	insightful
富有的	wealthy
富有经验	experienced
富有经验的	experienced
富有色彩	colorful
富有色彩的	colorful
富有艺术	artistically
富有艺术地	artistically
富有艺术性	artistic
富有艺术性的	artistic
富有表情	talking
富有表情的	talking
富有进取心	pushing
富有进取心的	pushing
富有魅力	glamorous
富有魅力地	seductively
富有魅力的	glamorous
富矿带	bonanza
富营养化	eutrophication
富裕	rich
富裕地	richly
富裕的	rich
富集	gathering
富饶	rich
富饶的	rich
寒冷	cold, chill
寒冷的	cold
寒冷而干燥	brisk
寒冷而干燥的	brisk
寒喧	salutation
寒意	chill
寒战	rigor
寒鸦	jackdaw
寓意	moral
寓言	parable, fable
寓言中	fabled
寓言中的	fabled
寓言的	allegorical, parabolic
寓言般	fabulous
寓言般的	fabulous
寝具	bedding
寝室	bedroomed, bedchamber
察看	insight
察知	cognizant
察知的	cognizant
察觉	detect, smell
察觉味道	taste
寡头政治	oligarchy
寡头政治集团	oligarchy
寡妇	widow
寡妇身分	widowhood
寡居的	widowed
寡核苷酸	oligonucleotide
对	at
对乙酰氨基酚	paracetamol, acetaminophen
对事实的认定	finding
对于	towards, toward
对人洗脑	brainwash
对付	go
对估价过高	overrated
对位	polarization
对位法	counterpoint
对作协调校正	zero
对偶	antithesis
对偶基因	allele
对党派的忠诚	partisanship
对准	target, train
对准地	square
对准目标	aim
对分	bisect
对半分享	halve
对句	couplet
对合	juxtaposition
对向	opposition
对帐	reconcile
对应	correspondence, corresponding
对应面	obverse
对应面的	obverse
对开	folio
对开的	folio
对开纸	folio
对待	treat
对手	equal, opponent
对手的	adversarial
对打	sparring
对抗	fight, front
对抗地	defiantly
对抗物	antagonist
对抗的	opposed, antagonistic
对折	folio
对折的	folio
对数	logarithmic, logarithm
对数的	logarithmic
对机动制胜	outmaneuver
对核	butt
对比	contrast, parallel
对流	convection, convective
对流的	convective
对照	compare, comparison
对照物	contrast
对生	opposition
对的	right
对着	against
对着光检查	candle
对称	symmetry, symmetrical
对称地	symmetrically
对称性	symmetry
对称振子	doublet
对称现象	symmetry
对称的	symmetrical, symmetric
对空炮火	flak, flack
对穿	through
对穿的	through
对立	contrary, antagonism
对立物	contradictory
对立的	contrary, opposed
对立面	opposite, contrary
对策	countermeasure
对簿法庭	litigate
对联	couplet
对虾	prawn
对表示异议	challenge
对观福音书	synoptic
对观福音书的	synoptic
对角	diagonally
对角地	diagonally
对角线	diagonal
对角线的	diagonal
对讲电话	talkback
对讲系统	talkback
对证	confront
对评价过低	underrated, undervalued
对话	dialogue, session
对话式的	conversational
对话的	conversational, dialogic
对话者	interlocutor
对象化	objectification
对质	confrontation
对运动的热爱	athleticism
对销密	declassified
对面	opposite, opponent
对面的	opposite, opponent
对齐	registration, alignment
寺院	monastic
寺院的	monastic
寻向偶极子	director
寻址	address
寻常事	commonplace
寻找	seek
寻找平衡	hunting
寻星镜	finder
寻求	seek
寻衅	aggressively, aggressiveness
寻觅器	finder
寻问者	enquirer
导	guidance
导体	conductor
导出	derived
导出液体	tapping
导出的	derived
导前	advancing
导向	oriented
导向的	oriented
导师	teacher
导师制	mentorship
导引	vector
导弹	missile
导气管	airway
导泻	catharsis, cathartic
导泻的	cathartic
导流板	splitter
导液	drainage
导游	guide
导演	director
导火线	fuse
导电	electric
导电率	conductivity
导电的	electric
导管	pipe, conduit
导管的	tracheal
导纳	admittance
导致	lead, account
导致分裂	divisiveness
导航	navigation
导航的	navigational
寿司	sushi
寿命	lifespan, longevity
寿衣	shroud
封为贵族	peer
封函	packing
封口	sealing
封地	fee, feudal
封地的	feudal
封套	envelope
封建主义	feudalism
封建制度	feudal
封建制度的	feudal
封建君主	overlord
封条	seal
封泥	lute
封港令	embargo
封爵	investiture
封臣	vassal
封色	principality
封袋	envelope
封装	packaging
封进内部	encapsulate
封锁	block
封锁交通	quarantine
封闭	seal
封闭处理	sealing
封闭工厂	lockout
封面	cover
射中	shoot
射出	shoot, jet
射出光线	ray, beam
射出的	effluent
射击	shoot, flight
射击名手	sharpshooter
射击壕沟	banquette
射击术	marksmanship
射击的	gunshot, ballistic
射击越标	overshoot
射影	projective
射影的	projective
射手	shooter, marksman
射气	emanation
射石炮	bombard
射程	carry
射箭	bolt
射箭术	archery
射箭运动员	archer
射精	ejaculate, ejaculation
射线	ray, radial
射线照片	radiograph
射线照相	radiograph
射线照相术	radiographic, radiography
射线照相术的	radiographic
射线照相法	radiography
射门得分	goal
将	would
将临	proximate
将临的	proximate
将军	general
将压扁	squashed
将向某方挤	squashed
将录到带子上	videotaped
将悬挂	draped
将更新	revamped
将来	future
将来的	future
将球高击	loft
将要	should
将要打雷	thunderous
将要打雷的	thunderous
将近沸腾	scalding
将近沸腾的	scalding
将鼻插入	nuzzle
尊严	dignity
尊崇	homage, revered
尊崇为神	apotheosis
尊敬	respect, regard
尊敬地	respectfully
尊敬的	reverent, revered
尊贵	exalted
尊贵的	exalted
尊重	respect
尊重法律	legalistic
尊重法律的	legalistic
小	small, little
小丑	clown, mimic
小世界	microcosm
小丘	hurst, hillock
小东西	pinhead
小个子	petite
小个子的	petite
小乡镇	thorpe
小书写体	minuscule
小争吵	tiff
小争论	skirmish
小事	incident
小产	abortion
小亭	alcove
小人国	lilliput
小人物	nobody
小人物狂想曲	pepe
小仙子	fay
小件饰物	trinket
小伙子	chap
小传	bio
小佃农	sharecropper, smallholder
小住宅	maisonette
小体	globule
小便	urine, piss
小便处	urinary, urinal
小修	turnaround
小修道院	priory
小偷	thief
小偷小摸	pilfer
小儿	wean
小儿科	pediatrics, pediatric
小儿科的	pediatric
小儿麻痹症	polio
小公鸡	cockerel
小内海	lochan
小册	brochure
小册子	brochure, booklet
小写字	minuscule
小写字的	minuscule
小农	smallholder
小农地位	peasantry
小农场	smallholding, croft
小农场租期	crofting
小冠冕	coronet
小冲突	skirmish
小凯旋式	ovation
小凸起	hubble
小凹	dell
小刀	knife
小划艇	kayaker
小刺激	pinprick
小动物	puppy
小包	packet
小医院	infirmary
小卖部	buffet
小卧室	cubicle
小厨房	kitchenette
小发明	gizmo
小发明的人	tinkerer
小口喝	sip
小口地吃	pecking
小口角	tiff
小口黑鲈	smallmouth
小叶	leaflet
小号	trumpet
小号吹奏者	trumpeter
小吃	snack
小吃饭间	dinette
小品	sketch
小商人	huckster
小喜剧	skit
小囊	follicle
小圆盘	roundel
小圆石	pebble
小圈	ringlet
小土堆	hill
小地主	yeoman
小块	nub, nugget
小块农田	smallholding
小块土地	plot
小块地毯	rug
小型	small
小型公共汽车	minibus
小型化	downsizing
小型帆船	skiff
小型摩托车	scooter
小型照相机	kodak
小型爵士乐团	combo
小型画报	tabloid
小型的	small
小型的东西	toy
小型程序	script
小型船队	flotilla
小型计算机	minicomputer
小型货车	minivan
小声	undertone, hushed
小声的	hushed
小声说	whispered
小声说的话	aside
小夜曲	serenade
小天使	cherub
小妖	sprite
小妖精	goblin
小姐	madame, sheila
小姑娘	filly, puss
小子	bloke
小子弹	pellet
小孔	pore, stigma
小字	miniscule
小字的	miniscule
小学教师	pedagogic
小学教师的	pedagogic
小学生	schoolchildren
小孩	kid
小孩子	tad, tyke
小孩般说话	prattle
小宇宙	microcosm
小官吏	beadle
小客栈	kip
小室	closet
小家伙	sonny, kiddy
小家畜	runt
小小	teeny
小小的	teeny
小小组	subsection
小尖塔	pinnacle
小屋	cottage, cabin
小山	hill
小山羊	kid
小山羊皮	suede
小山羊皮制	kid
小山羊皮制的	kid
小山羊肉	kid
小山顶	hilltop
小岛	isle, inch
小峡谷	gully
小工	coolie
小巷	alleyway
小帐	gratuity
小干酪蛋糕	ramekin
小平面	facet
小床	cot
小店	parlor
小心	care
小心地	carefully
小心的	careful
小心翼翼	gingerly, niggling
小心翼翼地	gingerly
小心翼翼的	niggling
小心谨慎	scrupulous
小心谨慎的	scrupulous
小房间	cubby
小扁豆	lentils
小扁豆植株	lentils
小手指	pinkie
小手鼓	tambourine, bongo
小把	wisp
小报	tabloid
小招牌	shingle
小提琴	violin, fiddle
小提琴家	violinist
小提琴演奏者	violinist
小插图	vignette
小摆设	knickknacks
小教堂	chapel
小数	decimal
小数点	point
小数的	decimal
小斑点	blob
小斧	hatchet
小旅行皮包	valise
小旅馆老板	innkeeper
小时	hour
小昆虫	gnat
小明星	starlet
小星星	starlet
小曲	ditty
小望远镜	spyglass
小木槌	gavel
小机械	widget
小村	hamlet
小束状	wispy
小束状的	wispy
小杯	noggin
小板	platelet
小林	holt
小枝	rod, twig
小枪	lancet
小柜	locker
小树	sapling
小树林	grove
小树枝	sprig
小桶	keg
小歌剧	operetta
小步舞	minuet
小步舞曲	minuet
小母牛	heifer
小母猪	gilt
小毛病	pip
小气	petty, stingy
小气候	microclimate
小气的	petty, stingy
小水瓶	flask
小池	puddle
小河	kill, stream
小泉	seep
小派别	factional
小派别的	factional
小派系	faction
小流氓	hooligan
小浴盆	bidet
小海生动物	brit
小海鸦	murrelet
小淘气	rogue, pixy
小湖	mere
小湾	creek, cove
小溪	creek, brook
小溪谷	dell
小滴	droplet
小瀑布	cascade
小灌木林	copse
小烦扰	gnat
小熊猫	panda
小片	snippet, morsel
小牌	placard
小牛	calf
小牛皮	calf, kip
小牛肉	veal
小物体	wisp
小狗	puppy, pup
小狗儿	doggy
小猪	piggy, piglet
小猫	kitten, kitty
小玩意	gadget, bauble
小玩意儿	trinket, knickknacks
小玩艺儿	toy
小环	ringlet
小球	globule
小球状	globular
小球状的	globular
小瓶	vial
小甜点	cookie
小田地	croft
小画像	miniature
小瘤	nodule, hubble
小的	small, little
小盒子	caddy
小盘	platelet
小睡	nap
小石	pebble
小砂锅	marmite
小神	demigod
小种牛	runt
小穴	vesicle
小窗	loophole
小管的	tubular
小箱	casket
小米	millet
小粒	granule
小精灵	pixy
小组委员会	subcommittee
小结	nodule
小结节	nodule
小罐	caddy
小羊	lamb
小羚羊	chamois
小群	subgroup
小群岛	holman
小背包	satchel, daypack
小胚	billet
小胡子	moustache
小脑的	cerebral
小脓疱	pimple
小舟	cockle
小舰队	squadron, flotilla
小船	dinghy, cog
小艇	skiff, dinghy
小节	nodule
小花	floret
小范围	localized
小范围的	localized
小药丸	pellet
小药囊	sachet
小药瓶	phial
小萝卜	radish
小薄片	flake
小虾	shrimp
小蜘蛛网	gossamer
小蜡烛	taper
小行星	asteroid
小衣饰	knickknacks
小袋	pouch, sachet
小规模	miniature, petty
小规模的	miniature, petty
小说	story
小说家	novelist
小说式	fictional
小说式的	fictional
小说的	novelistic
小说般	romantically
小说般地	romantically
小调	ditty, madrigal
小谎话	fib
小谷	dale, dell
小豆蔻	cardamom
小贩	vendor
小贩的同伙	shill
小费	fee
小跑	trot
小跑步的马	trotter
小路	lane, path
小车	dan
小车轮	trundle
小软团	wad
小软块	wad
小轿车	coupe
小道的起点	trailhead
小部分	fraction
小配件	gadget
小酒店	cantina
小酒精炉	etna
小酒馆	bistro
小酒馆老板	publican
小钱	penny
小钱袋	purse
小镇	township
小长春花	periwinkle
小门	wicket
小队	squad
小阵雨	scud
小阿飞	punk
小隐修院院长	prior
小隔间	cubicle
小集团	squad
小雌马	filly
小雕像	figurine, statuette
小雨	spit
小面	facet
小面包	bun
小须鲸	minke
小题大作	fuss
小额施舍	pittance
小额的	petty
小额资本	shoestring
小饭店	coffeepot
小馅饼	patty
小马	colt
小驴	burro
小高处	hillock
小鬼	gremlin, pixie
小鲱鱼	brit, britt
小鸟	chick, birdie
小鸡	chicken
小鸭子	duckling
小鹅	gosling
小鹅卵石	pebble
小鹿	fawn
小鹿斑比	bambi
小麦	wheat
小龙虾	cray, crayfish
少	small, less
少女	girl
少女们	girlhood
少女似	girlish
少女似的	girlish
少女时代	girlhood
少女的	girlish
少妇	frail, wench
少年	boy, juvenile
少年时代	boyhood
少年歌者	choirboy
少年的	juvenile
少年读物	juvenile
少报	understatement
少数	few
少数民族	minority
少数的	few
少的	small, less
少给	skimp
少见	singularly
少见地	singularly
少计总额	underfoot
少许	some, little
少许的	some
少量	bit, light
少量津贴	pittance
少量的	light
少量的美食	tidbit
少量的酒	dram
少量食物	nibble
少量饮	tipple
尔	thou
尖	needle, pointed
尖刀	sticker
尖利	edgy
尖利的	edgy
尖刺	spine, spinal
尖刺状	spiny
尖刺状的	spiny
尖刺状突起	spinal
尖刺状突起的	spinal
尖刺的	spinal
尖刻	acid
尖刻地	acidly, scathingly
尖刻的	acid
尖刻的话	swipe
尖削	tapered
尖削的	tapered
尖厉	piercing
尖厉的	piercing
尖叫	scream, pipe
尖叫声	scream
尖叫着说	scream
尖啸	scream
尖啸声	zip
尖嘴鱼	billfish
尖塔	spire, steeple
尖声	shrill
尖声发出	shriek
尖声叫喊	yip
尖声叫喊的人	screamer
尖声喊叫	screech
尖声地	shrilly, stridently
尖声急叫	yelp
尖声狂吠	yip
尖声讲	screech
尖声说出	shrill
尖头	pike, cusp
尖尾渔船	pinkie
尖峰	pinnacle
尖峰信号	spike
尖旗	pennant
尖桩	picket
尖片	splinter
尖牙	fang
尖物	tusk
尖的	pointed
尖端	tip
尖端的	sophisticated
尖端细	tapering
尖端细的	tapering
尖笔	stylus
尖细	taper
尖细的	taper
尖酸	tart
尖酸刻薄	vinegar
尖酸的	tart
尖锐	edge, severe
尖锐化	sharpen
尖锐地	acutely, pointedly
尖锐的	severe, acute
尖锐的响声	shriek
尖音号角	clarion
尖顶	spire, steeple
尖顶窗	lancet
尖顶饰	finial
尘垢	grime
尘埃	dust
尚	yet
尚可	passable
尚可的	passable
尚未断奶	sucking
尚未断奶的	sucking
尚武	martial
尚武的	martial
尚武精神	militarism
尝	taste
尝到	savor
尝味	tasting
尝味道者	taster
尝试	go, try
尤克里里琴	ukulele
尤其	especially, particularly
尤因	ewing
尤指问题	receding
尤文图斯	juventus
尤文氏肉瘤	ewing
尤英	ewing
尤里	yuri
尤里西斯	ulysses
尤金	eugene
就业不充分	underemployed
就业不充分的	underemployed
就业服务中心	jobcentre
就任	inaugural, accede
就任的	inaugural
就位	perch
就坐	sitting
就学前	preschool
就学前的	preschool
就寝	retiring
就寝时间	bedtime
就寝的	retiring
就座	sit
就座的	sitting, seated
就是	namely
就是这么回事	period
就是这话	period
就每个而论	apiece
就职	instalment, installation
就职典礼	inauguration
就职演讲	inaugural
就要来	coming
就要来的	impending, coming
就餐	repast
尴尬	embarrassed
尴尬的	embarrassed
尸体	body
尸体剖检	autopsy
尸体发掘	exhumation
尸体解剖	autopsy
尸体防腐	embalming
尸体防腐者	embalmer
尸衣	shroud
尺	ruler
尺寸	measure, size
尺寸过小的	undersized
尺度	yardstick
尼克尔斯	nichols
尼克松	nixon
尼古丁	nicotine
尼古拉	nicola
尼古拉斯	nicholas
尼基	nicky, nikki
尼姑	nun
尼姑庵	nunnery
尼娜	nina
尼尔	neil
尼桑	nissan
尼禄	nero
尼科尔	nicole
尼科西亚	nicosia
尼耳森	nielsen
尼赫鲁	nehru
尼龙	nylon
尽到	fulfilled
尽力	strain, endeavor
尽力赶上	emulate
尽头	extreme
尽头的	extreme
尽心尽责	conscientiously
尽情地吃	feast
尽是尖刺	spiny
尽是尖刺的	spiny
尽是杂草	weedy
尽是杂草的	weedy
尽管	although
尽管如此	nonetheless
尽职	soldier
尽职的	dutiful
尽责	pious
尽责的	pious
尾声	epilogue, endgame
尾接指令	cue
尾数	arrears
尾料	tailing
尾橹	scull
尾灯	taillight
尾迹	wake
尾部	tail, stern
尾随	dog, trail
尾音	coda
尿	stale, urine
尿壶	jordan, urinal
尿布	diaper, napkin
尿沉渣	arena
尿沙	arena, gravel
尿烷	urethane
尿的	urinary
尿素	urea
尿道	urethra
局	station, bureau
局促	uneasiness
局外人	stranger, outsider
局部	part, local
局部出血	ischemia, ischemic
局部出血的	ischemic
局部化	localize
局部性	locally
局部性地	locally
局部的	local
局部缺血	ischemia
局部缺血的	ischemic
局部解剖	topography
局部解剖学	topology, topological
局部解剖的	topographic
局部记载	topography
局部记载的	topographic
局部贫血	ischemia, ischemic
局部贫血的	ischemic
局限	localization
局限的	circumscribed
局面	phase, aspect
屁	fart
屁眼儿	asshole, arsehole
屁股	arse, pratt
层	lay, layer
层化	stratification
层压板	laminated
层压的	laminated
层叠	cascade
层层卷绕	serpentine
层层卷绕的	serpentine
层层排列	tiered
层板	plywood
层析法	chromatography
层楼	storey
层次的	hierarchical
层状	layered, bedded
层状的	layered, bedded
层进法	climax
层顶层	garret
居丧	mourning
居中	centered
居中的	centered
居住	room, live
居住于	people
居住区	settlement
居住者	resident, tenant
居住船	houseboat
居先	precedence, forego
居民	resident, inhabitant
居留	resident, housing
居留地	habitat
居留的	resident
居间	mediate
居间的	mediate
居高临下	commanding
居高临下的	commanding
屈	flexion
屈从	resign, succumb
屈从于	abide
屈从的	compliant, yielding
屈体	pike
屈体跳水	jackknife
屈光	refraction
屈光的	refractive
屈尊	descend, deign
屈尊俯就	patronizing
屈尊俯就的	patronizing
屈就	condescend
屈曲	flex, inflection
屈服	submit, bend
屈服的	subdued
屈肌	flexor
屈膝	crouched
屈膝礼	curtsy
屈莱顿	dryden
屈身	stooped
屈辱	pill, gall
屋外	outdoor
屋外的	outdoor
屋檐	eave
屋檐水	eavesdrop
屋顶	roof
屋顶房间	penthouse
屋顶轮廓线	roofline
屋顶采光窗	dormer
屎	shit, feces
屏息	breathlessly
屏息地	breathlessly
屏气	breathless
屏气的	breathless
屏蔽	shield
屏蔽了	shielded
屏蔽了的	shielded
屏蔽接地	bonding
屏蔽的	screened
屏风	screen
屐	patten
屑	fritter
屑片	chip
展	abduct, abduction
展出	exhibition
展出品	showpiece
展开	development, spread
展开性	expansionary
展开性的	expansionary
展开的	evolutionary
展望	prospect, expectation
展期的	extended
展现	show
展现地图	marco
展示	unfurl
展肌	abductor
展览	show
展览会	fair, exhibition
展览品	exhibition, exhibit
展览物	spectacular
展览者	exhibitor
属	genus, appertain
属下	subordinate, follower
属于	of
属于它的	thereof
属于少数派	minority
属于少数派的	minority
属于某等级	grade
属国	dependency, tributary
属性	property, attribute
属母的	maternal
属类	generic
属类上	generically
属类地	generically
属类的	generic
屠体	carcass
屠刀	whittle
屠场	abattoir
屠夫	butcher, sticker
屠宰	butcher
屠宰场	shambles, butchery
屠宰者	slayer
屠杀	slaughter, butcher
屠杀场	slaughterhouse
屠杀的	bloodied
屠杀者	killer
屡次的	repeated
履历	record
履带车	caterpillar
履行	perform, fulfil
履行的	performing
履行者	performer
山	mountain
山丘	massif
山中小湖	tarn
山凹	cove
山地	upland
山地人	hillbilly, mountaineer
山地的	upland
山坡	hillside
山坳	col
山岗	hummock
山峰	peak
山崩	slide, landslide
山形墙	gable, pediment
山扁豆	senna
山旁峡谷	coombe
山杨	aspen
山杨的	aspen
山林巡视官	walker
山核桃木	hickory
山核桃树	hickory
山楂	hawthorn, haw
山毛榉	beech
山毛榉素	fagin
山水	landscape
山羊	goat
山羊产羔	kidding
山羊绒	cashmere
山羊胡子	goatee
山脉	range, mountain
山脊	ridge
山脊路	ridgeway
山腰	mountainside
山腹	hillside, mountainside
山花饰	pediment
山茱萸科植物	dogwood
山茶	camellia
山茶花	camellia
山药	yam
山葵	wasabi
山谷	valley
山雀	tit, chickadee
山顶	peak
山鹑	partridge
山麓	piedmont
山麓小丘	foothill
山麓碎石	scree
岁入	revenue
岂有此理	darned
岂有此理地	darned
岂有此理的	darned
岐视	discrimination
岔开	diverge, turnoff
岔恨	resentful
岔恨的	resentful
岔道	turnoff, crossroad
岛	island
岛国性质	insularity
岛屿	island
岛屿生活状况	insularity
岛民	islander, insular
岛民的	insular
岛的	insular
岩屑堆	scree
岩沟	clint
岩浆	magma
岩滩	mesa
岩画	petroglyph
岩瘤	boss
岩石	rock
岩石化学	petrochemical
岩石化学的	petrochemical
岩石圈	lithosphere
岩石的	rocky
岩石碎块	crag
岩石雕刻	petroglyph
岩礁	rock
岩穴	grotto
岩鱼	rockfish
岬	cape
岸	bank
岸禽类鸟	shorebird
岿然	steadfastly
峡	isthmus
峡沟	flume
峡湾	firth, fjord
峡谷	canyon, gorge
峡部	isthmus
峨螺	whelk
峭壁	crag
峻峭	craggy
峻峭的	craggy
峻泻药	drastic
崇拜	worship, adore
崇拜偶像	idolize, idolise
崇拜物	idol, totem
崇拜的	worshipful, adoring
崇拜者	worshipper, worshiper
崇敬	revere, reverence
崇高	spiritual, supremely
崇高地	supremely
崇高的	spiritual
崎岖	rugged
崎岖不平	bumpy
崎岖不平的	bumpy
崎岖地	badlands
崎岖的	rugged
崔维斯合唱团	travis
崖径	berm
崩	demise
崩塌	avalanche
崩溃	collapse, breakdown
崩溃处	crevasse
崩溃的	corrupted
崩解	calve, disintegration
崭新	newness
崽	young
嵌入	implant, inset
嵌入的	inbuilt, inlaid
嵌合	table
嵌合体	chimera
嵌塞的	impacted
嵌壁式	recessed
嵌壁式的	recessed
嵌套	nested, nesting
嵌套的	nested
嵌接	scarf
嵌板	panel
嵌环	thimble
嵌窗玻璃于	pane
嵌进	telescope
嵌铸	embedding
嵌镶板	panel
嵌齿	cog
嵴	ridge
嵴状的	ridged
巅	peak
州	state
州与州之间的	interstate
州的北部	upstate
州的北部的	upstate
州的地位	statehood
州的状态	statehood
州议会的议场	statehouse
州长	governor
州长的	gubernatorial
州际	interstate
州际的	interstate
巡回	round, tour
巡回法庭	eyre
巡回法院	eyre
巡回演出	troupe, roadshow
巡回的	itinerary, itinerant
巡回者	itinerant
巡夜者	watchman
巡弋	cruise
巡查	policing, patrolling
巡洋舰	cruiser
巡航	cruise
巡航的	cruising
巡航飞机	cruiser
巡视	patrol, scout
巡视员	inspector
巡视者	patrolman
巡警	patroller, constable
巡逻	patrol
巡逻人	patrolman
巡逻员	patrol
巡逻者	patrolman
巡逻警察	patrolman
巢	nest
工业	industry, industrial
工业主义者	industrialist
工业化	industrialized, industrialization
工业化的	industrialized
工业工人	industrial
工业技术	technology
工业的	industrial, technical
工业股票	industrial
工事	works
工人	worker
工人总数	workforce
工人纠察线	picketing
工会主义	unionism
工会主义者	unionist
工会会员	unionist
工会化	unionization
工作	work, job
工作之人或物	operant
工作人员	missionary
工作区	workspace
工作单	worksheet
工作台	table
工作台面	countertop
工作场所	workplace
工作天	workday
工作安排	placement
工作室	studio
工作情况	performance, going
工作日	workday, weekday
工作时数	workday
工作服	overall
工作熟练	workmanlike
工作熟练的	workmanlike
工作班人员	crewmember
工作班子	staff
工作的	working
工作福利	workfare
工作站	workstation
工作簿	book
工作组	workgroup
工作表	worksheet
工作规程书	workbook
工作记事簿	workbook
工作过度	overworked, overwork
工作过度的	overworked
工作迷	workaholic
工作量	workload
工兵	engineer
工具	tool, instrument
工具主义者	instrumentalist
工具包	toolkit
工具条	sidebar
工具栏	toolbar
工具箱	kit
工匠	artisan, workman
工厂	shop, plant
工商业家	businessman
工商名录	directory
工地	worksite
工场	yard, workshop
工夫	painstaking
工头	foreman, overseer
工效学	ergonomics
工种	profession
工程	works, engineering
工程学	engineering
工程师	engineer
工程粗略的	jerry
工联主义者	unionist
工艺	methodology
工艺专科学校	polytechnic
工艺学	technology
工艺师	technologist
工艺性	usability
工艺教育	polytechnic
工艺教育的	polytechnic
工艺方法	technique
工艺的	technological
工装	frock
工装裤	jeans
工贼	scab
工资	wage, earnings
工资单	payroll
工资名单	payroll
工资差额	differential
工资表	payroll
工资负担	payload
左	left
左侧	left
左侧的	left
左倾	left
左倾的	left
左撇子	lefty
左斜手写体	backhand
左旋糖	fructose
左派	left
左派的	leftist
左的	sinister
左矢	bra
左翼分子	lefty
左翼的人	leftist
左转舵	port
左轮手枪	revolver
左边	left
左边的	left
左面	left
巧克力	chocolate
巧克力制	chocolate
巧克力制的	chocolate
巧合	coincidence
巧合地	coincidentally
巧合的	coincidental
巧妙	neat, skillfully
巧妙地	skillfully, subtly
巧妙处理	manipulative
巧妙处理的	manipulative
巧妙手法	knack
巧妙的	neat, cunning
巧计	joker
巧辩	repartee
巨人	giant
巨人般	gigantic
巨人般的	gigantic
巨像	colossus
巨像似	colossal
巨像似的	colossal
巨响	blare
巨噬细胞	macrophage
巨型机	supercomputer
巨型炸弹	blockbuster
巨型独石	monolith
巨型计算机	supercomputer
巨大	huge, heavy
巨大地	hugely, enormously
巨大怪物	giant
巨大的	huge, heavy
巨大的东西	bouncer
巨大的成功	wow
巨大的热情	enthusiasm
巨头	magnate
巨富	millionaire
巨星	megastar
巨浪	swell, billow
巨浪似	billowy
巨浪似的	billowy
巨浪声	bluster
巨涌	surge
巨物	monster
巨穴	cavern
巨藻	kelp
巨蛇座	serpent
巨蟒	python
巨轮	leviathan
巨额	mint
巩固	consolidate, consolidation
巩固的	consolidated
巫士	charmer
巫婆	witch
巫师	psychic, druid
巫术	sorcery, wizardry
巫术信仰	voodoo
巫术的	wizard
差不多	almost
差使	errand
差分	difference
差别	contrast, discrimination
差别待遇	discriminate
差别的	differential
差动	different
差劲	wretchedly
差劲地	wretchedly
差异	difference, diversity
差异性	otherness
差速器	different
差额	balance
已下决心	determined
已下决心的	determined
已保存	saved
已保存的	saved
已冷	chilled
已冷的	chilled
已凋谢	faded
已凋谢的	faded
已分化	differentiated
已分化的	differentiated
已分解	decomposed
已分解的	decomposed
已分配	assigned
已分配的	assigned
已删除	deleted
已删除的	deleted
已制成	manufactured
已制成的	manufactured
已励磁	excited
已励磁的	excited
已占用	occupied
已占用的	occupied
已发布	published, released
已发布的	published
已受精的	fertilized
已回来的	returned
已坏	ooo
已失败	failed
已失败的	failed
已婚	married
已婚女子	signora
已婚妇女	wife
已婚的	married
已婚的女人	frau
已定约	contracted
已定约的	contracted
已实现	realized
已归还的	returned
已得学位	graduate
已得学位的	graduate
已承兑	accepted
已折扣	discounted
已折扣的	discounted
已播种了	seeded
已播种了的	seeded
已收回的	retired
已故	late
已故的	late
已有的	existing
已死者	goner
已泊车	parked
已泊车的	parked
已注册的	registered
已激发	excited
已激发的	excited
已登录的	listed
已登记的	registered
已知	known
已知的	known
已离婚的配偶	ex
已签字	signed
已签字的	signed
已经	have
已经喂饱了的	stuffed
已经审讯的	tried
已经查验的	tried
已经购买	purchased
已经购买的	purchased
已结婚	wedded
已结婚的	wedded
已腐烂	decomposed
已腐烂的	decomposed
已被定罪	condemned
已被定罪的	condemned
已装入	installed
已装入的	installed
已褪色	faded
已褪色的	faded
已认付	accepted
已贴现	discounted
已贴现的	discounted
已转运	transferred
已辞职	resigned
已辞职的	resigned
已过盛年	passe
已过盛年的	passe
巴伯衫	barbour
巴克利	barclay
巴克斯	bucks
巴克斯特	baxter
巴列	valle
巴勒莫	palermo
巴尔内斯	barnes
巴尔弗	balfour
巴布	bab
巴拉	bala
巴拉克拉法帽	balaclava
巴拉汀伯爵	palatine
巴拉汀伯爵的	palatine
巴旦杏	amygdala
巴松管	bassoon
巴比土酸盐	barbiturate
巴比妥类药物	barbiturate
巴甫洛夫	pavlov
巴登	baden
巴登亚麻平布	baden
巴纳德	barnard
巴结	insinuate
巴罗克式	baroque
巴罗克式的	baroque
巴罗克风格	baroque
巴罗内	barones
巴里	bari
巴里摩尔	barrymore
巴雷特	barrett
巴黎公社的	communal
巴龙	barones
巷	lane, alley
巾帼英雄	heroine
市	city, town
市中心	downtown
市中心区	downtown
市中心的	downtown
市区的	urban
市场	market
市场商人	marketer, marketeer
市场性	marketability
市场的	marketable
市当局	municipality
市政	municipal
市政的	municipal
市民	civil, citizen
市民权	citizenship
市民的	civil
市民的身份	citizenship
市的	civic
市议会议员	councilman
市议员	alderman, councilman
市郊	outskirts, environs
市郊住宅区	suburb
市长	mayor
市长助理	alderman
市长夫人	mayoress
市长的	mayoral
市集	fair
布	fabric, cloth
布丁	pudding
布丽奇特	bridget
布伦南	brennan
布伦海姆	blenheim
布伦达	brenda
布兰奇	blanche
布兰得利	bradley
布兰登	brandon
布列塔尼	brittany
布力般流浪	blackburn
布卡	burqa
布卢默	bloomer
布告	notice
布告板	billboard
布告牌	noticeboard
布商	mercer, draper
布尔人部队	commando
布局	layout
布局的	topological
布局零乱	rambling
布局零乱的	rambling
布帘	drape
布拉夫	brough
布拉姆斯	brahms
布拉德伯里	bradbury
布拉德福德	bradford
布料	cloth
布景	setting
布朗	browne
布朗恩	browne
布洛姆菲尔德	bloomfield
布洛芬	ibuprofen
布洛赫	bloch
布满颗粒	studded
布线	wiring, routing
布置	placement, dispose
布署	array
布莱克	blake
布莱克本	blackburn
布莱叶点字法	braille
布莱尔	blair
布莱恩	brian
布谷鸟	cuckoo
布赖恩	bryan
布赖恩特	bryant
布赖斯	brice
布赖顿	brighton
布道	preach, sermon
布里斯班	brisbane
布阵	lineup, embattled
布雷区	minefield
布雷场	minefield
布雷斯特	brest
布雷水域	minefield
布雷特	brett
布鲁克	brooke
布鲁克斯	brooks
布鲁克赛德	brookside
布鲁斯乐	bluesy
布鲁斯乐的	bluesy
布鲁氏菌病	brucellosis
布鲁诺	bruno
帆	sail
帆具	furniture
帆布	canvas
帆布背包	rucksack
帆布躺椅	deckchair
帆板	windsurfer
帆板运动	windsurfing
帆板运动员	windsurfer
帆船	sail, sailboat
帆装	rig
帆鳍鳉	mollie
师	dom
师徒制	mentorship
希伯莱语	rabbinical
希伯莱语的	rabbinical
希克斯	hicks
希契科克	hitchcock
希姆莱	himmler
希尔顿	hilton
希尔顿集团	hilton
希思罗机场	heathrow
希望	want, like
希欧多尔	theodore
希波克拉底	hippocratic
希波克拉底的	hippocratic
希特勒	hitler
希腊字母	mu
帏帐	drapery
帐	curtain
帐单	bill
帐户处理	accounting
帐篷	camp, tent
帐簿	book
帕丁顿	paddington
帕卡德	packard
帕夏	pasha
帕尼扎氏丛	plexus
帕拉	para
帕梅拉	pamela
帕洛米诺马	palomino
帕特丽夏	patricia
帕特里克	patrick
帕瓦仪式	powwow
帕金森	parkinson
帘布筒	bandage
帚石南	ling
帝位	purple
帝制	imperialism
帝国	empire
帝国主义	imperialism, imperialist
帝国主义的	imperialist, imperialistic
帝国主义者	imperialist
帝权	empire
帝王	imperial, monarch
帝王似	royally
帝王似地	royally
帝王的	imperial, purple
帝王统治	kingship
带	zone, strap
带信人	bearer
带呼吸声	breathy
带呼吸声的	breathy
带壳	shelled
带壳的	shelled
带头	lead
带子	band, tape
带子操作工	taper
带宽	bandwidth
带有	partake
带有恐怖感	horrified
带有恐怖感的	horrified
带有成见	stereotypical, stereotypically
带有成见地	stereotypically
带有成见的	stereotypical
带有挡板	baffled
带有挡板的	baffled
带有连字符	hyphenated
带有连字符的	hyphenated
带来	bring
带来不幸的人	jonah
带枪的歹徒	gunslinger
带栅门	gated
带栅门的	gated
带步人	pacemaker
带注解	annotated
带注解的	annotated
带淡红色	pinky
带淡红色的	pinky
带状	zonal
带状物	ribbon, frieze
带状疱疹	shingles
带状的	zonal
带猎犬狩猎	hound
带现象	zoning
带电	electrification, charged
带电的	charged
带白色	whitish
带白色的	whitish
带的	zonal
带色彩	tinted
带色彩的	tinted
带菌者	carrier
带蓝色	bluish
带蓝色的	bluish
带褐色	browny
带褐色的	browny
带轮银盘	coaster
带酒窝	dimpled
带酒窝的	dimpled
带钉铁的鞋底	crampon
带锤子的钓钩	jig
带露水	dewy
带露水的	dewy
带领	lead
带领啦啦队	cheerleading
带馅煎饼	beignet
带鼻音讲话	twang
帧	frame
席子	matting
帮	gang
帮会	tong
帮佣	pensioner
帮倒忙的行为	disservice
帮凶	jackal
帮助	help
帮助者	help
帮忙	help
帮忙者	helper
帷幕	tent
常例	regular
常例的	regular
常出现鬼	haunted
常出现鬼的	haunted
常到	haunt
常到的地方	haunt
常务委员会	presidium
常去	resort
常去的地方	hangout
常喝醉	drunkenly
常喝醉地	drunkenly
常备	stock
常备步兵	linesman
常备的	stock
常客	familiar
常常	often
常常祷告	prayerful
常常祷告的	prayerful
常常聚集	frequent
常年	perennial
常年的	perennial
常态	normal
常态化	normalization
常数	constant
常数的	invariable
常春藤	ivy
常服	mufti
常用品	staple
常看电影的人	moviegoer
常礼服	cutaway
常绿	evergreen
常绿树	evergreen
常绿植物	evergreen
常绿的	evergreen
常见	familiar
常见的	familiar
常规	general
常规的	routine, conventional
常识	nous
常轨	orbit
常量	constant
常驻程序	resident
帽商	hatter
帽子	hat, cap
帽子制造者	hatter
帽舌	visor
幅度	amplitude
幌子	camouflage
幕	act, screen
幕布及其装置	proscenium
幕间	interlude
幕间休息	interact
幕间剧	interact
幕间时间	interlude
干	dry, stem
干丑事的人	scandal
干傻事	fool
干净	clean
干净地	neatly, cleanly
干净的	clean
干咳	hack
干围	girth
干坏事	wrongdoing
干尸	mummy
干式墙	drywall
干扰	interfere, molest
干扰素	interferon
干扰者	intruder
干旱	drought
干杯	cheers, toast
干果糖	praline
干枯	wizened, sear
干枯的	wizened
干洗商	cleaner
干涉	interference, interfere
干涉主义	interventionist, pragmatism
干涉主义的	interventionist
干涉主义者	interventionist
干涉仪	interferometer
干涉的	intrusive
干涸沟壑	arroyo
干燥	arid, drily
干燥剂	dryer, drier
干燥器	dryer
干燥地	drily
干燥无味	dryness
干燥机	drier
干燥炉	kiln
干燥的	arid, thirsty
干燥设备	drier
干瘪	wizened, mummified
干瘪的	wizened
干瘪老太婆	crone
干的	dry
干着急	tantalizing
干着急的	tantalizing
干红辣椒	chipotle
干线	main
干线的	trunk
干脆	squarely
干脆地	squarely
干舷部	topside
干草	hay
干草列	windrow
干草叉	pitchfork
干草堆	haystack
干衣机	dryer
干辣椒	chili
干透	parched
干透的	parched
干道	artery
干部	cadre
干酪	cheese
干酪包布	cheesecloth
干酪样的	cheesy
干酪汉堡包	cheeseburger
干酪质	cheesy
干酪质的	cheesy
干酪饼	cheesecake
干预	intervention, tamper
干预主义	interventionism
平	plane
平价	parity
平凡	stock, ordinary
平凡的	stock, ordinary
平原	plain
平台	platform
平和	peacefulness
平地	level
平均	average
平均主义	egalitarianism
平均做	average
平均数	average
平均数量	par
平均检索时间	art
平均的	average
平均运行时间	art
平坦	even
平坦地	evenly
平坦的	even
平坦空地	esplanade
平头	crop
平头钉	tack
平安	safety, safe
平安的	safe
平定	suppress
平常	ordinary, usual
平常的	ordinary, usual
平常的人	ordinary
平平安安	unmolested
平平安安的	unmolested
平底乳钵	muller
平底小渔船	dory
平底玻璃杯	tumbler
平底船	pram, keel
平底锅	griddle
平底雪橇	toboggan
平庸	bourgeois
平庸之才	mediocrity
平庸的	bourgeois
平式缝纫	overhand
平心静气	dispassionately
平息	die, cool
平房	bungalow
平扁	flattened
平扁的	flattened
平抑	stabilization
平整度	flatness
平方	sq
平方寸	psi
平日	weekday
平时时期	peacetime
平易	popularly
平易地	popularly
平板	tablet, slab
平板状	tabulate
平板状的	tabulate
平民	civilian, commons
平民百姓	commonality, unwashed
平民百姓的	unwashed
平民的	civilian, democratic
平民表决	plebiscite
平流层	stratosphere
平淡	watery
平淡无味	unreadable
平淡无味的	unreadable
平淡的	watery
平滑	smooth, smoothly
平滑地	smoothly
平滑的	smooth, glossy
平版印刷	lithography
平版印刷品	lithograph
平版印刷术	lithography
平的	plane
平直	flat
平直地	flat
平直度	flatness
平稳	smooth, calm
平稳地	placidly
平稳度	smoothness
平稳性	smoothness
平稳的	smooth
平等	equal, equality
平等主义	egalitarian, egalitarianism
平等主义的	egalitarian
平等化	equalization
平等地	equally, evenly
平等的	equal
平纹	tabby
平纹棉麻织物	scrim
平纹组织	tabby
平纹组织的	tabby
平纹细布	muslin
平缝工	feller
平行	along, range
平行地	along
平行的	parallel
平衡	balance, equilibrium
平衡不稳	disequilibrium
平衡力	counterbalance, counterweight
平衡器	equalizer
平衡地	evenly
平衡法的	equitable
平衡物	counterweight
平衡的	balanced
平衡装置	equalizer
平衡量	counterbalance
平装本	paperback
平路机	grader
平铺	tile
平铺的	tiled
平锅	pan
平静	still
平静下来	quiet, calm
平静地	calmly, peacefully
平静无事	uneventful
平静无事的	uneventful
平静的	peaceful, calm
平面	plane, flat
平面度	flatness
平面的	plane
平面锤	flatter
平顶	plateau
平顶山	mesa
年	year
年代史编者	chronicler
年代学	chronological, chronology
年代学的	chronological
年代记	chronicle
年俸	annuity
年刊	annual
年历	almanac
年少	junior
年少的	junior
年少者	junior
年度	year
年度化	annualized
年度的	annually
年报	annual
年级	grade
年纪较小者	younger
年老	ancient
年老的	ancient
年老退休	superannuation
年表	chronology
年轻	young
年轻人	youngster, cub
年轻女子	pigeon
年轻无知的人	gosling
年轻无赖	hoodlum
年轻未婚女子	maiden
年轻的	young
年金	annuity, reprise
年金保险	annuity
年金领受权	annuity
年鉴	yearbook
年长	senior, elder
年长女伴	chaperone, chaperon
年长的	senior, elder
年长者	senior, elder
年青人	laddie
年龄	year, age
年龄歧视	ageism
年龄歧视者	ageist
并且	also
并列	coordinate, juxtapose
并列争球	scrum, scrimmage
并列地	abreast
并列的	coordinate
并发	concur
并发位	syndrome
并发地	concomitantly
并发病	complication
并发症	complication
并发症状	syndrome
并发的	complicated
并吞	annex
并排	juxtaposition
并无一个	none
并立	consistent
并立的	consistent
并置	juxtapose, juxtaposition
并联	multiple
并肩	abreast
并肩地	abreast
并胚	duplicity
并行	collateral
并行地	concurrently
并行性	parallelism
并行的	collateral
幸亏	fortunately, luckily
幸免	shave
幸免于	survive
幸好	happily
幸存	survive
幸存者	survivor, survival
幸灾乐祸	gloat
幸福	happy, happily
幸福地	happily
幸福的	happy
幸运	lucky, luck
幸运儿	favorite
幸运地	fortunately, luckily
幸运的	lucky, fortunate
幺正	unitary
幺正的	unitary
幺点	ace
幻云	nimbus
幻像	visionary
幻像的	visionary
幻影	illusion, ghost
幻影的	illusory, phantom
幻想	fantasy, fancy
幻想家	illusionist, seer
幻想曲	fantasia, reverie
幻想的	visionary, unrealistic
幻想破灭了	disillusioned
幻想破灭了的	disillusioned
幻景	mirage
幻术家	magician
幻灭	disillusion, disillusionment
幻觉	hallucination, phantom
幻觉的	phantom, spectral
幻象	phantasm
幼儿园教师	kindergartner
幼儿期	infancy
幼兽	get
幼小	little
幼小动物	young
幼小的	little
幼年	infancy
幼畜	pup
幼稚	infant, naive
幼稚园	kindergarten
幼稚的	infant, naive
幼稚而自大	sophomoric
幼稚而自大的	sophomoric
幼苗	seedling
幼虫	larva, grub
幼虫状态	larval
幼虫状态的	larval
幼虫的	larval
幼鲑	parr
幼鳕	codling
幽会	tryst
幽影	looming
幽暗	gloom
幽灵	apparition, spectre
幽灵一般	spooky
幽灵一般的	spooky
幽灵的	ghostly, phantom
幽禁	shut
幽谷	glen
幽门	pylorus
幽闭恐怖	claustrophobia
幽闭恐怖症	claustrophobic, claustrophobia
幽闭恐怖症的	claustrophobic
幽默	humor, humour
幽默作家	humorist
幽默地	humorously
幽默家	humorist
广	extensive
广为传播	disseminate
广义	generalized
广义的	generalized
广博	width
广口瓶	jar
广告	ad, advertisement
广告业	advertising
广告商	advertiser
广告女郎	showgirl
广告客户	advertiser
广告宣传	advertisement
广告文编写人	copywriter
广告柱	signpost
广告牌	billboard
广告物品	handout
广告的	advertising
广告者	advertiser
广场	square, plaza
广域网	wan
广大	broad, vast
广大地	vastly, immensely
广大无边	immeasurably, immeasurable
广大无边地	immeasurably
广大无边的	immeasurable
广大的	broad, vast
广布	widespread
广布的	widespread
广度	scope
广延	extensively
广播	broadcast
广播的	broadcast
广播网	network
广播装置	broadcaster
广泛	wide, widely
广泛传送	encyclical
广泛传送的	encyclical
广泛四散	abroad
广泛四散的	abroad
广泛地	wide, widely
广泛性	universality
广泛搜索	ranging
广泛的	comprehensive, extensive
广漠	vastness
广的	extensive
广阔	wide, ocean
广阔地	wide
广阔的	wide
庄严	awful, sacred
庄严地	solemnly, royally
庄严的	awful, sacred
庄严的仪式	solemnity
庄园	manor
庄园内的农场	barton
庄园的	manorial
庄家	banker
庄稼汉	ploughman
庄重	grand, grave
庄重地	gravely, majestically
庄重的	grand, grave
庆典	celebration
庆大霉素	gentamicin
庆祝	celebrate, celebration
庆祝的	festive
庆贺	congratulate
庇护	protect, harbour
庇护人	patron
庇护所	shelter
床	bed
床上用品	beds
床单	sheet
床垫	mattress
床头几	nightstand
床头板	headboard
床架	bedstead
床柱	bedpost
床组	beds
床罩	coverlet, bedspread
床边	bedside
床边的	bedside
序	preface, foreword
序列	series, sequence
序幕	prelude, prologue
序数	ordinal
序文	preamble
序言	prologue, overture
序诗	prelude
库	bank, library
库克	cooke
库存	repertory, treasury
库尔特	kurt
库恩	kuhn
库房	storeroom, storehouse
应付	deal, cope
应付款	due
应付的	due, payable
应允	agree
应募	enlist
应受	merit
应受严责的	reprehensible
应受处罚	culpable
应受尊敬	reverend
应受尊敬的	reverend
应受指责的	reprehensible
应受申斥的	reprehensible
应受罚的	liable
应召	muster
应声虫	parrot
应处监禁	penitentiary
应处监禁的	penitentiary
应征税	taxable
应征税的	taxable
应得	due
应得报答	deserve
应得报酬	deservedly
应得报酬地	deservedly
应得的	due
应得的东西	due
应得的惩罚	comeuppance
应得的赏罚	desert
应急	jury
应急的	jury
应支付	chargeable
应支付的	chargeable
应收帐款	receivable
应斥责	reprehensible
应斥责的	reprehensible
应激性	irritability
应激性的	irritable
应激物	stressor
应激的	excitable
应用	application, apply
应用性	applicability
应用的	applied
应用程序	application
应用程序评价	ape
应答	response, respondent
应答允许	ace
应答机	responder
应答的	respondent, responsive
应答者	respondent
应纳税的	taxable
应罚款的	pecuniary
应计	accrue
应计的	accrued
应计额	accrual
应该	should, want
应该谴责	reprehensible
应该谴责的	reprehensible
应负责	liable
应负责任的	responsible
应负责的	liable
应责备	reproachful
应责备的	reproachful
底侧	downside
底切	undercut
底土	subsoil
底层	substrate
底层色	underpainting
底座	plinth
底料	gesso
底板	motherboard, platter
底比斯	thebes
底漆	primer, undercoat
底盘	chassis, undercarriage
底稿	manuscript
底纹	shading
底线	underscore
底缘	hemline
底舱	bilge
底货	ballast
底边	hemline
底部	base, floor
底部的	bottom
底面	underside
底面为六角	hexagonal
底面为六角的	hexagonal
底饵	leger
店主	merchant, shopkeeper
店员	salesman, salespeople
店面	storefront
庙	shrine
庙宇	temple
庞培	pompey
庞大	enormous, giant
庞大地	infinitely, immensely
庞大的	enormous, giant
庞然大物	mammoth, behemoth
庞视	looming
废件	throwaway
废品	throwaway
废品旧货栈	junkyard
废墟	remains, ruin
废奴主义者	abolitionist
废奴运动	abolition
废弃	waste
废弃了的	outmoded
废弃的	waste
废料	flotsam, abatement
废料箱	dumpster
废旧品商人	junkie, junky
废止	abolish, repeal
废止合同	denunciation
废止种族隔离	desegregation, desegregate
废气	exhaust
废水	wastewater
废然大物	hulk
废物	refuse, waste
废皂碱水	ley
废糖蜜	molasses
废纸	wastepaper
废纸篓	wastebasket
废纸般的东西	wastepaper
废词	obsolete
废话	bunk, blah
废除	abolition, abolish
废除主义者	abolitionist
废除军备	demilitarization, demilitarized
废黜	depose
度	degree
度假	holiday
度假者	holidaymaker, vacationer
度假胜地	resort
度数	degree
度蜜月的人	honeymooner
度过	live, spend
度过而健在	outlive
度量	measure, measurement
度量单位	measurement
座	seat
座位	seat
座位安全带	seatbelt
座右铭	motto
座圈	raceway
座谈会	symposium
庭园设计家	landscaper
庭院	court
康乃馨	carnation
康塔塔	cantata
康士坦茨湖	constance
康复	restoration, rehabilitation
康复的人	convalescent
康奈尔	cornell
康妮	connie
康德	kant
康拉德	conrad
康普顿	compton
康氏试验	kahn
康沃尔	cornwall
康沃尔人	cornish
康沃尔人的	cornish
康沃尔郡	cornish
康沃尔郡的	cornish
康登	condon
康纳	connor
康茄舞	conga
康茄舞乐曲	conga
庸人	philistine
庸俗	vulgar
庸俗的	vulgar
庸俗的人	bromide
庸医	charlatan, empiricist
庸医的医术	empiricism
廉价	cheapness, inexpensively
廉价出售	undercut
廉价地	inexpensively
廉价的	knockdown
廉价红葡萄酒	pinkie
廉价而俗丽	tawdry
廉价而俗丽的	tawdry
廉价酒	plonk
廉正	integrity
廉洁	disinterested
廉洁的	disinterested
延伸	reach, range
延伸器	stretcher
延伸率	elongation
延伸的	outstretched
延时	delay
延时的	delayed
延期	defer, adjournment
延期偿付	moratorium
延期偿还期	moratorium
延期的	extended
延森	jensen
延深	deepening
延续	continue
延续地	belatedly
延续的	extended, prolonged
延绳钓	longline
延缓	stay, wait
延缓发作	postpone
延缓履行	moratorium
延误	slippage
延迟	delay, postpone
延迟地	belatedly
延迟的	deferral, delaying
延长	continue, extension
延长器	extender
延长时间	overtime
延长的	extended
延长部分	prolongation
建模	modeling
建立	build, establish
建立学说	theorizing
建立理论	theorize, theorise
建立的	established
建立者	founder, builder
建筑	build, building
建筑上	architecturally
建筑学	architecture, architectural
建筑学的	architectural
建筑师	architect
建筑式样	architecture
建筑物	building, structure
建筑物的正面	facade
建筑的	structural
建网	networking
建议	suggest
建议书	recommendation
建议的	propositional, suggested
建议者	proponent
建设性	constructive, constructively
建设性地	constructively
建设性的	constructive
建造	create
建造的	constructional
建造者	constructor
开	carat
开下流玩笑	bitchy
开下流玩笑的	bitchy
开业	practicing
开业的	practicing
开业者	practitioner
开伐丛林	bushwhack
开会	convent
开关	switch
开具	opener
开出	departing
开凿	excavated
开凿机	excavator
开凿者	excavator
开创	pioneer
开创人	opener
开创性	groundbreaking
开创性的	groundbreaking
开动	work, start
开动者	actuator
开卷	unwind
开发	exploit, exploitation
开发不充分	underdeveloped
开发不充分的	underdeveloped
开发的	exploitative
开发票	invoice
开发者	developer
开向	admit
开启	unlock
开味品	cocktail
开场白	prologue, gambit
开垦	reclaim, reclamation
开士米	cashmere
开头	front, initially
开始	make, first
开始发育	germinate
开始回升	untracked
开始回升的	untracked
开始存在	nascent
开始存在的	nascent
开始的	initial, opening
开孔	tapping
开封	unseal
开小差	desertion
开小差者	defector
开局人	opener
开展	wage, expansion
开展览会	exhibit
开帐单	bill
开幕	inaugural
开幕仪式	inauguration
开幕的	inaugural
开庭	sitting
开庭期	session
开张	debut
开心	chuffed
开心的	chuffed
开折	unfolding
开拓	exploit
开拓殖民地	colonize, colonise
开拓者	pathfinder, trailblazer
开挖隧道	tunnelling
开支	expenditure, expense
开支票	check
开放	open
开放的	open
开斯米绒	cashmere
开普勒	kepler
开普勒环形山	kepler
开本	format
开枪	fire
开枪打	pop
开核心会议	caucus
开榫眼于	mortise
开槽于	slot, groove
开汽车者	motorist
开沟	ditch, trench
开沟于	throat, gutter
开洞	punch
开玩笑	fun, joke
开玩笑地	playfully, jokingly
开玩笑的	playful
开球	kickoff
开着	open
开着的	open
开着花	blown
开着花的	blown
开矿	mine
开矿机	miner
开票	billing
开票人	drawer
开端	start
开端的	introductory
开端者	starter
开胃	appetizing, piquant
开胃剂	appetizer
开胃小吃	whet
开胃的	appetizing, piquant
开胃菜	savory, savoury
开胃酒	aperitif
开胃食品	appetizer
开脱罪责的	exculpatory
开船	loose
开花	flower
开花植物	flower
开花的	flowering
开药方	prescribing
开裂	craze
开足马力	tweak
开路	pioneer, plough
开路的人	trailblazer
开车	drive
开辟	pioneer
开运河	canal
开采	mine, exploitation
开释	acquit, exonerate
开销	spending
开锁	unlocked
开锤	knocker
开阔	open
开阔的	open
开除	dismiss
开除教籍	excommunication
异丁苯丙酸	ibuprofen
异丙苯	cumin
异乎寻常	unusually, egregious
异乎寻常地	unusually
异乎寻常的	egregious
异乎惯例	unaccustomed
异乎惯例的	unaccustomed
异体	variant
异体同形	homology
异元性	incongruity
异化	devolution
异国	exotic
异国的	exotic
异国风味	exoticism
异常	novel, exceptional
异常之物	portent
异常传输	at
异常值	outlier
异常兴奋	hysterical
异常兴奋的	hysterical
异常地	exceptionally
异常安静	hushed
异常安静的	hushed
异常的	novel, exceptional
异常行为	vagaries
异形的	monstrous
异径管	reducer
异性	heterosexual
异性性欲	heterosexuality
异性恋的人	heterosexual
异性爱	heterosexual, heterosexuality
异性爱的	heterosexual
异性的	heterosexual
异想天开	vagaries
异教	pagan, heresy
异教信仰	paganism
异教徒	pagan, heretic
异教徒的	pagan, gentile
异教的	pagan, heretical
异文合并	conflate
异文的合并	conflation
异族事物	exoticism
异族人	heathen
异族结婚	intermarriage
异构体	isomer
异步	asynchronous
异步的	asynchronous
异父兄弟	stepbrother
异父姊妹	stepsister
异种	heterogeneous, heterogeneity
异种交配	interbreed
异种的	heterogeneous
异种结婚	intermarriage
异端	heresy, heretical
异端的	heretical, miscreant
异端者	heretic
异端邪说	heresy
异议	objection, exception
异质	heterogeneous, idiosyncratic
异质的	heterogeneous, idiosyncratic
异邦人	gentile
异黄酮	isoflavone
弃儿	foundling
弃儿养育院	creche
弃权	abstain, abstention
弃权人	waive
弃权声明书	waiver
弃矿	barrow
弃职	elope
弄	lane
弄上墨渍	blot
弄乱	disarray, tumble
弄倒	prostrate
弄卷	curl
弄坏	break
弄垮	battered
弄垮的	battered
弄复杂	complicate
弄宽	widen
弄尖	point
弄干了	dried
弄干了的	dried
弄平	level
弄平的	flattened
弄开	unclench
弄弯	curved, warped
弄弯的	curved
弄得乱七八糟	rumple
弄成粉末	dust
弄成粉末的	powdered
弄成红色	blush
弄整齐	tidy, prim
弄斜	slope
弄暗	darken, obfuscate
弄歪	sway, warp
弄污	contaminate, besmirch
弄污了	spotted
弄污了的	spotted
弄混	mix
弄清	ascertain
弄清楚	assure
弄湿	dampen, moisten
弄热	warm
弄皱	crumple, ruffle
弄皱了	crumpled
弄皱了的	crumpled
弄直	straighten
弄短	shorten
弄破	break
弄碎	crumb
弄糊涂	mixed
弄糊涂的	mixed
弄糟	goof, muck
弄绉	furrow
弄缺	nick
弄翻	upset
弄翻的	upset
弄脏	soil, dirty
弄脏的	contaminated, smeared
弄蓬松	rat
弄衰弱	crock
弄跛	founder
弄错	mistake, fault
弄黑	denigration
弊政	maladministration
弊病	disease
式样	pattern
式样翻新	retrofit
弓	bow
弓商	bowyer
弓射手	bowman
弓形	arc
弓形组织	arcade
弓形结构	arched
弓形结构的	arched
弓猎手	bowhunter
弓箭手	archer
弓锯	hacksaw
引上钩	hook
引不起兴趣	uninteresting, uninspiring
引不起兴趣的	uninteresting, uninspiring
引人	fetching
引人入胜	ravishing
引人入胜的	ravishing
引人动心	inviting
引人动心的	inviting
引人发笑	amusing, hilarious
引人发笑地	hilariously
引人发笑的	amusing, hilarious
引人怜悯	pitiable
引人怜悯的	pitiable
引人注意	arresting, seductive
引人注意的	arresting, seductive
引人注意的人	attractor
引人注目	dramatically, remarkably
引人注目地	dramatically, remarkably
引人注目的	devastating, winsome
引人的	fetching
引以为例	instance
引伸	amplify
引入	introduce
引入歧途	misleading
引入歧途的	misleading
引出	premise, elicit
引出之物	derivative
引出的	derivative
引力	gravitation
引发	initiation
引发剂	initiator
引导	lead
引导的	pilot
引导程序	bootstrap
引导者	guide
引导自举	bootstrap
引座员	usher
引得出	extractive
引得出的	extractive
引擎	engine
引水槽	flume
引流	drainage
引渡	extradite
引渡逃犯	extradition
引爆	detonate
引爆药	initiator
引物	primer
引用	reference, cite
引用文	citation
引用语	quotation
引种	introduced
引种的	introduced
引药	initiator
引见	meet, present
引言	preamble
引证	cite
引语	oration
引诱	induce, tempt
引诱物	enticement
引诱的	enticing
引起	effect, cause
引起不快	irritate
引起争议	controversially
引起争议地	controversially
引起争论	challenging
引起争论的	challenging
引起代谢	metabolize
引起兴趣	pique
引起分歧	divisiveness
引起动机	motivational
引起反感	invidious
引起反感的	invidious
引起反抗	antagonize
引起呕吐	sickening
引起呕吐的	sickening
引起幻觉	psychedelic, hallucinatory
引起幻觉的	psychedelic, hallucinatory
引起恐怖	terrorise
引起惊恐	alarming
引起惊恐的	alarming
引起拥塞	congestive
引起拥塞的	congestive
引起敬畏	awesome
引起敬畏的	awesome
引起日食	eclipse
引起月食	eclipse
引起注意	advert
引起注意信号	attention
引起淫欲	lecherous
引起淫欲的	lecherous
引起烦恼	disturbing
引起烦恼的	disturbing
引起爆炸	explosively
引起爆炸地	explosively
引起爱情	endearing
引起爱情的	endearing
引起疲劳	tiring
引起疲劳的	tiring
引起疾病	sickening
引起疾病的	sickening
引起痉挛	crick
引起痛苦	sore
引起痛苦的	sore
引起联想	suggestively
引起联想地	suggestively
引起错误	corrupting
引起阻塞	obstructive
引起阻塞的	obstructive
引起骚扰	riotous
引起骚扰的	riotous
引进	introduce
引进的	introduced
引述	quote
引退	retire
引领	marshal
弗兰	fran
弗农	vernon
弗拉曼柯舞	flamenco
弗拉曼柯舞曲	flamenco
弗朗茨	franz
弗朗西丝	frances
弗朗西斯	francis
弗朗西斯卡	francesca
弗朗西斯科	francisco
弗林奇戏	flinch
弗洛	flo
弗罗林	florin
弗莱彻	fletcher
弗里斯兰奶牛	friesian
弗隆	furlong
弗雷则河	fraser
弗雷德里克	frederick, frederic
弗雷泽	fraser
弗雷迪	freddie
弛张	remission
弛缓的	flaccid
弟子	disciple
张	sheet
张力	strain
张力的	tensile
张力过强	hypertension
张口发呆	agape
张口发呆地	agape
张口发呆的	agape
张嘴	gape
张帆而行	sail
张帖	post
张开	expand, stretch
张灵康	ringo
张肌	tensor
张贴	paste
张量	tensor
弥天大谎	whopper
弥撒升阶圣歌	gradual
弥散	diffusion
弥漫	fill, smoke
弥漫于	pervade
弥漫的	diffuse
弥补	offset, retrieve
弥补性	prosthetic
弥补性的	prosthetic
弥补的	countervailing
弥赛亚	messiah
弦	chord
弦声	twang
弦外之音	overtone
弦样的	wiry
弧	arc
弧坑	crater
弧形	arc
弩	crossbow
弩炮	catapult
弯	curve
弯下	stoop
弯刀	cutlass
弯头	elbow
弯如弓	bowed
弯如弓的	bowed
弯弯曲曲	sinuous, squiggly
弯弯曲曲之物	serpentine
弯弯曲曲的	sinuous, squiggly
弯成弓形	bow
弯成钩状	hook
弯曲	bend, curve
弯曲地	crookedly
弯曲度	bending
弯曲的	crooked, bent
弯曲部分	loop, crook
弯腰	stoop
弯腰的	stooped
弯腰驼背	hunch
弯身	jackknife
弱	weak
弱小	puny
弱小的	puny
弱小的动物	weakling
弱拍	upbeat, offbeat
弱点	weakness, foible
弱的	weak
弱音器	mute
弹	flip, bullet
弹丸	pill
弹力	bounce, elasticity
弹力纤维	spandex
弹劾	impeachment, impeach
弹压	dragoon
弹回	resilience, resilient
弹回性	resilience
弹回的	resilient
弹坑	crater
弹头	warhead
弹奏竖琴	harp
弹射器	catapult
弹幕	barrage
弹开	flick
弹弓	catapult, slingshot
弹性	give
弹性体	elastomer
弹性头垫	headrest
弹性的	stretch
弹拨	strum
弹指	fillip
弹洗洗牌	riffle
弹片	shrapnel
弹球戏	pinball
弹盒	magazine
弹簧	spring
弹簧小折刀	switchblade
弹药	ammunition, cartridge
弹药筒	cartridge
弹诗琴	lute
弹诗琴表达	lute
弹起	bound
弹跳	spring, bounce
弹道	trajectory, ballistic
弹道学	ballistics
弹道的	ballistic
强使	shove, obligate
强使前行	harry
强健	sturdy, robust
强健的	sturdy, robust
强健的挽马	clydesdale
强健的挽马的	clydesdale
强入	invade
强制	force, constraint
强制地	forcibly, compulsively
强制性	obligatory
强制性的	obligatory
强制执行	enforced
强制执行的	enforced
强制的	compelling, compulsive
强制者	enforcer
强力	sledgehammer
强力的	powerful
强加	clamp, imposition
强加于	intrude
强加的	imposed
强劲	strong
强劲地	strong
强劲的	driving
强势	dominated
强势的	dominated
强化	intensify
强化的	enriched, strengthening
强占	grab
强占不动产	dispossession
强压	coercive
强压的	coercive
强取	extortion
强取者	grabber
强壮	strong
强壮的	strong
强壮结实之人	husky
强大	powerful
强大的	powerful
强夺	force
强夺的	rapacious
强夺者	grabber, wringer
强奸	rape
强奸犯	rapist
强子	hadron
强度	strength, intensity
强心剂	cardiac
强悍	doughty
强悍的	doughty
强打	swipe
强拉	haul
强拍	downbeat
强有力	strongly
强有力地	strongly
强求	exact, tease
强求地	insistently
强烈	intensity, intense
强烈反对	backlash
强烈反感	revulsion
强烈味道	tang
强烈地	intensely, intensively
强烈打击	pound
强烈抗议	outcry
强烈的	intense, keen
强烈的兴趣	mustard, zesty
强烈的反应	responsiveness
强烈的情感	emotion
强烈的遣责	anathema
强烈要求	urge
强的	intense
强盗	robber, bandit
强直	stiffness, rigor
强硬	tough
强硬手段	hardball
强硬派	hawkish
强硬派的	hawkish
强硬的	tough
强硬路线	hardline
强硬路线者	hardliner
强碱的	alkaline
强行的	coercive
强要	extort
强词夺理	chicanery
强调	point
强调了	emphatic
强调了的	emphatic
强调地	emphatically
强调色彩	painterly
强调色彩的	painterly
强迫	force
强迫人	obtrusive
强迫人的	obtrusive
强迫做苦工	drudge
强迫听	buttonhole
强迫地	compulsorily, compulsively
强迫性	compelling
强迫性的	compelling
强迫服役	commandeer
强迫的	compulsory, compulsive
强迫者	oppressor
强迫观念	obsession
归一	unitary
归一化	normalization
归一的	unitary
归中性	centrality
归功于	credit, owe
归化	naturalization, nationalization
归化入籍	hyphenated
归化入籍的	hyphenated
归化的	naturalized
归咎于	blame, accuse
归因	attribution
归因于	ascribe
归因的	attributional
归国	homecoming
归属	attach
归属的	attributional
归并	merger
归本国	inbound
归本国的	inbound
归来	returned
归来的	returned
归档	file
归类	classify, categorize
归类于	range
归纳	inductive
归纳出	induce
归纳法	induction
归纳的	inductive
归结于	accredit
归罪	impute, imputation
归罪的	incriminating
归航	homing
归营号	tattoo
归诸于	refer
归还	return, replacement
当主人	preside
当主人招待	host
当乡绅	squire
当事人	privy
当今	today
当令期	season
当众侮辱	gibbet
当作	as
当做子女	filial
当做子女的	filial
当做遗产让与	legate
当兽医	vet
当冒牌医生	quack
当前	current, currently
当前的	current
当助手	partner
当地	local
当地人	native
当地居民	local
当地的	local
当场	spot
当场的	spot
当家庭教师	tutor
当局	authority
当局的	authoritative
当工贼	scab
当店员	clerk
当归	angelica
当归属植物	angelica
当当声	clang
当心	guard
当心地	handsomely
当心的	observant
当报幕员	announce
当掉	pawn
当政	reign
当教授	profess
当教父	godfather
当时	then
当时特有	period
当时特有的	period
当替补投手	relieve
当权期间	regime
当权者	authority
当然	sure
当球童	caddie
当的一声	tum
当程序执行时	append
当裁判	umpire
当赛马的骑师	jockey
当走狗	jackal
当选	election
当选人	elect
当量浓度	normality
当铺	lombard, pawnshop
当铺老板	pawnbroker
当雕刻师	sculpture
当面	personally
录取	matriculate
录播	taped
录用	admission
录相磁带	videotape
录音	record, recording
录音带	tape
录音机	recorder
录音的	canned
录音磁带	audiotape
彗发	coma
彗差	coma
彗形像差	coma
彗星	comet
彗星似	cometary
彗星似的	cometary
彗星的	cometary
形似的	shaped
形似苍蝇	gadfly
形体	form
形体不明	formless
形体不明的	formless
形势	stance
形变	deformation
形容枯槁	haggard
形容枯槁的	haggard
形容词	adjective
形容词的	adjective
形式	formal, format
形式上	formally
形式主义	formalism
形式主义者	formalist
形式化	formalize
形式的	formal
形式语言学	semiotics
形式说明	specification
形形色色	mixed
形形色色的	mixed
形态	shape
形态上	modal
形态上的	modal
形态学	morphology, morphological
形态学的	morphological
形态的	morphological
形成	form
形成中心	centralised, centralise
形成丸状	pill
形成图案	pattern
形成地带	zonal
形成地带的	zonal
形成对比	contrasting
形成带状	ribbon
形成思想	idealize
形成梯队	echelon
形成概念	generalize
形成河道	channel
形成溃疡	ulcerative
形成珠	bead
形成理想	idealised
形成的	formative, emerging
形成空洞	hollow
形成网	web
形成肉芽	granulate
形成脓肿	abscess
形成花体	curlicue
形成藤蔓	vine
形成边缘	rim
形成阶层	stratified
形成阶层的	stratified
形成阶段	chrysalis
形状	form
形状美好	shapely
形状美好的	shapely
形而上学	metaphysical, metaphysics
形而上学的	metaphysical
形象	picture
形象化	visualization
形质遗传	heredity
彩票	lottery
彩罐	pinata
彩色	chromatic
彩色印片法	technicolor
彩色台球	snooker
彩色的	chromatic
彩色蜡笔	pastel
彩色蜡笔的	pastel
彩虹	rainbow
彩虹色	iridescent
彩虹色的	iridescent
彩饰	enamel
彪形大汉	bruiser
彬彬有礼	courteous, urbane
彬彬有礼的	urbane
影	simulacrum
影像	image, video
影像塑造术	iconography
影像学	iconography
影印	photocopy
影印机	photocopier
影响	effect, affect
影响力	influence
影响皮肤	cutaneous
影响皮肤的	cutaneous
影子	shadow
影子似	ghostly
影子似的	ghostly
影射	suggestive
影射的	suggestive
影片	cinematic, pic
影片的	cinematic
影线	hatching
影迷	fandom
彷徨	stray, oscillate
役使	hackney
彻头彻尾	omnipotent
彻头彻尾的	omnipotent
彻底	sound, fast
彻底了解	fathom
彻底地	sound, fast
彻底失败	disaster, fold
彻底打败	murdered, murdering
彻底打败某人	flattened
彻底改变	revolutionise
彻底改造	reinvent
彻底改革	revolutionise
彻底检查	canvass
彻底的	thorough, sweeping
彻底破坏	devastated
彻底进行	prosecute
彻罗基族人	cherokee
彼得堡	petersburg
彼得斯	peters
彼得斯堡	petersburg
彼得牌戏	pedro
彼拉多	pilate
彼此	together
往	wend
往上	upgrade
往上坡	uphill
往上飞舞	soar
往下	down
往东	eastbound
往东南	southeast
往东的	eastbound
往事	past
往事叙述者	reminiscent
往前	forth
往南	southward
往南方	southward
往南方的	southward
往国外	abroad
往国外的	abroad
往复投掷	bandy
往复运动	reciprocate
往往	sometimes
往昔	old
往昔地	erstwhile
往昔的	erstwhile
往来	intercourse
往海那边	seaward
往西	westerly
往西南	southwest
往返	shunt
往返移动之物	shuttle
往返运送	shuttle
往那边	thereto
往闹市区	downtown
征	impose
征候	symptom
征兆	sign, symptom
征兵	draft
征兵人员	recruiter
征募	enlist
征募新兵	recruit
征募者	enlistee
征发官员	purveyor
征召	conscript
征收	toll, imposition
征服	master, mastery
征服者	conqueror
征用	commandeer, expropriation
征税	taxation, toll
征税的	taxing
征询意见者	consultant
征购	expropriation
径	diameter
径流	runoff
径直	directly
径直地	directly
径迹	track
待人如友	befriend
待付款	obligation
待决	pending
待决的	pending
待命士兵	casual
待开发地区	greenfield
待开发地区的	greenfield
待议事件	agenda
待遇	treatment
待领场	poundage
徇私	favouritism
很	far
很会赚钱的人	moneymaker
很友好	chummy
很友好的	chummy
很可能	probable
很可能的	probable
很可能的事情	probable
很多	much
很多地	largely
很多的	much
很大	helluva
很大的	helluva
很大距离	mile
很好	devastating
很好的	devastating
很小	wee
很小的	wee
很少	few, little
很少发生	infrequently
很少地	rarely
很少的	few, little
很快	quickly, fast
很快地	quickly, fast
很早	early
很晚	late
很深的裂缝	gash
很相似的人	ditto
很辣	peppery
很辣的	peppery
很迟	late
很重	heavily
很重地	heavily
很难	helluva
很难的	helluva
很高	taunt
很高的	taunt
律师	lawyer, solicitor
律法	torah
徐缓黏滞泥流	mudslide
徐行	creep
徐风	zephyr
徒作挣扎	baffle
徒刑	imprisonment
徒劳	ungrateful
徒劳的	ungrateful
徒弟	prentice
徒弟的	prentice
徒手	unarmed
徒手的	unarmed
徒有其表	specious
徒有其表的	specious
徒步	pedestrian, peripatetic
徒步旅游	jaunt
徒步旅行	hike
徒步旅行者	hiker
徒步的	pedestrian, peripatetic
徒步者	walker
徒然	vain
徒然的	vain
得不到	unavailable
得不到报答的	unrequited
得不到的	unavailable
得体	decent, decency
得体的	decent
得分	score, goal
得分者	goalscorer
得分超过	outscore
得利者	gainer
得到	get
得到休养	recreate
得到公认	obtain
得到增援	reinforce
得到娱乐	recreate
得到报应	reap
得到灵感	inspired
得到灵感的	inspired
得到燃料	fuel
得到补充	recruit
得到补充给养	refreshed
得到装备	outfit
得到许可	licensed
得到许可的	licensed
得奖	prize
得奖人	prizewinner
得奖的	prize
得学位	graduate, commence
得意	great
得意地	great
得意地笑	smirk
得意扬扬	triumphantly
得意扬扬地	triumphantly
得意洋洋	triumphant, elation
得意洋洋地	proudly
得意洋洋的	triumphant, perky
得意的	complacent, inflatable
得意的笑	smirk
得手	inroad
得知	learn
得罪人的人	offender
得胜	overcome, triumph
得胜的	triumphant, victorious
得自	derive
得自他人	reflected
得自他人的	reflected
得过且过	perfunctory
得过且过的	perfunctory
得零分的惨败	whitewash
徘徊	wander, rove
徘徊不去	brooding
徘徊不去的	brooding
徘徊的	roving
徘徊者	prowler
徙前术	advancement
徜徉	roam
循序地	sequentially
循环	circle, cycle
循环出现	revolve
循环小数	repeater
循环操作	cycling
循环的	circular, recurrent
循规蹈矩	primly
循规蹈矩地	primly
循路而行	track
循道宗教义	methodism
微不足道	peanut, trifling
微不足道的	peanut, trifling
微中子	neutrino
微亮	lunar
微亮的	lunar
微光	shimmer, gleam
微克	gamma, microgram
微分	differential
微分的	different
微动	jiggle
微动描记器	micrograph
微型	mini
微型化	miniaturization
微型汽车	mini
微型的	mini
微型计算机	microcomputer
微处理器	microprocessor
微处理机	microprocessor
微妙	delicate, subtlety
微妙地	delicately
微妙的	delicate
微小	minute
微小动植物	microorganism
微小的	minute
微小的东西	splinter
微小的优势	toehold
微少	slender, mite
微少的	slender, fractional
微带灰色	grayish
微带灰色的	grayish
微开	ajar
微开的	ajar
微弱	faint, feeble
微弱地	faintly, weakly
微弱的	faint, feeble
微微发亮	shimmery
微微发亮的	shimmery
微微移动	budge
微微觉得	inkling
微扰	perturbation
微明	twilight
微明的	twilight
微暗	dusk, dimly
微暗的	dusk, dusky
微有碱味的	brackish
微机	microcomputer
微毛	fuzzy
微气候	microclimate
微波	microwave
微波灭虫器	zapper
微波除草器	zapper
微温	lukewarm, tepid
微温的	lukewarm, tepid
微片	microchip
微生物	microbe, microorganism
微生物学	microbiology, microbiological
微生物学家	microbiologist
微生物学的	microbiological
微生物的	microbial
微电子	microelectronics
微电子学	microelectronics
微电脑	microcomputer
微睡	slumber
微秒	microsecond
微积分学	calculus
微笑	smile
微笑的	smiling
微笑着表示	smile
微笑符	smiley
微米	micron
微粒	atom, particulate
微粒的	particulate
微系统	microsystem
微红	reddish
微红的	reddish
微纤维	microfiber
微细	tenuous, imperceptible
微细地	imperceptibly
微细的	tenuous, imperceptible
微胶粒	gemma
微行	incognito
微行地	incognito
微行的	incognito
微行者	incognito
微观	microscopic
微观图	microgram
微观的	microscopic
微观管理	micromanage
微观经济	microeconomic
微计算机	microcomputer
微调	trimming
微调控制项	spinner
微重力	microgravity
微量	drop
微风	breeze, breathing
微黄	yellowish
微黄的	yellowish
徵用	commandeer, confiscation
德克兰	declan
德兰尼	delaney
德国	reich, deutsch
德国人	fritz
德国兵	fritz
德国大蛋糕	torte
德国的	deutsch
德国绅士	herr
德国马克	deutschmark
德士古	texaco
德弗里斯	defries
德彪西	debussy
德怀特	dwight
德性上	morally
德意志帝国	reich
德文岛	devon
德文郡	devon
德斯蒙德	desmond
德比	derby
德比赛马	derby
德行	virtue
德里	delhi
德里克	derek
德黑兰	tehran
徽标	logo
徽章	badge, emblem
心	heart
心上人	sweetheart
心不在焉	abstraction, absently
心不在焉地	absently, vacantly
心不在焉的	uncaring
心地不良	impish, frumpy
心地不良的	impish, frumpy
心境	mood
心安	contented
心安的	contented
心室	ventricular, ventricle
心室的	ventricular
心律不齐	arrhythmia
心律失常	arrhythmia
心悸	palpitation
心情	mood, humor
心情不稳	moody
心情不稳地	moodily
心情不稳的	moody
心情愉快	buoyant
心情愉快的	buoyant
心情浮动	flighty
心情浮动的	flighty
心情焦躁	uptight
心情焦躁的	uptight
心房	atrium, atrial
心无旁物	intently
心无旁物地	intently
心智	mental
心智的	mental
心灵	spirit, soul
心灵手巧	ingenuity
心灵现象	psychic
心灵的	psychological, interior
心烦	upset
心烦意乱	distraught, distracted
心烦意乱地	distractedly
心烦意乱的	distraught, distracted
心烦的	upset
心照不宣	knowingly
心照不宣地	knowingly
心爱	beloved
心爱的	beloved
心爱的人	beloved
心理	mental
心理上	mentally
心理上的	psychological
心理分析	psychoanalysis, psycho
心理分析学家	psychoanalyst
心理学	psychological, psychology
心理学家	psychologist
心理学的	psychological
心理测量	psychometric
心理测量学	psychometric
心理测量学的	psychometric
心理测量的	psychometric
心理状态	psychology
心理疗法	psychotherapy
心理的	mental
心理语言的	psycholinguistic
心甘情愿	willingness
心电图	electrocardiogram
心病学	cardiology
心病学家	cardiologist
心痛	heartache, heartburn
心碌	hustle
心碎	heartbreak, heartbroken
心碎的	heartbroken
心神不安	uneasy
心神不安地	uneasily
心神不安的	uneasy
心神稳定	tranquillity
心肌	myocardial
心肌的	myocardial
心肺	cardiopulmonary
心肺的	cardiopulmonary
心脏	heart
心脏地区	heartland
心脏收缩	systolic
心脏收缩的	systolic
心脏病学	cardiology
心脏病学家	cardiologist
心脏病患者	cardiac
心脏的	cardiac
心脏的跳动	heartthrob
心脏舒张	diastolic
心脏舒张的	diastolic
心腹	henchman
心腹朋友	confidant
心血管	cardiovascular
心血管的	cardiovascular
心跳	beat
心身的	psychosomatic
心轴	arbor
心醉神迷	ecstasy
心里难受	hungover
心里难受的	hungover
心黑的人	scorpion
必备条件	prerequisite
必定	sure
必定的	sure
必定的事物	monty
必死性	mortality
必死的命运	mortality
必然	sure, necessary
必然地	necessarily
必然性	necessity, inevitability
必然的	sure, necessary
必然的事	certainty
必然的事情	cert, cinch
必然的结果	corollary
必胜信念	triumphalism
必要	necessary, essential
必要地	necessarily
必要性	necessity
必要条件	requirement
必要物	wherewithal
必要物品	requisite
必要的	necessary, essential
必要的事	imperative
必要的方法	wherewithal
必要的资金	wherewithal
必需	need
必需品	necessity, requisite
必需的	necessary
必须	must, need
必须地	necessarily
必须的	obliged, obligatory
忆起	recollect
忌讳	taboo
忌讳的	taboo
忌辰	obit
忌食	diet
忍住	withhold
忍冬	honeysuckle
忍受	go
忍受不了	impatiently
忍耐	patient
忍耐不住	insufferable
忍耐不住的	insufferable
忍耐力	endurance
忍耐的	patient
忏悔	confess, penitent
忏悔的	penitent, confessional
忏悔的人	penitent
忏悔神父	confessor
忏悔者	confessor
志向	ambition, aspiration
志愿	volunteer
志愿书	application
志愿兵制度	volunteerism
志愿的	volunteer
志愿者	volunteer, voluntary
志气	backbone
忘	forget
忘不了	unforgettable
忘不了的	unforgettable
忘却	limbo, oblivion
忘却的	oblivious
忘形	ecstasy
忘恩	thankless
忘恩的	thankless
忘恩负义	ungrateful, ingratitude
忘恩负义的	ungrateful
忘我	selflessness
忘记	fail, forget
忙乱	fuss
忙乱的	bustling
忙碌	busy, pragmatic
忙碌地	busily
忙碌的	busy, pragmatic
忠	chung
忠义	loyally
忠义地	loyally
忠厚	meekly
忠厚地	meekly
忠告	advice
忠告的	advisory
忠实	faith, faithful
忠实地	faithfully, dutifully
忠实的	faithful, loyal
忠实追随者	henchman
忠心	loyalty
忠诚	true
忠诚地	loyally
忠诚的	true
忠诚的人	loyalist
忠贞	loyalty, allegiance
忠贞地	dutifully
忠贞的	loyal
忠顺	obediently
忠顺地	obediently
忠顺的	obedient
忧伤	mourn
忧惧	apprehension
忧愁	sad, grief
忧愁的	sad
忧虑	care, concern
忧虑地	anxiously
忧虑的	anxious
忧虑重重	worrying
忧虑重重的	worrying
忧郁	blue, gloom
忧郁地	glumly, morosely
忧郁症患者	melancholic, hypochondriac
忧郁的	blue
忧郁的人	mope
忧闷	gloomy
忧闷的	gloomy
快	quick, soon
快乐	happy, pleasure
快乐主义	hedonistic
快乐主义的	hedonistic
快乐主义者	hedonistic
快乐主义者的	hedonistic
快乐地	happily
快乐的	happy
快乐论	hedonism, hedonistic
快乐论的	hedonistic
快事	satisfaction
快些	quicker
快会飞	fledged
快会飞的	fledged
快快	speedily
快快地	speedily
快感	wallop
快捷方式	shortcut
快步	trot
快步舞曲	jig
快步走	trot
快步走的人	trotter
快活	cheerful, jaunty
快活地	jauntily, airily
快活的	cheerful, jaunty
快活起来	cheer
快照	snapshot
快球	fastball
快的	quick
快而不清的语	gibberish
快而含糊地说	jabber
快而稳地行驶	bowl
快船	flier
快艇	yacht
快要死的	dying
快走	scat
快跑	scoot
快车	express
快车道	drive
快进	speed
快递	express
快速	fast
快速交通工具	hotshot
快速传送	speed
快速地	apace
快速推动	zap
快速摇动	diddle
快速旋转	pirouette
快速燃烧	conflagration
快速的	fast
快速的轻打	flick
快速移动	beetle
快速船	greyhound
快速行进	post
快速跳动	fluttering
快速转动	twirl
快餐	snack
快马	stepper
念	say
念咒	chanting
念咒文召唤	conjure
念错	fluff
忸怩作态	campy
忸怩作态的	campy
忽然	suddenly, sudden
忽然弹出	flirt
忽然摇动	flick
忽略	forget, slight
忽视	ignore, disregard
忿怒	anger
怀乡	nostalgically
怀乡地	nostalgically
怀乡病	nostalgia
怀乡病的	nostalgic
怀亚特	wyatt
怀偏见	prejudiced
怀偏见的	prejudiced
怀孕	pregnant, pregnancy
怀孕的	pregnant
怀念	yearn
怀念的	yearning
怀恨	bitter, grudge
怀恨的	bitter
怀恨者	hater
怀恶意	malicious
怀恶意的	malicious
怀才未遇	unheralded
怀才未遇的	unheralded
怀抱	entertain, bosom
怀抱大志者	aspirant
怀抱希望	hopeful
怀抱希望的	hopeful
怀敌意	hostile
怀敌意的	hostile
怀旧	retrospective, reminiscent
怀旧之情	nostalgia
怀旧地	nostalgically
怀旧的	retrospective, reminiscent
怀有	have
怀有恶意	spiteful
怀有恶意的	spiteful
怀疑	question, doubt
怀疑主义	scepticism
怀疑地	askance, suspiciously
怀疑的	skeptical, suspicious
怀疑者	skeptic
怀疑论	skeptical, sceptical
怀疑论的	skeptical, sceptical
怀疑论者	skeptic, sceptic
怀疑论者的	skeptical
态度	air, attitude
态度的	attitudinal
怂恿	encourage
怂恿犯罪	incitement
怂恿者	pander
怎么	what
怎样	how
怒吠	growl
怒吼	storm
怒喝	thunder
怒意	spunk
怒斥	yowl
怒火	inflammation
怒目而视	glower
怒视	scowl, glower
怒骂	snarl
怕羞	coy
怕羞的	coy
怜悯	ruth, sympathy
怜悯地	sympathetically
怜悯者	sympathizer
怜爱	fondly
怜爱地	fondly
思乡病	homesick
思乡病的	homesick
思家	homesick
思家的	homesick
思想	mind, thought
思想上	ideologically
思想上的	ideological
思想丰富	pregnant
思想丰富的	pregnant
思想交通	telepathy
思想体系	ideology
思想作用	ideation
思想家	thinker, ideologue
思想开创人	philosopher
思想感应	telepathy
思想的	ideological
思想者	thinker
思朋斯	spence
思索	study
思索地	speculatively
思索性	speculative
思索性的	speculative
思索者	speculator
思维	thought
思考	think
思考地	speculatively
思考的	thinking
思虑	thoughtfulness
思路	tenor
思路清晰	reasoned
思路清晰的	reasoned
怠工	sabotage
怠工者	saboteur
怠忽	delinquent
怠忽的	delinquent
怠惰	lazy, sloth
怠惰的	lazy
怠慢	slight
怠慢的	remiss, inattentive
急于认错	apologetic
急于认错的	apologetic
急件	dispatch
急促	rapid, hurry
急促地说	gabble
急促的	rapid
急冲	fling
急切	urgently, avid
急切地	urgently
急切的	avid, impatient
急剧升降	steep
急剧升降的	steep
急动	flirt, jerky
急动的	jerky
急升	rocket
急变	leap
急忙	hurry, haste
急忙撤退	scuttle
急急忙忙地说	gallop
急急搜索	scrabble
急性的	acute
急性硬直	crick
急扔	flirt
急抽	snake
急拉	jerk, twitch
急推	jerk, hitch
急放	surge
急派	hurry
急流	rapid, rush
急流的	torrential
急腹痛	colic
急走	whip, whirl
急赶	scurry
急跑	scurry
急躁	irritable, hastily
急躁地	hastily
急躁的	irritable, edgy
急转	scurry, quirk
急进	lance, rabid
急进的	rabid
急进论者	ultra
急迫	urgent
急迫的	urgent
急速	sharp
急速上升	zoom
急速发展	boom
急速发展的	booming
急速地	sharp
急速地说	patter
急速增长的	burgeoning
急速拍打声	patter
急速行进	hump
急速进行	gallop
急速逃走	scuttle
急需	exact, imperative
急需的	imperative
性	sexual, gender
性乐	orgasm
性交	conversation, fuck
性交前的爱抚	foreplay
性交的	venereal
性别	sex, sexual
性别地	sexually
性别歧视	sexism
性别歧视者	sexist
性别的	sexual
性受虐狂者	masochistic
性受虐狂者的	masochistic
性外激素	pheromone
性征	sexuality
性怠	hasty
性怠的	hasty
性急	brash, impatience
性急人	hothead
性急地	irritably
性急的	brash, heady
性急的人	hotspur
性情	make
性情不定	mutable
性情不定的	mutable
性情乖僻	sourly
性情乖僻地	sourly
性情乖戾	grumpy
性情乖戾的	grumpy
性情古怪的人	jerk
性感	oomph, sexiness
性感的	bedroomed
性感缺失的	frigid
性格	makeup, temperament
性格学	ethology
性格的	temperamental
性格软弱的人	gooey
性欲	sex
性欲亢进	eroticism
性欲的	sexual
性欲高潮	orgasm
性爱	erotic, venereal
性爱倾向	eroticism
性爱本能	eros
性爱的	erotic, venereal
性病	venereal
性病的	venereal
性的	sexual
性的冲动	libido
性能	performance, behaviour
性虐待狂	sadism
性虐待狂者	sadist
性行为	sexuality
性质	kind, property
性质未明	undetermined
性质未明的	undetermined
性质的	qualitative
性质类似	kin
性质类似的	kin
性骚扰者	molester
性高潮	orgasmic
性高潮的	orgasmic
怨恨	resentment, bitterly
怨恨地	bitterly
怨言	grumble, quarrel
怪人	odd, eccentric
怪人怪事	paradox
怪僻	screwball
怪僻的	screwball
怪异	weird
怪异图案	grotesque
怪异的	weird
怪念头	whimsy, whim
怪念头多	whimsical
怪念头多的	whimsical
怪物	monster
怪癖	peculiarity, eccentricity
怪相	grimace
怪脸	mow
怪诞	eerie, uncanny
怪诞地	bizarrely
怪诞的	eerie, uncanny
怯懦	craven, funk
怯懦地	sheepishly
怯懦的	craven, cowardly
怯懦者	craven
总	general, total
总之	ultimately
总体	population
总共	gross, blanket
总共收入	gross
总共的	gross, blanket
总受器	catchall
总合	summation
总和	sum
总括	omnibus
总括的	omnibus
总控钥匙	turnkey
总数	amount, sum
总是	always
总汇	concourse
总理	chancellor, premier
总理职位	premiership
总的	general, total
总的看法	overview
总的说来	overall
总督	governor
总管	constable
总线	bus
总线允许	be
总经理	president
总经理的	presidential
总结	summarize, summarise
总结性	summative
总结的	summative
总统	president
总统制	presidential
总统制的	presidential
总统就职	inauguration
总统的	presidential
总统职权	presidency
总署	headquarters
总而言之	altogether
总裁	president
总裁职位	presidency
总计	amount, foot
总计为	tot
总部	headquarters
总部人员	headquarters
总量	quantity, gross
总额	amount
恋人	lassie
恋家	domesticity
恋已癖	narcissism
恋旧	nostalgically
恋旧地	nostalgically
恋母情结的	oedipal
恋爱	love
恋爱事件	affair
恋爱关系	walkout
恋爱的	amorous
恋物对象	fetish
恋物癖	fetishism
恋童癖	pedophilia
恋童癖者	pedophile
恍惚	trance, faraway
恍惚的	faraway
恐吓	threat, threaten
恐吓地	menacingly
恐吓的	menacing
恐怕	unfortunately, afraid
恐怕的	afraid
恐怖	fear, terror
恐怖主义	terrorism, terrorist
恐怖份子	terrorist
恐怖分子	terrorist
恐怖政治	terrorism
恐怖状态	terrorism
恐怖病	phobia
恐怖的	phobic
恐怖统治	terrorism
恐惧	fear
恐惧外国人的	xenophobic
恐惧症	phobia
恐慌	panic, scare
恐慌的	panic
恐水病	hydrophobic
恐水病的	hydrophobic
恐龙	dinosaur
恒值	constant
恒定	invariably
恒定地	invariably
恒星	star
恒星飞船	starship
恒河	ganges
恒河猴	rhesus
恒温器	thermostat
恒温箱	incubator, thermostat
恒等	identical
恒等的	identical
恒量	constant
恢复	recovery, recover
恢复中的病人	convalescent
恢复健康	healing, restorative
恢复健康的	healing, restorative
恢复力	resilience
恢复原状	rehabilitate
恢复友好关系	rapprochement
恢复友好状态	normalise
恢复期	convalescent, convalescence
恢复期的	convalescent
恢复活力	greening, rejuvenated
恢复活力的	rejuvenated
恢复活动	reactivate
恢复的	restoring
恢复精神	rally, revival
恢复经济发展	redevelop
恢复设备	restorer
恢复邦交	rapprochement
恣意放荡	abandoned
恣意放荡的	abandoned
恨	hate
恩人	benefactor
恩惠	boon, courtesy
恩斯	ince
恩格尔	engel
恩菲尔德	enfield
恩赐态度	patronage
恫吓	threaten
恬淡寡欲	stoically
恬淡寡欲地	stoically
恭喜	congratulation
恭敬	deferential, reverently
恭敬地	reverently
恭敬的	deferential
恭维	compliment, jolly
息事宁人	peaceably
息事宁人地	peaceably
息票	coupon
息肉	polyp
恰好	very
恰好地	nicely, apropos
恰好的	very
恰如其分	appropriately
恰如其分的	appropriately
恰巧	happen
恰当	right
恰当地	duly
恰当的	right
恳求	appeal, prayer
恳求的	appealing
恳求者	supplicant
恳请	solicitation, pleading
恳谈	commune
恶	badness
恶习	abuse, vice
恶人	monster
恶作剧	quiz, prank
恶作剧的	mischievous
恶作剧者	prankster
恶兆	threat
恶兆地	ominously
恶兆的	ominous
恶劣	badly, gross
恶劣地	badly, awfully
恶劣的	gross, vile
恶化	deteriorate, deterioration
恶化的	depraved, aggravated
恶名	notoriety
恶名昭著	flagrant
恶名昭著的	flagrant
恶妇	cat
恶徒	villain
恶心	sick
恶心的	sick
恶性	malignant, malign
恶性的	malignant, malign
恶性肿瘤	cancer
恶性通货膨胀	hyperinflation
恶意	illness, spite
恶意地	maliciously
恶意干涉	molest
恶意的	wanton, baleful
恶意的瞥视	leer
恶意软件	malware
恶报	perdition
恶梦	nightmare
恶棍	tough
恶棍的	villainous
恶毒	poisonous, malicious
恶毒的	poisonous, malicious
恶狗	cur
恶的	vicious, villainous
恶臭	rank, rotten
恶臭的	rank, rotten
恶行	vice
恶言	invective
恶言漫骂	invective
恶言的	invective
恶言谩骂	abusive
恶言谩骂的	abusive
恶运	mishap, inauspicious
恶运的	inauspicious
恶魔	diabolical, demonic
恶魔似	fiendish
恶魔似的	fiendish
恶魔的	diabolical, demonic
恸哭	wail, lament
恼人	annoying, nag
恼人地	annoyingly
恼人的	annoying, burdensome
恼怒	annoyed, exasperation
恼怒的	annoyed, exasperate
恼怒的原因	exasperation
恼火	exasperated
恼火的	exasperated
悄悄	stealthily
悄悄地	stealthily
悄悄贴近	sidle
悄悄踱步	prowl
悄悄靠近	stalk
悉尼	sydney
悉德	syd
悍妇	vixen
悍马	humvee
悔恨	regret, lament
悔悟	penitent
悔悟了	contrite
悔悟了的	contrite
悔悟的	penitent
悔改	contrition, repentance
悔改的	repentant
悔罪	contrition
悔罪者	penitent
悔过	penance
悖理	absurdity
悖论	paradox
悟性	savvy
悠闲	leisure, ease
悠闲地	leisurely
悠闲的	leisurely, idyllic
患佝偻病	rickety
患佝偻病的	rickety
患偏执狂	paranoid
患偏执狂的	paranoid
患厌食症的人	anorexic
患妄想狂	paranoid
患妄想狂的	paranoid
患妄想狂的人	paranoid
患恐水病	hydrophobic
患恐水病的	hydrophobic
患气喘症	asthmatic
患溃疡	canker
患疝气	herniated
患病	sicken
患病的	ailing
患精神病	insane
患精神病的	insane
患者	sufferer
患贫血症	anemic, anaemic
患贫血症的	anemic, anaemic
患踵炎症	greased
患踵炎症的	greased
患部	morbidly
患风湿病	rheumatic
患风湿病的	rheumatic
患麻疹	measly
患麻疹的	measly
患黄疸病	jaundiced
患黄疸病的	jaundiced
患黑穗病	smut
悦人	gratifying, prettily
悦人地	prettily
悦人的	gratifying
悦耳	sweet
悦耳的	sweet
悬	suspend
悬垂	dangle, overhang
悬垂部份	overhang
悬崖	cliff, steep
悬崖顶部	clifftop
悬念	suspense
悬挂	hang
悬挂的	dangling
悬挂的饰品	bob
悬摆的	dangling
悬旗	flag
悬浮	suspend, suspension
悬浮体	suspension
悬浮液	suspension, slurry
悬浮的	suspended
悬疑	suspense
悬疑的	suspenseful
悬着	hang
悬空	impending
悬空的	impending
悬臂	cantilever
悬臂梁	cantilever
悬钩子	raspberry
悬钩子属植物	bramble
悬铃木	sycamore
悲伤	sorrow, sore
悲伤地	sadly, woefully
悲伤的	sore, disastrous
悲伤者	mourner
悲剧	tragedy, tragic
悲剧作品	tragedy
悲剧作家	tragedian
悲剧地	tragically
悲剧演员	tragedian
悲剧的	tragic
悲叹	lament, weep
悲哀	sorry, sad
悲哀地	pathetically, plaintively
悲哀的	sorry, sad
悲怅	pathos
悲恸	mournful
悲恸的	mournful
悲悼	deplore
悲惨	tragic, miserable
悲惨地	sadly
悲惨的	tragic, miserable
悲歌	elegy
悲痛	sadly, bleed
悲痛地	sadly, bitterly
悲观	pessimistic, pessimism
悲观主义	pessimistic, pessimism
悲观主义的	pessimistic
悲观主义者	pessimist
悲观情绪	pessimism
悲观的	pessimistic
悲观者	pessimist
悸动	pant
悸动的	throbbing
悸惧	trepidation
情不自禁地说	slobber
情人	sweet
情人节礼物	valentine
情况	case, condition
情况好转	upturn
情境	situation
情夫	paramour
情妇	mistress, lass
情形	case, state
情形的	situational
情态	regimen
情感	emotional, affective
情感生活	sentimentality
情感的	emotional, affective
情感转移	transference
情愿	glad
情愿的	glad
情报	intelligence
情报的	informational
情操	sentiment
情景	scene
情柔	fondly
情柔地	fondly
情欲	ardor, ardour
情歌	madrigal
情结	complex
情绪	emotional, emotion
情绪低落	heaviness
情绪兴奋剂	energizer
情绪多变	moodily
情绪多变地	moodily
情绪激动	rage
情绪的	emotional
情节	scenario
情节串连图板	storyboard
情节倒叙	cutback
情郎	beau, swain
惆怅	wistfully
惆怅地	wistfully
惊人	spectacular, striking
惊人之举	spectacular
惊人地	wonderfully, strikingly
惊人的	spectacular, striking
惊人的事物	prodigy
惊厥	convulsion
惊厥的	convulsive
惊叹	wonderment
惊叹符号	screamer
惊叹词	exclamation
惊吓	scare, terror
惊吓而逃窜	spook
惊呆	petrified
惊呆的	petrified
惊呼	exclamation
惊奇	wonder, surprise
惊奇地	amazingly, marvellously
惊奇的	amazed
惊异	astonishment, marvel
惊异于	marvel
惊恐	alarm, frighten
惊恐的	alarmed
惊悸	terror
惊惶	trepidation
惊惶失措	consternation
惊愕	wonder, startle
惊愕的	dismayed
惊慌	panic, scared
惊慌失措	panicky
惊慌失措的	panicky
惊慌的	panic, scared
惊讶	wonder
惊讶不止	nonplussed
惊讶不止的	nonplussed
惊讶地	wonderingly
惊起	start
惊跑	stampede
惊跳	shy
惊退	shy
惊避	shy
惊险	breathtaking
惊险刺激读物	whodunit
惊险故事	cliffhanger
惊险的	breathtaking
惊骇	horror, fright
惊骇的	horrified, aghast
惊鸟器	flapper
惋惜	regret
惋惜的	regretful
惜墨如金	parsimony
惠斯特牌戏	whist
惠灵顿长靴	wellington
惠特克	whitaker
惠特尼	whitney
惠特尼山	whitney
惧怕	phobia
惨事	tragedy
惨叫	yowl
惨合	incorporation
惨无人道的	grievous
惨杀	butchery
惨案	tragedy
惨状	horror
惨白	ghastly
惨白地	ghastly
惨白的	ghastly
惨败	lurch, fiasco
惩役	servitude
惩戒	reprimand, chastened
惩戒性	exemplary, disciplinarian
惩戒性的	exemplary, disciplinarian
惩罚	discipline, punish
惩罚性	punitive
惩罚性的	punitive, exemplary
惩罚的	vindictive
惬意	cozy, sweetly
惬意地	sweetly
惬意的	cozy
惭愧	ashamed
惭愧的	ashamed
惯于	addicted
惯例	institution, traditional
惯例的	traditional
惯常	use
惯常的	accustomed, customary
惯性	inertia
惯性的	inertial
惯性轮	flywheel
惯用	idiomatic
惯用的	idiomatic
惯用语	phrase
惯用语法	idiom
惰性	inert, inertia
惰性的	inert
想	think, like
想不到	unexpectedly, inconceivable
想不到的	unexpectedly, inconceivable
想像	imagine, imagination
想像不到	unthinkable
想像不到的	unthinkable
想像力	imagination
想像的	imaginative, imaginary
想像起来	imagine
想入非非	crackpot
想入非非的	crackpot
想出的办法	contrivance
想得到	conceivable, conceivably
想得到地	conceivably
想得到的	conceivable
想念	yearn, hone
想抢走	snatch
想望	wistful, desirous
想望的	wistful, desirous
想法	think
想睡	sleepily, dozy
想睡地	sleepily
想睡的	dozy
想知道	wonder
想知道的	inquisitive
想要	mean
想要的	desirous
想象	image, dream
想象上	supposedly, supposed
想象上地	imaginatively
想象上的	supposed
想象力	fancy
想象地	notionally
想象的	fancy
想象的产物	fantasy
想起	think
惴惴不安	apprehensive
惴惴不安的	apprehensive
惹人不快	invidious
惹人不快的	invidious
惹人嫌的人	snot
惹人爱	lovable
惹人爱的	lovable
惹怒	rile
惹起	occasion
惹麻烦的人	troublemaker
愁容	scowl
愁思	melancholy
愁思的	melancholy
愁眉苦脸	morosely
愁眉苦脸地	morosely
愁闷	overcast, glum
愁闷的	overcast, glum
愈合	skin, intention
愉快	happy, pleasure
愉快地	merrily, sprightly
愉快的	happy, pleasant
愉快的经历	picnic
意义	meaning, hang
意义不明确	equivocal
意义不明确的	equivocal
意义含糊	cryptically
意义含糊地	cryptically
意向	purpose
意向性	intentionality
意向的	dispositional
意味	imply, significance
意味深长	meaning, meaningful
意味深长地	significantly
意味深长的	meaning, meaningful
意味着	purport
意图	intention, intent
意外	chance, suddenly
意外事件	accident
意外事故	casualty, accident
意外发生的事	happening
意外地	accidentally
意外开支	contingency
意外损失	windfall
意外的	sudden, accidental
意大利	italia
意大利人	dino
意大利宽面条	fettuccine
意大利熏火腿	prosciutto
意大利肉饼店	pizzeria
意大利调味饭	risotto
意大利辣香肠	pepperoni
意大利面条	spaghetti
意大利面食	pasta
意志	will
意志力	volition, willpower
意志消沉	despondently
意志消沉地	despondently
意志薄弱	frail, frailty
意志薄弱的	frail
意志薄弱的人	jellyfish
意念	impression
意思含糊的	ambiguous
意思是	intend
意愿	will
意指	signified
意料中	unsurprisingly
意料中的	unsurprisingly
意旨	intend
意欲	mean, purpose
意气沮丧	crestfallen
意气沮丧的	crestfallen
意气消沉	dispirited
意气消沉的	dispirited
意见	say
意见一致	unanimous
意见一致的	unanimous
意见不合	dissension
意见不同	dissident
意见不同的	dissident
意见不同的人	dissident
意识	awareness, consciousness
意识不清	unconsciousness
意识到	awake, ware
意识到的	ware, sentient
意识形态	ideological, ideology
意识形态的	ideological
意译	transcribe, paraphrase
意谓	mean
愚人	fool
愚侏病者	cretin
愚侠	quixotic
愚侠的	quixotic
愚勇	foolhardy
愚勇的	foolhardy
愚味	ignorance
愚弄	trick, fool
愚弄人	hoax
愚弄地	mockingly
愚昧	ignorance, blindness
愚昧无知	unenlightened
愚昧无知的	unenlightened
愚昧的	ignorant, benighted
愚昧言行	ineptitude
愚笨	daft, goofy
愚笨地	foolishly, unwisely
愚笨的	daft, goofy
愚笨者	goon
愚蠢	stupid, silly
愚蠢地	stupidly, madly
愚蠢的	stupid, silly
愚蠢的人	lunatic, jackass
愚蠢的行为	madness
愚钝	thickness, crass
愚钝的	crass, imbecile
愚顽	insanity
感人	impressively, movingly
感人地	impressively, movingly
感人的	heartwarming, affecting
感伤	sentiment, sentimental
感伤地	pathetically
感伤的	sentimental, moist
感伤的话	mush
感光过度	overexposure
感兴趣	interested
感兴趣的	interested
感冒	cold
感到	find
感到刺痛	tingle
感到害怕	feared
感到幻灭	disenchanted
感到幻灭的	disenchanted
感到得意	preen
感到恐惧	horrific, terrified
感到恐惧的	horrific, terrified
感到悲痛	grieving
感到惊讶	surprised
感到惊讶的	surprised
感到抱歉	regret
感到有压力	stressed
感到有压力的	stressed
感到欣喜	beam
感到满意	satisfied
感到满意的	satisfied
感到痛苦	anguish, agonize
感到羞愧	humiliated
感到羞愧的	humiliated
感到羡慕	admired
感到羡慕的	admired
感到舒适	bask
感到苦闷	agonised
感到荣幸	flattered
感到荣幸的	flattered
感到讨厌	bothered
感到讨厌的	bothered
感到高兴	delight
感动	move, affect
感化	reclaim
感化院	workhouse
感受	reception
感受压力	pressured
感受压力的	pressured
感受性	sensibility, receptivity
感受性强	recipient
感受性强的	recipient
感受性迟钝	unresponsive
感受性迟钝的	unresponsive
感受的	receptive
感叹词	interjection, expletive
感官	sense
感应	sense
感应瓦特计	inductive
感应的	inductive, induced
感应系数	inductance
感度高的	sensitive
感性	sensibility
感悟的	gnostic
感情	sentiment
感情上	soulful
感情上的	soulful
感情丰富	lyrical
感情丰富的	lyrical
感情横溢	effusive
感情横溢的	effusive
感情用事	sentimental
感情用事的	sentimental
感情的	pathetic, affective
感情移入	empathic
感情移入的	empathic
感染	catch, contract
感染性的	infective
感染性蛋白质	prion
感激	appreciation, grateful
感激之情	gratitude
感激地	thankfully, gratefully
感激的	grateful, obliged
感知	perceptive
感知的	perceptive
感觉	feel
感觉上	sensuous
感觉上的	sensuous
感觉到的事物	observable
感觉器官	receptor
感觉性	sensibility
感觉的	sensory, sensual
感觉神经	sensorineural
感觉神经的	sensorineural
感觉缺失	anaesthesia
感觉论	sensual
感觉论的	sensual
感觉迟钝	insensitive, insensitivity
感觉迟钝的	insensitive
感谢	thank, grateful
感谢地	thankfully
感谢的	grateful, thankful
感通	rapport
愠怒	sullen
愠怒的	sullen
愤世嫉俗	cynical
愤世嫉俗的	cynical
愤世嫉俗者	cynic
愤怒	angry, rage
愤怒地	angrily, indignantly
愤怒地说	rave
愤怒的	angry
愤怒的举动	wrath
愤恨	resent, resentment
愤慨	indignation, indignant
愤慨地说出	hurl
愤慨的	indignant
愿	wish
愿意	would, will
愿望	mind, wish
愿望满足	gratification
愿望的	wishful
愿能	may
慈善	philanthropy, gracious
慈善事业的	philanthropic
慈善团体	charity
慈善地	charitably
慈善家	philanthropist
慈善机关	charity
慈善的	gracious, charitable
慈悲	charity, compassionate
慈悲为怀	lenient, leniency
慈悲为怀的	lenient
慈悲的	compassionate, pitiful
慈爱	fatherly
慈爱的	fatherly
慈菇	arrowhead
慌	unbearably
慌乱	fluster
慌张	restless, flustered
慌张地	restlessly
慌张步态	propulsion
慌张的	restless, flustered
慎虑	wise
慎虑的	wise
慎重	discretion, cautiously
慎重地	cautiously, gingerly
慎重的	discreet, gingerly
慎重考虑	deliberation
慎重选择	choosy
慎重选择的	choosy
慢	slow
慢下来	slow
慢化	moderation, moderating
慢化的	moderating
慢吞吞	sluggishly
慢吞吞地	sluggishly
慢吞吞地说	drawl
慢地	slow
慢性	chronic
慢性地	chronically
慢性病患者	chronic
慢性的	chronic
慢性顽固性的	inveterate
慢悠悠	unhurriedly
慢慢	easy, slowly
慢慢前进	inch, worm
慢慢地	easy, slowly
慢慢地灌输	instill
慢慢地走	worm
慢慢移动	inch
慢板	largo
慢煮	simmering
慢燃	smoldering
慢的	slow
慢跑	jogging, jog
慢跑者	jogger
慰抚者	pacifier
慰问	consolation
慷慨	liberal, generous
慷慨地	generously, charitably
慷慨的	liberal, generous
慷慨的赏钱	largesse
慷慨的赠与	largesse
慷慨给予	lavish
慷慨赠与物	largesse
慷慨陈词	declaim
憎恨	despite, hate
憎恨的	hateful
憎恶	hate, resent
憎恶的	phobic
憔悴	pine, languish
憔悴的	gaunt, haggard
憧憬	longing
懂得	understand
懊恼	chagrin
懊悔	regret, remorse
懊悔地	regretfully
懊悔的	remorseful
懒人	loon, loafer
懒妇	slut
懒怠	sluggishly
懒怠地	sluggishly
懒惰	lazy, idle
懒惰地	idly
懒惰的	lazy, idle
懒惰的人	truant
懒惰者	drone
懒惰虫	slacker
懒散	lazy, untidy
懒散地伸开	sprawl
懒散地闲荡	loll
懒散女人	dowdy
懒散的	untidy, dowdy
懒汉	slug
懒汉鞋	loafer
懒洋洋	lackadaisical, lazily
懒洋洋地	lazily
懒洋洋的	lackadaisical
懒胖女人	sow
懒鬼	bum
懦夫	craven, molly
懦弱	cowardice, sheepish
懦弱的	sheepish, cowardly
懦弱的人	coward, wimp
戈尔韦	galway
戈弗雷	godfrey
戈雅	goya
戏剧	drama, dramatically
戏剧似	melodramatic
戏剧似的	melodramatic
戏剧似的事件	melodrama
戏剧化	dramatize, theatrically
戏剧化地	theatrically
戏剧地	dramatically
戏剧家	theatergoer
戏剧性	dramatic
戏剧性局面	tableau
戏剧性的	dramatic
戏剧演出	theatrical
戏剧般地假装	dramatise
戏剧艺术	drama
戏剧表演	histrionics
戏剧风格	theatricality
戏弄	sport, toy
戏弄地	quizzically
戏弄的	quizzical
戏弄者	teaser
戏文	skit
戏水	paddle
戏耍	spree
戏装	costumed
戏谑	banter, prank
戏迷	theatergoer
戏院	theatre, theater
戏院楼厅	balcony
成一串	string
成一体	integrate
成一外出	exodus
成串	string, cluster
成为	get
成为专家	specialize, specialise
成为主观	internalization
成为前兆	foreshadow, predictive
成为前兆的	predictive
成为动机	motive
成为动机的	motive
成为原因	causative
成为原因的	causative
成为整体的	integrated
成为病原	pathogenic
成为病原的	pathogenic
成为相等	even
成为碎屑	crumble
成为空白	blank
成为零	vanish
成人	adult
成人期	adulthood
成像	imagery
成凝胶状	gel
成分	ingredient, component
成功	success, win
成功地利用	parlay
成功的	successful
成十字状	crosswise
成十字状地	crosswise
成千	thousand
成千的	thousand
成卷形	scroll
成叉	forked
成叉的	forked
成名	ladder
成员	member
成员资格	membership
成品检查员	passer
成团卷起	volume
成圆形	orb
成圆顶状	dome
成圈	wreathe
成圈的	looped
成土色	sallow
成型台	workbench
成套工具	kit
成套部件	kit
成套零件	kit
成婚	couple
成孔期	boring
成对	pair, twin
成对照	contrast
成对物	doublet
成对的	twin
成就	effort, success
成层	stratify, stratification
成帧	framing
成年	age, adult
成年人	major
成年的	adult
成年身分	manhood
成废物	obsolete
成废物的	obsolete
成弓形	arch
成形	shape
成形机	shaper
成形的	shaping, tectonic
成扇形散开	fan
成批	batch, bat
成拱形	cove
成文法	statute
成文法律	statute
成斜坡	sloping
成斜坡的	sloping
成晕轮	halo
成曲形	curve
成有形	materialize
成木乃伊状	mummified
成本会计	costing
成本计算	costing
成果	harvest
成某种形状	shaped
成某种形状的	shaped
成正方形	squared
成正方形的	squared
成比例	proportionately, proportionate
成比例地	proportionately
成比例的	proportionate
成涟漪	riffle
成瀑布落下	cascade
成灰色	grey
成焦炭	coke
成熟	age, adult
成熟期	autumn
成熟的	adult, mature
成片	flaky
成片的	flaky
成环	looped
成环形	ring
成环的	looped
成玻璃状	glass
成珠子状	pearl
成球形	orb
成球状	globe
成病	morbidity
成瘾	habituation
成癖	inveterate
成癖的	inveterate
成直角	square, rectangular
成直角地	square
成直角的	rectangular
成碎片	fragmented
成碎片的	fragmented
成离子	ionized
成穹状弯曲	vault
成立	constituted
成立工会	unionize
成簇状	tufted
成簇状的	tufted
成粉末	pulverized
成粉末的	pulverized
成粒状	granulate
成紫色	purple
成绩	result, performance
成绩单	transcript
成群	group
成群地游	school
成群的	massed, clustered
成群结队	gang, horde
成群而行	troop, flock
成胶状	jelly, jell
成荫	shady
成荫的	shady
成药	pharmaceutical
成虫	adult
成衣匠	tailor
成袋状	pouch
成褶皱状	drape
成见	prejudice, preoccupation
成规	etiquette
成角度	angled
成角度的	angled
成语	phrase, idiom
成谷粒	grain
成象	imaging
成距离	apart
成轴	axial
成轴的	axial
成配偶	mate
成酸	acidic
成酸性	acidification
成酸的	acidic
成金字塔状	pyramid
成锯齿形	zigzag
成锯齿形地	zigzag
成长	shape, growing
成长受妨碍	stunted
成长受妨碍的	stunted
成长的	growing
成问题	problem
成问题的	problem
成阶层的	superimposed
成零碎	apart
成颗粒	granulated
成颗粒的	granulated
我	me
我亲自	myself
我以为	methinks
我们	we
我们的	our
我们自己	ourselves
我想	methinks
我独自	myself
我的	my
我自己	myself
戒律	commandment, mitzvah
戒瘾病房	detox
戒瘾诊所	detox
戒绝	abstention, abstain
戒酒	abstinence, temperance
戒除	withdrawal
或	or
或然率	probability
或者	or
或许	probably, likely
或许发生	contingent
或许发生的	contingent
或非	nor
战争	war
战争状态	war
战争的	war
战事	warfare
战俘	prisoner
战俘营	cage
战列舰	battleship
战利品	capture, trophy
战前	antebellum, prewar
战前的	antebellum, prewar
战后	postwar
战后的	postwar
战地	battleground
战场	ground
战壕	trench
战士	warrior, champion
战备状态	preparedness
战役	campaign, battle
战战兢兢	jitter
战斗	conflict, battle
战斗性	militancy
战斗的	fighting
战斗者	combatant
战斧	hatchet, tomahawk
战时	wartime
战时用	war
战时用的	war
战术	war
战术家	tactician
战术的	tactic, tactical
战栗	tremble, shudder
战栗的	vibrant, tremulous
战略	strategy, strategic
战略上	strategic
战略上的	strategic
战略家	strategist
战略的	strategic
战胜	victory, overcome
战胜的	victorious
战舰	galley
战船	warship
战马	steed, charger
截住	nail
截击	volley
截剪器	slicer
截割器	clipper
截去树梢	pollard
截去树梢的树	pollard
截去的	truncated
截取	intercept
截取者	interceptor
截断	interception
截断机	guillotine
截棱	truncate
截止日期	deadline
截止期限	deadline
截流器	catchall
截然相反	polarity
截留	entrapment, trapping
截短	truncated
截短的	truncated
截肢术	amputation
截获命令	capture
截距	intercept
戳	thrust, poke
戳的人	poker
戳破	tear
戳破处	snag
戴	wear
戴假面具	masked
戴假面具的	masked
戴口套于	muzzle
戴在胸前	pectoral
戴在胸前的	pectoral
戴夫	dave
戴头巾	hooded
戴头巾的	hooded
戴头盔	helmeted
戴姆勒	daimler
戴帽子	cap
戴戒指	ringed
戴戒指的	ringed
戴桂冠	laureate
戴桂冠的	laureate
戴王冠	crowned
戴王冠的	crowned
戴眼镜	bespectacled
戴眼镜的	bespectacled
戴着手套	gloved
戴着手套的	gloved
戴维	david
戴维斯	davis
戴维森	davidson
戴花环	garland
戴蒙	damon
戴面具	mask
戴面纱	veil
户主	householder
户内	inside, indoor
户内的	inside, indoor
户口普查	census
户外	without, open
户外厕所	outhouse
户外的	outdoor
户外穿戴	sport
户外穿戴的	sport
户长	householder
房	antral, atrium
房东	landlord
房地产	estate, re
房地产经纪人	realtor
房子	house
房子的正面	frontage
房客	tenant
房屋	tenement
房屋之平顶	terrace
房屋连地基	premise
房的	atrial
房租	rent
房间	room
房间出租	rooming
所以	so
所做之事	doings
所在	locality
所在之处	whereabouts
所在地	locus
所委职责	commission
所征的人数	levy
所得	proceed
所持的论点	contention
所指	signified
所推荐	proposed
所推荐的	proposed
所有	all
所有事物	everything
所有人	owner, holder
所有制	ownership
所有权	property, ownership
所有权的	proprietary
所有格	possessive
所有物	belongings
所有的	all
所有者	owner, proprietor
所有者的	proprietary
所谓	alleged
所谓的	alleged
所赚的钱	earnings
扁囊剂	cachet
扁头印第安人	flathead
扁平	compressed, tabular
扁平物	plane, flat
扁平的	compressed, tabular
扁平细面条	fettuccine
扁平餐具	flatware
扁桃	amygdala
扁桃体	tonsil, amygdala
扁桃体切除术	tonsillectomy
扁桃体的	tonsillar
扁薄的一层	flake
扁豆形矿体	pod
扁面包	flatbread
扁面条	linguine
扇区	sector
扇形	sector
扇形的	sectoral
扇贝	scallop
扇面	sector
手	hand
手下不留情	sledgehammer
手下不留情的	sledgehammer
手册	man
手写	manuscript
手写体	script
手写的	manuscript
手制	handmade
手制的	handmade
手动	manual
手动的	manual
手势	motion, gesture
手印	handprint
手套	glove
手套形绷带	gauntlet
手工	mechanic, manual
手工业	handicraft
手工品	boondoggle
手工的	mechanic, manual
手工粗糙	rustic
手工粗糙的	rustic
手工艺	handicraft, handiwork
手工艺性的	artisanal
手巧的人	handyman
手巾	towel
手帕	handkerchief
手抄本	codex
手把	handlebar
手持型	handheld
手指	finger
手指甲	fingernail
手指部分	finger
手掌	palm
手推车	trolley, wheelbarrow
手提包	handbag
手提箱	suitcase
手提钻	jackhammer
手斧	hatchet
手术	operation, surgery
手术上	surgical
手术上的	surgical
手术前	preoperative
手术前的	preoperative
手术后	postoperative
手术后的	postoperative
手术室	surgery
手术示教室	amphitheatre
手杖	cane
手枪	pistol, handgun
手枪皮套	holster
手榴弹	grenade
手榴弹兵	grenadier
手段	means, instrument
手治疗者	chiropractor
手法	tact
手淫	masturbate, masturbation
手淫者	wanker
手煞车	handbrake
手球式墙球	racquetball
手电筒	flashlight
手的	manual
手稿	manuscript, script
手续	procedure
手续费	dues, brokerage
手翻	handspring
手肘	elbow
手背拍	backhand
手腕	wrist
手臂	arm
手艺	craft
手艺人	craftsman
手表	watch
手足情谊	brotherhood
手迹	script
手递手传球	handoff
手铐	handcuff, darby
手锤	mallet
手镯	bracelet
手风琴	accordion
手风箱	bellows
才子	mastermind
才干	ability
才智	intellect, esprit
才气横溢	scintillating
才气横溢的	scintillating
才能	quality, faculty
扎	tie, pink
扎捆	lash
扎营	camp
扑	snap
扑住	pounce
扑灭	eradicate, exterminate
扑灭者	exterminator
扑热息痛	paracetamol, acetaminophen
扑通一声	plop, plonk
扑通一声地	plop, plonk
扑通声	plop, plunk
扑通落下	plump
扒	snitch, scrabble
扒寻	scrabble
扒成	scrabble
扒手	pickpocket, picker
打	hit, dozen
打上点	dot
打上装饰钉	studded
打不破	ironclad
打中	hit
打中目标	home
打中目标地	home
打中目标的	home
打乱	disconcert
打仗	war
打伤	wound
打信号	semaphore
打倒	floor
打兰	dram
打出王牌赢	trump
打击	hit, strike
打击出凹痕	dint
打击手	batter
打击的	striking
打击的人	hitter
打击者	striker
打分数	mark
打制	forge
打包	package, packet
打包机	packer
打印	print
打印器	stamp
打印机	printer
打印输出	printout
打发时间	goof
打听	pry
打听的	inquiring
打呼噜	snoring
打哈欠	yawn, gape
打喷嚏	sneeze
打嗝	belch, hiccup
打坏	bash
打垮	rout
打基础	ground
打夯机	tamper
打孔穿透	perforate
打字	type
打字员	typist
打字机	typewriter
打屁股	spanking
打底	render
打开	open
打开包裹	unpack
打开新局面	reshape
打开缺口	gap
打情骂俏	flirting
打手	hitter
打手势	motion
打手势表达	sign
打扫	sweep
打扫灰尘的人	duster
打扮	fig, deck
打扮好	dressed
打扮好的	dressed
打扮整齐	spruce
打扮漂亮	sleek, preen
打扰	interruption, intrusive
打扰的	intrusive
打折扣	discount
打捞	salvage
打捞公司	wrecking
打捞浮筒	camel
打捞者	wrecker
打捞船	wrecker
打搅	disquiet
打斗	tussle
打断	interrupt
打旗号	flag
打无线电报	marconi
打昏	stun
打昏迷	stunning
打昏迷的	stunning
打晚钟时刻	curfew
打有烙印	branded
打有烙印的	branded
打杂	job
打来打去	bandy
打板球	cricketing
打架	fight
打样人	draughtsman
打桩	stake
打桩工程	pilings
打桩锤	monkey
打横褶的人	tucker
打气	pump
打气筒	pump
打油诗文	parody
打洞	burrow
打洞器	punch
打浆	beating
打浆机	beater
打海底电报	cable
打滑	skid
打滚	wallow
打漩	swirl
打火机	lighter
打火石	flint
打烙印	stigmatize
打烙印于	brand
打猎	hunt
打环	loop
打球入洞	putting
打电报	wire, telegraph
打电报给	telegraph
打电话	call, phone
打电话给	phone
打的人	beater
打盹	nod
打盹儿	snooze
打盹度过	nap
打眼于	pierce
打着呵欠	yawning
打着呵欠的	yawning
打着哈欠说	yawn
打瞌睡	doze
打瞌睡度过	doze
打破	break
打破旧习	iconoclastic
打破旧习的	iconoclastic
打破的	broken
打碎	smash, shatter
打碎时哗啦声	smash
打碎脑部	brain
打磨	burnish
打磨滚筒	rattler
打算	intend, propose
打结	tie, knot
打翻	overwhelm
打耳光	box
打胜	win
打补丁	patched
打补丁的	patched
打补钉	clout
打褶	tuck, pleat
打褶装置	tucker
打褶裥	pleated
打褶裥的	pleated
打谷	thrash, thresh
打谷机	thresher
打谷者	thresher
打败	beat
打赌	lay, bet
打赌者	bettor
打起精神	brace
打趣	jokingly
打趣地	jokingly
打过头	overshoot
打量	look
打钟报时	chime
打闪	lighten
打雪仗	snowball
打雷	thunder
打饱嗝	burp
打高尔夫球	golf
打鸟	bird
打鼓奏出	drum
打鼾	snore
打鼾度过	snore
打齿孔	perforated
扔弃	scrap
托儿所	nursery
托办	instruct
托卖	consign
托妮	toni
托姆	thom
托德	todd, tod
托拉斯	trust
托拉斯的	trust
托斯卡纳区	tuscany
托架	bracket
托梁	joist
托洛茨基	trotsky
托牙	denture
托盘	tray
托称	plead
托管	mandatory
托管人职责	trusteeship
托管制度	trusteeship
托管的	mandatory
托莱多	toledo
托词	pretext, pretence
托辊	roller
托辞	alibi, evasive
托辞的	evasive
托运人	freighter, shipper
托钵僧	dervish
托雷斯	torres
扛	slope
扛举	jack
扣人心弦	gripping
扣人心弦的	gripping
扣住	button, buckle
扣子	clasp, buckle
扣押	detain
扣押权	lien
扣押犯	prisoner
扣掉	subtract
扣环	ouch
扣留	detain, withhold
扣眼	grommet
扣紧	button, fasten
扣缴税款	withholding
扣除	deduct, deduction
执业工程师	peng
执事	deacon
执拗	stubborn, refractory
执拗的	stubborn, refractory
执政	ministerial
执政官	consul
执政期	inning
执政的	ministerial
执法官	marshal, lawman
执照	licence, license
执着	clinging
执着的	clinging
执矛战士	lance
执行	executive, exercise
执行不到的	unreachable
执行吏	sheriff
执行委员会	executive
执行官	beagle
执行教皇职务	pontificate
执行的	executive
执行程序	executive
执行纪律者	disciplinarian
执行绞刑者	hangman
执行者	executive, performer
执行部门	executive
执达员	bailiff
执迷	bigoted
执迷的	bigoted
扩	ream
扩充	extend, expansion
扩充名	extension
扩充的	expanded
扩充部件	extender
扩大	enlarge, widen
扩大的	extensive
扩大的人	amplifier
扩展	extend, expansion
扩展名	extension
扩展器	extender
扩张	expand
扩张主义	expansionist
扩张主义的	expansionist
扩张主义者	expansionist
扩张工作	expanding
扩张性	expansive
扩张性的	expansive
扩张术	dilation
扩张的	outstretched
扩散	proliferate, diffusion
扩散的	diffused
扩爆药	booster
扩音器	microphone, mike
扩音系统	tannoy
扫	sweep, whisk
扫兴的人	grinch
扫刷	sweeper
扫射	spray
扫帚	broom, whisk
扫帚柄	broomstick
扫描	scan
扫描仪	scanner
扫描器	scanner
扫描盘	scanner
扫描程序	scanner
扫荡	sweeping
扫荡的	sweeping
扫视	glance
扫除	sweep, sweeping
扫雪机	snowplow
扫雷坦克	flailing
扫雷工兵	sapper
扬	winnow
扬名	noted
扬名的	noted
扬声器	speaker
扬声器纸盆	diffuser
扬声电话	speakerphone
扬扬	complacently
扬斯	youngs
扬谷	winnow
扬谷器	winnow
扬起	billowing, billows
扭	twist, wring
扭伤	wrench, sprain
扭住衣领	collar
扭倒	tackle
扭力	torsional
扭力的	torsional
扭动	wiggle, wring
扭动着爬	wriggle
扭动着行进	wiggle
扭动身体	writhe
扭夺	scrum
扭弄物体的人	bender
扭弯	contort, contortion
扭打	scuffle, tussle
扭斗	wrestle
扭曲	twist, distort
扭曲的	tortuous, gnarled
扭歪	wry
扭歪的	wry
扭筋	sprain
扭紧	screw
扭结	kink
扭绞	wring
扭转	slew, torsion
扭转力	torque
扭转器	twister
扭转的	torsional
扮演	act
扮演主角	starring
扮鬼脸	grimace
扯	rip
扯下来	pulled
扯下来的	pulled
扯到枝节上	digression, digress
扯松	garnett
扯裂	slit
扰乱	disorder, disturb
扰乱的	unsettling
扰动	disturbance
扰势	dominance
扰频	scrambled
扳手	wrench, spanner
扳机	trigger
扳钳	wrench
扶助	befriend
扶壁	buttress
扶手	elbow, rider
扶手杠	barre
扶手椅	armchair
批	batch
批准	confirm, okay
批判	criticism
批发	job
批发商	wholesaler
批发的	wholesale
批评	critical, criticism
批评家	critic
批评性	critically
批评性地	critically
批评的	critical
批驳	overrule
扼喉咙	throttle
扼杀	stifle
扼杀者	strangler
扼死	strangle
扼要	short
扼要地	briefly
扼要的	terse, tabloid
找	quest
找出	locate
找到	find
找到了	eureka
找回猎物	retrieve
找回的零钱	change
找头	change
找鸟巢	nest
找麻烦	picky
找麻烦的	picky
承保人	insurer, underwriter
承兑	honor, honour
承制厂	supplier
承办人	undertaker
承办伙食者	purveyor
承办商	undertaker
承办商人	purveyor
承办案件数	caseload
承办酒席	catering
承包	job
承包商	contractor, entrepreneur
承包工厂	contractor
承包的	contracting
承包者	farmer, contractor
承受	sustain
承受不住	unbearable
承受不住的	unbearable
承受抵押人	mortgagee
承受抵押者	mortgagee
承受者	patient
承担	assume
承担义务	commitment
承担者	undertaker
承租人	tenant
承认	agree, allow
承让人	transferee
承诺	comply, promised
承运人	freighter
技工	mechanic, operative
技巧	technique, skill
技师	technician
技术	technology, art
技术上	technical
技术上地	technologically
技术上的	technical
技术员	technologist, techie
技术学	technology
技术情报中心	tic
技术的	technological
技术的使用	technicality
技能	skill
技艺	craft
技艺家	artiste
技艺表演	feat
抄写	transcribe, transcription
抄写员	writer
抄写员的	clerical
抄本	transcript, transcription
抄袭	copy
把不动产让与	amortize
把人难住	puzzling
把人难住的	puzzling
把伸入	dip
把分成短句	phrase
把切成片	filet
把射入	insert
把手	handle, knob
把持	holding
把持力	hold
把握	hold
把数	hanks
把最后定下来	finalise
把柄	handle
把犁人	ploughman
把球挑高	lob
把索系在栓上	cleat
把绳毛夹杂于	thrum
把编成小说	fictionalized
把编成管弦乐	orchestrated
把译成密码	encode
把连根拔起	uprooted
把钩工人	lander
抑制	control, bottle
抑制不住	irrepressible
抑制不住的	irrepressible
抑制人	inhibitor
抑制剂	inhibitor, suppressant
抑制器	suppressor
抑制因素	disincentive
抑制情感	inhibited
抑制情感的	inhibited
抑制栅极	suppressor
抑制物	inhibitor
抑制的	repressive, disincentive
抑制素	statin
抑压	depressing, suppression
抑压地	depressingly
抑压的	depressing
抑扬	cadence
抑扬顿挫	phrasing
抑止	damp, stifle
抑止剂	retardant
抑沉	gloomy
抑沉的	gloomy
抑郁	depression
抑郁的	depressed
抒情	lyric, lyrically
抒情地	lyrically
抒情方式抒情	lyricism
抒情的	lyric
抒情诗	lyric
抒情诗人	lyricist
抒情诗体	lyricism
抒情诗调	lyrical
抒情诗调的	lyrical
抒情风格	lyricism
抓	take
抓伤	claw
抓住	take
抓住机会	snag
抓住胡须	beard
抓取	capture, grab
抓握	grab
抓牢	cinch
抓痕	score, scratch
抓的	gripping, grasping
抓紧	grip, clutch
抓阄	lot
投	throw, cast
投产	commissioning
投以一瞥	glimpse
投伞水雷	landmine
投保	insure
投保人	assured
投保者	policyholder
投信口	letterbox
投偏	missed
投入	launch, devoted
投入于	devote
投入的	devoted
投击	pelt
投反对票	nay
投反对票者	naysayer
投合	cater
投射	dart, projectile
投射的	projectile
投币口	slit
投弃	jettison
投弃货物	jettison
投弹	bombing
投弹于	bomb
投弹手	bomber, bombardier
投影	projection, projected
投影仪	projector
投影的	projected, projective
投手	pitcher
投扔石子	stone
投掷	throw, project
投掷者	thrower
投搞人	contributor
投放麻醉药	drugged
投料口	inlet
投机	speculation, speculate
投机买卖	flier, flyer
投机买卖者	speculator
投机事业	spec
投机交易	speculation
投机倒把	profiteering
投机倒把者	scalper
投机取巧	opportunistic
投机取巧的	opportunistic
投机取巧者	opportunist
投机商	speculator
投机商人	speculator, gambler
投机地	speculatively
投机活动	profiteering
投机的	speculative
投机者	adventurer, speculator
投标	proposal, tender
投标人	bidder
投标商	bidder
投毒者	poisoner
投环	ringer
投环套物游戏	hoopla
投球	trundle
投球手	bowler
投石器	sling
投石者	stoner
投票	vote, poll
投票人	voter
投票决定	vote
投票反对	pip
投票权	suffrage
投票用纸	ballot
投票的	voting
投票赞成	plump
投票选举	vote
投票选出	ballot
投稿	contribute
投考者	candidate
投药	exhibition
投药法	medication
投资	investment, invest
投资于	capitalise
投资收益	yield
投资者	investor
投赞成票者	aye
投身于	plunge
投递	mailing
投降	surrender, yield
投降书	capitulation
抖动	tingle, twitter
抖动器	kicker
抖动的	quivering, wavering
抖松	fluff
抖缩	cringe, cower
抖颤	trepidation
抗争	oppose
抗体	antibody
抗办	counterargument
抗原	antigen
抗性	resistance
抗抑制	antidepressant
抗抑制剂	energizer
抗抑郁	antidepressant
抗抑郁剂	antidepressant
抗抑郁的	antidepressant
抗拒性	negativism
抗拒症	negativism
抗氧剂	antioxidant
抗氧化剂	antioxidant
抗生	antibiotic
抗生的	antibiotic
抗生素	antibiotic
抗病毒	antiviral
抗病毒的	antiviral
抗真菌	antifungal
抗真菌的	antifungal
抗组胺药	antihistamine
抗菌	antiseptic, antibacterial
抗菌剂	antiseptic, antibacterial
抗菌的	antiseptic, antibacterial
抗蚀膜	resister
抗议	protest, complain
抗议书	protest
抗议地说	remonstrate
抗议者	protester, protestor
抗辩	plea, contradictory
抗辩的	contradictory
抗酸	antacid
抗酸剂	antacid
抗酸的	antacid
折	fold
折中	compromise
折中方案	compromise
折偿	commute
折光	refraction
折卸器	stripper
折叠	fold, replicate
折叠式书本	folder
折叠式婴儿车	pushchair
折叠效应	folding
折叠起来	fold
折回	retrace, reflexive
折回的	reflexive
折射	refraction, refractive
折射光	prismatic
折射光的	prismatic
折射器	refractor
折射望远镜	refractor
折射的	refractive
折层	fold
折成皱边	frill
折成褶	pucker
折扣	discount
折扣商店	discounter
折旧	depreciation
折曲	flex
折流	baffling
折现	discounting
折痕	crease
折皱	cockle
折磨	devil, rack
折磨人	grueling, agonizing
折磨人的	grueling, agonizing
折磨者	torment
折算	corrected
折算的	corrected
折纸手工	origami
折纸机	folder
折缝	fell
折腾	flounder
折衷	eclectic
折衷主义	eclecticism
折衷主义者	eclectic
折衷医学	eclecticism
折衷派	eclecticism
折衷的	eclectic
折衷说	eclecticism
折裂	fractured
折裂的	fractured
折转	replicate, reflex
折转的	replicate, reflex
折边	hem
折迭	doubling
抚	stroke
抚养	provide
抚养者	supporter
抚弄	chuck
抚慰	appease, placate
抚慰地	soothingly
抚慰的	soothing
抚抱	cuddle
抚摸	pet
抚育	foster, cradle
抛	throw, toss
抛光	burnished
抛光的	burnished
抛出	heave
抛媚眼	leer
抛射物	projectile
抛弃	abandon, rejection
抛弃物	dereliction
抛掷	sling, chuck
抛油环	thrower
抛物线	parabolic
抛物线的	parabolic
抛踢球得分	dropped
抛踢球得分的	dropped
抛锚停泊	anchor
抢先占据	preoccupation
抢先占领	preoccupy
抢先购买	preemption
抢到	snag
抢劫	hijack, plunder
抢劫的	marauding
抢劫者	harrier, forager
抢去	grab
抢夺	rape, snatch
抢戏	upstage
抢掠	robbery, rob
抢救	salvage
护卫	escort, convoy
护卫者	escort
护卫舰	frigate
护卫队	guard
护坡	pitching
护城河	moat, moated
护墙板	clapboard, dado
护壁板	baseboard, clapboard
护士	nurse
护套	jacket
护柩者	pallbearer
护栏	guardrail
护根	mulch
护民官	tribune
护照	passport
护理	tend
护理员	orderly
护理者	caregiver
护目镜	goggle
护耳片	earpiece
护胸甲	breastplate
护膜	cuticle
护膝	kneecap
护航	convoy
护航舰	escort
护路工	lineman
护身符	amulet, talisman
护轨	guardrail
护送	convoy, escort
护送者	escort
报	quote, gazette
报仇	revenge, vengeance
报价	quotation
报价人	offeror
报信	message
报信者	messenger
报偿	wage
报刊	journalism
报刊出售处	newsstand
报刊发行者	publisher
报刊名称	masthead
报刊特有	journalistic
报刊特有的	journalistic
报刊经销商	newsagent
报刊阅览室	newsroom
报到	report
报升	uptick
报告	report, account
报告文学	reportage
报告的	reported
报告者	reporter
报喜鸟	bono
报复	retaliation, repay
报复性劫掠	reprisal
报复性暴力为	reprisal
报复性的	retaliatory
报复性的捕夺	marque
报复的	vengeful, retaliatory
报导	news
报帐	account
报应	wage
报废	rejection, retirement
报摊	newsstand, kiosk
报数	number
报春花	primrose
报晓	crow
报章杂志	journalism
报童	newsman
报答	return
报答的	return
报纸	newspaper
报警	telltale
报警信号	alarm
报警器	warner, beeper
报警的	telltale
报道	report
报酬	reward, consideration
报酬率	payback
抨击	attack
披	draped
披上	drape
披上甲胄	harness
披肩	robe, shawl
披门他	allspice
披露	unfold
披风	mantle
抬起	jack
抱	nestle, caress
抱不平	malcontent
抱不平的	malcontent
抱住	grip
抱反感	object
抱怨	complain, complaint
抱怨不止	whinge
抱怨地说	mutter
抱怨的声音	murmuring
抱有希望	hopefulness
抱歉	regrettably, regrettable
抱歉地	regrettably, regretfully
抱歉的	regrettable, regretful
抱着睡	cuddle
抱蛋	incubation
抱负不凡	ambitious
抱负不凡的	ambitious
抵	gore
抵住	withstand
抵制	reject, resist
抵制措施	countermeasure
抵抗	resist, rebel
抵抗力	resistance
抵抗的	resistant, repellent
抵抗者	resistant
抵押	mortgage
抵押优先清偿	tacking
抵押借款	mortgage
抵押品	guarantee, hostage
抵押物	pawn
抵挡	stand
抵消	offset, counteract
抵消的	countervailing
抵触	clash, competing
抵触的	competing
抵赖	disavow, disavowal
抵达	arrive, arrival
抵销	cancel
抹去	erase
抹布	rag
抹掉	sponge, erasure
抹消	obliteration
抹灰泥工作	plasterwork
抹芽	sprouting
抹镘	slicker
抹除	erase
押入者贷款人	mortgagee
押韵	scan, rhyme
抽出	extraction
抽出器	extractor
抽出物	extractive
抽出空气	deflate
抽出者	extractor
抽动	twitch, throb
抽动的	twitchy, throbbing
抽印本	separate
抽取	abstraction, siphon
抽取字	extractor
抽取的	extractive
抽噎地哭	whimper
抽完	exhaust
抽屉	drawer, locker
抽彩	raffle
抽彩售货	raffle
抽彩给奖法	lottery
抽打	whip, leather
抽搐	twitch, spasm
抽搐的	twitchy, convulsive
抽数码游戏	lotto
抽条	sprout
抽样	sample
抽水	pump
抽水机	pump
抽泣	whimper
抽点打印	snapshot
抽烟	smoking
抽税	taxation
抽税过重	overtax
抽穗	ear
抽空	exhaustion
抽筋	jerky
抽筋的	jerky
抽签	lot
抽象	abstract
抽象化	abstraction
抽象地	abstractly
抽象概念	abstract
抽象的	abstract
抽运	pumping
抽鼻子	sniffle, snuffle
抽鼻涕	sniffle
抿	sip
拂	whisk
拂去灰尘	dust
拂晓	sunrise, dawning
担任	shoulder, assumption
担任代理者	vicariously
担任代理者地	vicariously
担任代表	deputise
担任四分卫	quarterback
担任抄写员	scribe
担任纠察	picket
担任联络官	liaise
担任裁判	officiate
担保	ensure, guarantee
担保书	warranty
担保人	surety, guarantor
担保品	collateral
担子	load, burden
担心	worry, fear
担心地	apprehensively, worriedly
担心的	worried
担心的人	worrier
担惊受怕	scared
担惊受怕的	scared
担架	stretcher
担负	incur
拆卷	unwind
拆卸器	puller
拆开	disconnect, unpack
拆开的	unglued
拆接	disconnection
拆散	unraveled, unraveling
拆析	deconstruct, deconstruction
拆毁	wreck, scrap
拆用配件	cannibalize
拆穿假面具	debunk
拆除公司	wrecking
拇指	thumb
拇指指纹	thumbprint
拇指纹	thumbprint
拇趾囊肿	bunion
拉	draw, pull
拉伸	stretched, hitting
拉伸的	stretched
拉出器	puller
拉单晶的	pulling
拉合尔	lahore
拉回	pullback
拉垮	clobber
拉塞尔	russell
拉客的人	hustler
拉小提琴	fiddle
拉尔斯	lars
拉屎	shit
拉康	lacan
拉开	unzip, unhinge
拉开拉链	unzip
拉开门栓	unlatch
拉拉链	zip
拉掉	tear
拉提琴的人	fiddler
拉斐尔	raphael, rafael
拉曳器	barney
拉曼	raman
拉比	rabbi
拉特	lat
拉的	tensile
拉的人	puller
拉皮条	procure, pimp
拉皮条者	pander
拉米纸牌戏	rummy
拉紧	strain, tension
拉紧地	tensely
拉紧的	tense, taut
拉紧的绳索	tightrope
拉纤者	tracker
拉纸器	tractor
拉绒织物	velour
拉绳	drawstring
拉腊	lara
拉萨	lhasa
拉裂	rip
拉起	hike
拉选票	ballot
拉链	zipper, zip
拉链式	zippered
拉链式的	zippered
拉锯	saw
拍	smack, flutter
拍击	slap, whip
拍击声	flop
拍击者	flapper
拍卖	sale, auction
拍卖商	auctioneer
拍射线照片	radiograph
拍岸浪	surf
拍手	clap
拍手喝彩	applaud
拍手声	clap
拍手者	clapper
拍打	beat
拍打法	clapping
拍摄	picture, film
拍照效果好	photogenic
拍照效果好的	photogenic
拍电影	film, screen
拍电报	wire
拍约他	peyote
拎环	bail
拐子	kidnapper
拐带	kidnap
拐杖	crutch
拐骗	kidnap
拐骗犯	kidnapper
拒付	repudiate, repudiation
拒付者	protester, protestor
拒收	rejection
拒斥	spurn
拒签	denied
拒绝	no
拒绝承担责任	disavowal
拒绝承认	disclaim, disallow
拒绝接受	denial, disallow
拒绝的	rejected
拒绝者	naysayer
拒负责任	disclaimer
拓宽	widening
拓展	widening
拓扑学	topology, topological
拓扑结构	topology
拓荒者	pioneer
拔	pull
拔具	puller
拔出	draw
拔出器	puller
拔出术	extraction
拔剑	draw
拔去塞子	uncork
拔去插头	unplugged
拔取的人	extractor
拔塞钻	corkscrew
拔除	exorcize
拖	draw, pull
拖动	drag
拖吊	towing
拖地大网	seine
拖延	prolong, protracted
拖延处理	sidetrack
拖延时间	fabian
拖延时间的	fabian
拖延的	protracted, lingering
拖延者	procrastinator, protractor
拖把	mop, swab
拖拉	draw
拖拉机	tractor
拖拽	drafting
拖曳	trail, shuffle
拖欠	default
拖着脚走	shuffle, scuff
拖累	drag
拖绳	tow
拖网	trawl, dredge
拖网捕鱼的人	trawler
拖网捕鱼的船	trawler
拖网渔船	trawler
拖网船	trawler
拖船	tugboat
拖车	trailer
拖轮	tow
拖运	haul
拖运费	haulage
拖长	prolong
拖鞋	slipper, sandal
拘守礼仪的人	prude
拘捕	arrest
拘束	restraint, confining
拘束的	confining
拘泥于形式	formalize
拘泥刻板	starched
拘泥刻板的	starched
拘泥形式	formalism, punctilious
拘泥形式的	punctilious
拘泥形式的人	formalist
拘留	custody, intern
拘留所	prison, jail
拘禁	lock, imprison
拘谨	formality
拘谨的	restrained
拙劣	unskilled
拙劣地工作	bungle
拙劣模仿	parody
拙劣的	unskilled
拙劣的作品	scribble
拙劣的模仿	parody
拙笨地修补	botch
拙笨的修补	botch
招供	confession
招募者	raiser
招呼	hail, salute
招待	help, serve
招待会	reception
招待员	steward, usher
招待周到	hospitable
招待周到的	hospitable
招待所	guesthouse
招徕	tout
招徕顾客	tout
招徕顾客的人	barker
招手	beck
招手示意	beckon
招揽	acquisition, solicit
招摇	ostentatiously
招摇地	ostentatiously
招标	bidding
招牌	sign
招牌柱	signpost
招聘	recruiting
招聘人员	recruiter
招致	court, reflect
招致毁灭	ruinous
招致毁灭的	ruinous
招认	shrift
招贴	poster
招魂	evocation
拜伦	byron
拜倒	prostrate
拜倒的	prostrate
拜物主义	fetishism
拜物教	fetishism
拜访	visit
拟人	personification
拟人法	personification
拟制	fiction
拟制的	fictional
拟古	classically
拟古地	classically
拟声唱法	scat
拟定	protocol
拟定的	fitted
拟庸鲽	plaice
拟态	mimesis, mimicry
拣	cull
拣出的等外品	cull
拥入	invade
拥吻	neck
拥塞	congestion
拥塞之物	jam
拥护	champion, advocacy
拥护者	champion, advocate
拥护运动	jihad
拥抱	neck, embrace
拥挤	crowd, crowded
拥挤的	crowded, throng
拥挤的地区	warren
拥有	own
拥有土地	landowning, landed
拥有土地的	landowning, landed
拥有的	possessor
拥有的财产	holding
拥有者	owner
拥登王位	sceptre, scepter
拦住	retained, retaining
拦劫	heist
拦截	intercept, interception
拦截战斗机	interceptor
拦路强盗	highwayman
拦路抢劫	hijacked
拧	twist, pinch
拧成绳状	rope
拧紧	tightening
拨	dial
拨出	appropriate
拨出的	allotted
拨弄	poke, tamper
拨款	appropriation, allotment
拨浪鼓	rattle
拨火棍	poker
拨用	appropriation
拨给	allocation
括入括弧	bracket
括号	bracket
括弧	bracket
括约肌	sphincter
拭	mop
拭抹	swab
拮抗	rivalry
拮抗作用	antagonism
拮抗物	antagonist
拮抗药	antagonistic
拮据	uptight
拮据的	uptight
拯救	salvation
拱作用	arching
拱壁	buttress
拱廊	arcade
拱形	arch
拱形圆顶	vaulting
拱形建筑物	arcade
拱形的	vaulted, arched
拱极	circumpolar
拱极的	circumpolar
拱起	arch, hog
拱道	archway
拱门	arch
拱顶	vault
拱顶建筑	vaulting
拱顶石	keystone
拳击	box
拳击场	ring
拳击手套	muffle, mitten
拳击教练	handler
拳击运动员	pug
拳头	fist
拳师	boxer
拳打	fist
拳斗	spar
拳曲	curl, curly
拳曲的	curly
拴牢	toggle
拴紧	fasten
拷焦	scorch
拷花皮鞋	brogue
拷问	torture
拷问者	torturer
拼	spelling
拼写	spell
拼写检查	spelling
拼凑	patch, medley
拼凑物	patchwork
拼凑的	medley
拼合	piece
拼命	desperately
拼命地	desperately
拼命工作	slave
拼命抓	paw
拼命用功	mug
拼字	spell, spelling
拼字者	speller
拼成	spell
拼料	ingredient
拼法	spelling
拼缝物	patchwork
拼花	mosaic
拼花的	mosaic
拼贴画	collage
拼错	misspelling
拽	pluck
拾取	pick
拾坚果的人	nutter
拾垃圾的人	scavenger
拾扇贝	scallop
拾来的孩儿	foundling
拾落穗	glean
拾起	pickup
拾音器	pickup
拿	have, take
拿住	hold
拿手	forte
拿水浸	sodden
拿索	nassau
拿薪水	salaried
拿薪水的	salaried
拿薪金	salaried
拿薪金的	salaried
拿起	uptake
拿铁咖啡	latte
持	port
持不同政见	dissident
持不同政见的	dissident
持不同政见者	dissident
持久	endure, enduring
持久不变	sustained
持久不变的	sustained
持久地	perpetually
持久性	permanence, durability
持久的	enduring, durable
持乐观态度	optimize
持九性	endurance
持卡人	cardholder
持家	housekeeping
持异议	dissent
持异议者	dissenter, protester
持弓的兵	bowman
持有	husband, possess
持有人	holder
持枪歹徒	gunman
持枪的歹徒	gunman
持械的	armed
持矛士兵	spearman
持矛者	spear
持票人	bearer
持稳的	unchanged
持续	last, hold
持续不断	continual
持续不断的	continual
持续培养	propagation
持续性	sustainability
持续时间	duration
持续的	sustained, persistent
挂号	registration, register
挂号员	registrar
挂号的	registered
挂在高处	sky
挂帘子	curtained
挂帘子的	curtained
挂接	attach
挂毯	tapestry
挂牌	listing
挂线	offline
挂钩	hanger
挂锁	padlock
指	point
指令	statement, instruction
指出	point
指出缺点	unflattering
指出缺点的	unflattering
指南	guide, companion
指南针	compass
指向	point
指向地	pointedly
指头	digit
指头脓炎	felon
指套	fingertip, cot
指定	appoint, specify
指定的	prescriptive, designated
指导	direction, direct
指导原则	rudder
指导教师	adviser, advisor
指导的	directive
指导者	mentor, supervisor
指导路线	guideline
指小	diminutive
指小的	diminutive
指小词	diminutive
指尖	fingertip
指引	cite, initiation
指弹	thrum
指征	indication
指挥	officer, leader
指挥仪	director
指挥台	podium
指挥官	captain, commander
指挥棒	baton
指挥的	directive
指挥者	conductor
指控	charge
指控人	accuser
指数	index, characteristic
指数化	indexation
指数的	exponential
指明	designate
指望	expectation
指板	fingerboard
指标	target, guideline
指标化	indexing
指标的	indicative
指派	assign
指派的	allocated
指点	pointing
指状物	finger
指甲	nail
指甲花	henna
指甲花叶粉	henna
指甲花染料	henna
指示	direct, indicate
指示剂	indicator
指示功能	deixis
指示器	indicator, reporter
指示物	pointer, referent
指示的	indicative
指示笔	stylus
指示者	demonstrator
指称	allege
指纹	fingerprint
指节	knuckle
指证	allege
指责	accuse
指责的	accusatory, accusing
指责者	accuser
指距	span
指针	hand
指骨	phalanx
按	pressure, press
按人种	racially
按人计算	capitation
按原样修复	reconstruct
按固定格式	stylized
按固定格式的	stylized
按字母顺序	alphabetically
按字母顺序地	alphabetically
按季	quarterly
按季度	quarterly
按季度的	quarterly
按年级分	graded
按年级分的	graded
按年计算	annualized
按年计算的	annualized
按手印者	marksman
按摩	massage, knead
按摩师	rubber
按摩技士	chiropractor
按摩疗法	chiropractic
按时间顺序	chronological
按时间顺序的	chronological
按比例	rateable
按比例地	proportionally
按比例的	rateable
按汽车喇叭	honk
按照	in
按照仪式	ritually
按照仪式地	ritually
按照发音	phonetically
按照发音地	phonetically
按照图式	schematically
按照字面上	literally
按照字面上地	literally
按照流行	fashionably
按照流行地	fashionably
按照的	pursuant
按特性	specifically
按自然规律	physically
按规则进行	fair
按规则进行的	fair
按规格改制	customize
按钮	button
按铃	ring
按铃者	ringer
按键	keystroke
按顺序排好	sequence
挑三拣四	choice
挑三拣四的	choice
挑剔	particular, fault
挑剔的	particular
挑动	dare
挑卖	peddle
挑唆	egg
挑唆背判	disaffection
挑战	challenge, dare
挑战地	defiantly
挑战的	challenging
挑战者	challenger
挑拣	picking
挑拨	provocative, provocation
挑拨物	provocative
挑拨的	provocative
挑畔	aggressive
挑畔的	aggressive
挑畔者	aggressor
挑衅	defy, defiant
挑衅的	defiant, confrontational
挑起论战	polemical
挑起论战的	polemical
挑选	sort, option
挑选出来	select
挑选出来的	select
挑逗	flirtation
挑逗地注视	ogle
挖	dig
挖出	quarry, scratch
挖剪图画	cutout
挖器	excavator
挖土机	navvy, excavator
挖坑道	sap
挖墓者	gravedigger
挖战壕	trench
挖战壕于	trench
挖掘	mine, dig
挖掘的洞	excavation
挖掘者	digger
挖槽于	rut
挖泥	dredging
挖泥机	dredge
挖泥船	dredger
挖洞	hole, cave
挖空	excavate, scoop
挖苦	ironically, ironic
挖苦地	ironically
挖苦的	ironic
挖除	excavation
挖隧道	tunnel
挚爱	affectionately
挚爱地	affectionately
挛缩	contraction
挡住	occlude
挡开	parry
挡截	waylay
挡板	baffle
挡案库	archive
挡水板	manger
挡泥板	fender, dashboard
挡球网	backstop
挡路	waylay
挡路抢劫	hijack, waylay
挡风玻璃	windshield
挣得	earned
挣得的	earned
挣扎	struggle, agony
挣脱	flounce
挤	squeeze, pack
挤乳	milk
挤作一团	huddle
挤入	impact
挤出	extrude, extrusion
挤出汁来	juice
挤压	squash, pinch
挤在一起	huddled
挤塑	extrusion
挤奶	milking
挤奶的男人	milkman
挤得满满	packed
挤得满满的	packed
挤扁	squish
挤满	crowd
挤满的	overcrowded
挤进	edge, crowd
挥	brandish
挥动	flirt, whisk
挥动者	waver
挥发度	volatility
挥发性	volatile, volatility
挥发性的	volatile
挥发油	petrol
挥发物	volatile
挥手示意	wave
挥舞	wave, swing
挥金如土的人	spender
挥金如土者	spender
挥霍	riot, devour
挥霍无度	extravagant, extravagantly
挥霍无度地	extravagantly
挥霍无度的	extravagant
挥霍的	prodigal
挥霍者	spender
挥霍钱财者	spender
挨次轮换	inning
挨近	draw
挨靠	nestle
挨饿	hunger, starve
挨饿的	starving
挪威	norse
挪威人	norse
挪威人的	norse
挪威的	norse
挪用	appropriation, embezzlement
挫伤	bruise, sprain
挫伤的	fractured
挫折	frustration, setback
挫折的	frustrate
挫折锐气	demoralize
挫败	frustrate
挫败的	frustrate
振作	hearten, perk
振动	bob, vibration
振动器	vibrator, oscillator
振动式输送机	oscillator
振动按摩器	vibrator
振动的	vibrant
振动装置	vibrator
振响	vibrancy
振奋	cheer
振子	vibrator
振幅	swing
振翼	fluttering
振荡	shaking
振荡的	oscillating
振铃	ringing
振音	vibrato
振鸣	singing
挽住	link
挽具状带子	harness
挽回	retrieve, redeem
挽回损失	recuperate
挽救	save, saving
挽歌	keen
挽歌的	elegiac
捅	poke
捆	rope, bundle
捆包	bale
捆扎	pack, strap
捆绑	truss
捆绑物	bond
捆缚者	binder
捉住	nab
捉弄人的精灵	hob
捉摸不定	freaky
捉摸不定的	freaky
捉虫	bug
捍卫	championship
捍妇	shrew
捏	pinch, nip
捏和机	blender
捏塑体	dough
捏成球形	ball
捏碎	crumb
捏造	fiction, concoct
捏造的	feigned
捐	donated
捐助	contribution, contribute
捐助之物	contribution
捐助人	contributor
捐助物	benevolence
捐助的	contributory
捐助者	contributor, benefactor
捐款	contribution, donation
捐献	contribute, subscription
捐献者	subscriber
捐费	dues
捐赠	give
捐赠人	donor
捐赠物	donation
捕俘	trapping
捕小虾	shrimp
捕手	catcher, wicketkeeper
捕捉	catch
捕捉之物	catch
捕捉器	catcher
捕捉者	captor
捕捞	dredging
捕收剂	collector
捕者	taker
捕获	grab, prize
捕获之物	capture
捕获的	trapped
捕获者	captor
捕虾	prawn
捕虾者	shrimper
捕蝇器	flycatcher
捕蝇草	flycatcher
捕蟹	crab
捕风捉影	fantastically, fantastical
捕风捉影地	fantastically
捕风捉影的	fantastical
捕食	prey
捕食生物	predatory
捕食生物的	predatory
捕食的	predatory
捕食者	predator
捕鱼	fish
捕鱼权	fishery
捕鱼篓	coop
捕鲸	whale
捕鲸者	whaler
捕鲸船	whaler
捕鸟者	fowler
捕鼠	mouse, rat
捕鼠器	mousetrap
捕龙虾的渔夫	lobsterman
捞蛤	clam
损伤	injury, trauma
损伤了的	damaged
损伤外观	deface
损伤的	scathing
损坏	spoil, shatter
损坏了	eroded
损坏了的	damaged
损坏的	spoiled
损失	lose, loss
损失惨重	disastrous
损失惨重的	disastrous
损失的	losing
损害	damage, hurt
损害人体	insulting
损害人体的	insulting
损害名誉	libel
损害物	detriment
损害的	damaging
损形	deformation
损毁	shoot, murder
损毁容颜	disfigure
损耗	waste, loss
换位	transposition
换句话说	namely
换喻	metonymic
换喻的	metonymic
换地方	adjourn
换性者	transsexual
换新	renewal
换新鞋面	revamp
换毛	molt, moult
换气	ventilation, ventilate
换气孔	loophole
换气扇	ventilator
换流器	converter, inverter
换电线	rewire
换码	escaping
换置	displacement
换能器	transducer
捣	pug
捣乱鬼	poltergeist
捣制成胶土	puddle
捣固	tamp
捣实	pun
捣棒	tamper, tamp
捣烂	pound
捣烂的	mashed
捣碎	stamp, cob
捣碎器	masher
捣碎的	mashed
捣碎者	masher, pounder
捩转	twisting
据以取名	name
据以取名的	name
据我看来	methinks
据报道	reportedly
据报道的	reported
据有	occupancy
据此	hereby
据点	foothold
据称	purportedly
据说	reputedly
据遗嘱	testamentary
据遗嘱的	testamentary
捶	beetle
捶薄	battering
捷克货币	heller
捷径	highway, shortcut
捻	twist
捻弄	twirl, twiddle
捻接	splice
授与	grant
授与王权	sceptre, scepter
授与的	delegated
授乳	lactation, lactate
授乳的	sucking
授予	give
授予圣职	ordained
授予头衔	title
授予权力	empower
授予爵位	ennoble
授予物	grant
授予称号	dub
授予荣誉	honor, honour
授以博士学位	doctor
授以爵位	knight
授勋予	medal
授受	investiture
授嘉德勋位	garter
授权	authority, authorize
授权书	proxy
授权命令	grant
授权的	competent, authorised
授权给	warrant
授神职	ordination
授粉	pollination
授精	insemination, fertilization
授职	investiture
掉下	drop
掉进泥坑	mire
掉队	straggle
掉队者	straggler
掌	palma
掌上型	handheld
掌上型电脑	palmtop
掌击	slap
掌声	clapping
掌心向上	supine
掌心向上的	supine
掌拍法	slapping
掌握	clutch, predominate
掌管财物的人	chamberlain
掌舵	steering, steer
掐	pinch
掐灭	snuff
排	range, row
排他	exclusively
排他地	exclusively
排便	defecate
排出	drain, expel
排出物	ejection
排出量	outage
排列	form, range
排列的	tactic
排印	typography
排印错误	typo
排卵	ovulation
排外	exclusive
排外的	exclusive
排字	compose
排字工	typo
排字工人	compositor, typesetter
排字工头	clicker
排字机	typesetter
排字用	typesetting
排字用的	typesetting
排尿	urinate, urination
排序	sort
排成一行	line
排成梯队	echelon
排房	townhome
排挤掉	supplant
排斥	exclude, repulsive
排斥力	repulsion
排斥的	repulsive, repellent
排气	exhaust
排气口	vent
排气管	tailpipe
排气装置	exhaust
排水	drainage, drain
排水区	catchment
排水口	outfall
排水沟	drain, gutter
排水的	draining
排水管	drainpipe
排水设备	sewerage
排泄	evacuate, excrement
排泄物	faecal, fecal
排泄物的	faecal, fecal
排演	rehearsal, rehearse
排球	volleyball
排空	evacuation
排练	rehearse
排行中第一	eldest
排行中第一的	eldest
排行中第一者	eldest
排队	line
排除	eliminate, exclude
排除在外	exclusionary
排除在外的	exclusionary
排除废气	scavenge
排除污染	decontamination, decontaminate
排骨	chop
掘	pick
掘出	unearth, exhume
掘坑	hole
掘壕	entrench
掘尸	exhumation
掘洞穴	burrow
掘隧道于	tunnel
掠夺	harry, grab
掠夺兵	filibuster
掠夺品	plunder
掠夺成性	predatory
掠夺成性的	predatory
掠夺物	pillage
掠夺的	predatory
掠夺者	predator, hawk
掠夺行为	predation
掠过	glance, brush
掠过水面	plane
探出	nose, smell
探听	nose
探察	exploration, exploratory
探察器	explorer
探察的	exploratory
探戈舞	tango
探戈舞曲	tango
探望	visitation
探查	exploratory
探求	search, hunting
探求者	seeker
探测	explore, detect
探测者	explorer
探照灯	searchlight
探矿	prospecting
探示器	finder
探究	explore, delve
探究者	inquirer
探空	sounding
探索	seek, inquiry
探索的	heuristic
探索者	pathfinder, tracker
探试法	heuristics
探询	quizzical
探询的	quizzical
探路者	pathfinder
探身	sashay
探针	probe
探险	explore, exploration
探险家	explorer
探险的	expeditionary
探险队	expedition
接下去	subsequent
接下去的	subsequent
接任者	successor
接充电	rechargeable
接到	receive
接力传送	relay
接力棒	baton
接受	accept, admit
接受器	receptor, catcher
接受打赌的人	taker
接受测验	test
接受的	receptive
接受者	receiver
接受能力	receptivity
接受遗产	inherit
接口	interface
接口技术	interfacing
接合	joint, unite
接合器	adapter
接合点	join
接合物	solder, joiner
接合的	synaptic
接合者	joiner
接吻	kiss
接吻的	kissing
接吻的人	kisser
接地	grounded
接地的	grounded
接壤	neighbouring
接壤的	neighbouring
接处	junction
接头	splice
接头处	layup
接帚	wiper
接待	reception, welcome
接待员	receptionist
接插头	plug
接收	receive
接收入籍	naturalized
接收器	receiver
接替	succeed
接替者	reliever
接有电线	wired
接有电线的	wired
接来	fetch
接榫	tenon
接济	help
接球失误	muff
接球手	backstop
接生婆	midwife
接界	border
接着	follow
接着发生的	consequential
接着的	coming
接种	inoculate, inoculation
接种疫苗	vaccination
接穗	scion
接管	takeover
接纳	acceptance, affiliate
接线	wiring
接线图	hookup
接线总机	switchboard
接线的	connecting
接续承运人	successive
接缆	cabling
接缝	seam, juncture
接著发生	ensuing
接著发生的	ensuing
接见	interview
接触	touch, contact
接触传染	contagion
接触剂	catalyst
接触染物	contagion
接触电刷	wiper
接触的	tangent, contiguous
接触面	interface
接运人	haulier
接近	approach, near
接近中心的	inmate
接近于	approximate
接近地	closely
接近的	immediate
接连不断	incessantly
接连着	successively
接连着地	successively
接通	facilitation
控制	control, bit
控制台	console
控制器	control
控制权	mastery
控制杆	joystick
控制的	pilot
控制论	cybernetic
控制论的	cybernetic
控告	accuse, sue
控告人	rapper, informer
控告的	prosecuting
控告者	informer, accuser
控诉	charge
控诉人员	complainant
控诉的	accusatory, appellate
控诉者	accuser
推	push
推下	depress
推事	magistrate
推出	deduce, extrusion
推动	force, push
推动力	urge, impetus
推却	refusal
推卸	shirk
推压动作	racking
推回去	rollback
推土机	bulldozer, grader
推定	putative
推定的	putative
推导	derivation
推导出	elicit
推广	promote, promotion
推想	suppose
推托	stall
推托的	evasive
推托者	dodger
推挤	shove, elbow
推料机	pusher
推断	conclude, implication
推断的	deductive
推测	speculation, speculate
推测上	presumably
推测的	speculative, supposed
推测者	diviner
推理	reasoning
推理上	inferential
推理上的	inferential
推理的	inferential
推理的方法	logic
推磨的人	grinder
推翻	ruin, topple
推者	pusher
推荐	recommend, recommendation
推荐信	recommendation
推荐吹捧	blurb
推荐广告	blurb
推荐者	presenter
推论	reason
推论上的	inferential
推论出	infer
推论的	deductive, consequential
推诿	shuffle, balk
推车人	wheeler
推车叫卖小贩	hawker
推车工	putter
推进	push, boost
推进剂	propellant
推进力	drive
推进器	propeller, thruster
推进的	driving
推进者	propellant, impeller
推迟	defer, adjourn
推迟的	deferred
推迟考虑	waive
推选	elected
推销	marketing, promote
推销区域	territory
推销员	salesman
推销术	sell
掩人耳目	stealthy
掩人耳目的	stealthy
掩体	pillbox
掩护	cloak
掩护炮火	barrage
掩护的	covering
掩星	occultation
掩模	masking
掩盖	blanket, conceal
掩盖了的	covered
掩盖的	covering
掩蔽	screen
掩蔽物	covering
掩蔽的	masked
掩藏着	covered
掩藏着的	covered
掩饰	cover
掩饰的	palliative
措词	wording
措辞	language
掮客	broker
掮客业	broking
掳掠	marauding
掳掠的	marauding
掳掠者	marauder
掳获物	booty
掴	slap
掷	put
掷回	throwback
掷铁饼比赛	discus
掷骰子	throw
掸	whisk
掸去	sweep
掸子	duster
掺假	sophistication
掺合	blending
掺合机	blender
掺和	admixture
掺和剂	admixture
掺杂	intermingle, impure
掺杂的	impure
掺水	watering
揉	knead, massage
揉合	knead
揉成一团	wad
揉术	judo
揍	pummel
描写	representative, depict
描写的	representative
描图	tracing
描图用薄纸	flimsy
描图者	tracer
描影法	shading
描摹	tracing
描画	painted
描画的	painted
描画轮廓	outline
描绘	figure, describe
描绘工具	tracer
描绘性格	characterise
描绘略图	sketch
描述	describe, description
描述理想	idealize
描述的	descriptive
描述符	descriptor
描述要点	outline
描述词	descriptor
提	tote
提交	refer
提交公断	submission
提价	rigging
提供	provide, offer
提供可能	permit
提供器	provider
提供宿处	bed
提供情报	informing
提供情报的	informing
提供消息	informative
提供消息的	informative
提供消息者	informant
提供线索	key, clue
提供者	exhibitor
提供证据	evidential
提供证据的	evidential
提供资料	inform
提供资金	fund
提供资金的	funded
提供铺位	bunk
提供错误消息	misinform
提倡	advocate, pioneer
提倡者	advocate
提出	produce, suggest
提出供考虑	propound
提出建议	propound
提出异议	represent
提出异议的人	objector
提出理由	argue
提出看法	advert
提出者	presenter
提出要求	claim
提出要求者	claimant
提出诉讼	sue
提出请愿书	memorialize
提出请求	sue
提到	mention, refer
提前出现	anticipate, anticipation
提前支付	upfront
提前日期	predate
提升	upgrade, advancement
提升机	elevator
提升的	upgraded
提及	mention
提取	extract, abstraction
提名	nominate, nomination
提名人	proposer
提名名单	slate
提名权	nomination
提基	tiki
提审	evoke
提心吊胆	scary, nervously
提心吊胆地	nervously
提心吊胆的	scary
提意见	advise
提托	tito
提拉米苏	tiramisu
提拔	elevate
提早发生	anticipatory
提早发生的	anticipatory
提案	proposal
提案人	proposer
提桶	pail
提款	withdrawal
提灯	lantern
提炼	abstract
提琴类乐器	fiddle
提砂钩	lifter
提示	cue, prompt
提示地	suggestively
提示性	suggestive
提示性的	suggestive
提纯	purification, purify
提纯者	purifier
提纲	syllabus
提花机	jacquard
提花织物	jacquard
提要	headnote, synopsis
提议	suggest, offer
提议人	proposer
提议者	proponent
提讯	arraign, arraignment
提起	lodging
提起精神	refresh
提醒	remind, warn
提醒物	prompt
提醒的人	reminder
提问档	profile
提高	enhance, lift
提高价格	huff
提高品位	upgrading
提高的	elevated
提高的价值	uprate
提高者	raiser
插	thrust
插值	interpretation
插值法	interpretation
插入	intervention, intervene
插入主观评论	editorialize
插入水中	douse
插入物	insert
插入的	intrusive
插入语	interjection, parenthesis
插入鞘	sheathe
插口	spigot
插嘴	interrupt, interpose
插图	illustration, artwork
插图的	pictorial
插头	plug
插孔	hub
插座	jack
插手	meddle
插曲	episode
插曲似	episodic
插曲似的	episodic
插画家	illustrator
插算	interlude
插管	intubation
插管法	intubation
插补	interpolation
插袋	sidekick
插话	episode
插话的	interlocutory
插进	stick
插进插座	socket
插页	inset
握	grasping, ahold
握住	hold
握力	grip
握成拳	fist
握手	handshake, mitt
握牢	grip
握的	grasping
握紧	clench
揣摩	conjecture
揩	wipe
揩擦的人	wiper
揭去盖子	uncover
揭发	exposure, disclosure
揭发的事实	disclosure
揭幕	unveil
揭幕的	unveiling
揭开	unveil, uncover
揭开的	unglued
揭旧疮疤	reopening
揭示	disclosure
揭示性	revelatory
揭示性的	revelatory
揭穿	expose, debunk
揭露	disclose, revelation
揭露某人	rug
揭露的	revealing
援助	support, aid
援助的方法	furtherance
援助者	backer, succor
援引	adduce
援救	rescue
揶揄	tease, rag
揿	press
揿钮	snapper
搀和	dash
搀姜汁的啤酒	shandy
搀扶	hand
搀杂	jumble
搀水	watering
搁凳	trestle
搁在台上	pedestal
搁在球座上	tee
搁板	shelf
搁板材料	shelving
搁浅	strand
搁浅地	aground
搁置	table
搁脚物	footrest
搂抱	cuddle
搅	paddle
搅乱	unsettle
搅乱战术	gamesmanship
搅乳	churning
搅乳器	churn
搅动	stir
搅抖装置	agitator
搅拌	stir, mill
搅拌作用	agitation
搅拌叶片	propeller
搅拌器	blender, beater
搅拌机	mixer
搅棒	oar
搅浊	puddle
搅浑	roil, rile
搅混	roiling
搅炼	puddle
搏动	pulsate, throb
搏动的	pulsating, throbbing
搏斗	wrestle, buffet
搓	rub
搔	scratch
搔痒	titillation
搜	rout
搜出	ferret
搜刮	claw
搜寻	search
搜寻粮秣	forage
搜寻粮草	forage
搜寻者	searcher
搜捕	raid
搜查	search
搜查人	seeker
搜查者	searcher
搜索	seek
搜索人	seeker
搜索的	searching
搜索者	seeker, searcher
搜索逃犯	manhunt
搜集	gather
搞两面派	duplicitous
搞两面派的	duplicitous
搞乱	mess, jumble
搞坏	boggle
搞坏事情的人	spoiler
搞政治	politicize
搞活	invigorate
搞砸	botched
搞糟	queer, hash
搞错	wet
搞错的	wet
搞阴谋诡计	intrigued
搪塞	fence
搪孔	boring
搬出	vacate
搬家	remove
搬家公司	remover
搬弄是非	telltale
搬弄是非的	telltale
搬弄是非者	telltale
搬移东西者	shifter
搬运	handle
搬运工人	porter
搬运架	barrow
搬运矸石	muck
搬运者	conveyor, bearer
搬运费	carriage
搬运车	porter
搭伙	board
搭便车	hitchhike
搭帐篷	pitch
搭接	bonding
搭救	saving
搭救的	saving
搭线窃听	wiretap
搭脚手架	scaffolding
搭襻	tab
搭讪	accost
搭配	collocation
携带	carry
搽粉	powder
搽粉于	powder
摄动	perturbation
摄取	ingest, ingestion
摄取量	intake
摄取食物	feeding
摄取食物的	feeding
摄录像机	camcorder
摄影	photograph, camera
摄影复制机	photocopier
摄影师	photographer
摄影报道	photojournalism
摄影新闻工作	photojournalism
摄影术	photography
摄影机	camera
摄影用	photo, photographic
摄影用的	photo, photographic
摄影者	photographer
摄政	regent
摄政政体	protectorate
摄政权	regency
摄政王	regent
摄政的	regent
摄政统治	regency
摄政统治区	regency
摄政者	regent
摄政职位	protectorate
摄氏	centigrade
摄氏的	centigrade
摄谱仪	spectrograph
摄象机移动	zoom
摄远	telephoto
摄远的	telephoto
摄食	ingestion
摆	put
摆动	switch, flutter
摆动物	oscillator
摆动的	wobbly
摆动的人	swinger
摆动的物	swinger
摆动身体	boogie
摆姿势	pose
摆尾飞行	fishtail
摆弄	fidget
摆得好看些	deacon
摆渡营业权	ferry
摆脱	slip
摆脱不了的	obsessional
摇	rock
摇动	shake, rock
摇动器	shaker
摇动的	rocking
摇动着	shakily
摇动者	shaker
摇尾乞怜	fawn
摇摆	rock, swing
摇摆不定	teeter
摇摆乐	jive
摇摆地	unsteadily
摇摆的	rickety, unsteady
摇摆舞	jive
摇摇摆摆地走	waddle
摇摇晃晃	groggy, crazily
摇摇晃晃地	crazily
摇摇晃晃地走	shamble
摇摇晃晃的	groggy
摇摇欲坠	topple
摇撼	convulsive
摇撼的	convulsive
摇晃	tremble, shaky
摇晃不稳	shamble
摇晃地	staggeringly
摇晃地悬挂着	dangle
摇晃的	shaky, ramshackle
摇曳	flickering
摇曳的	flickering
摇杆	rocker
摇桨	scull
摇的人	rocker
摇移	rocking
摇篮	cradle
摇篮曲	lullaby
摇篮车	bassinet
摇荡	toss
摇锤	pendulum
摇镜头	pan
摇首	yaw
摊开	spreading
摊棚	booth
摊派的款项	scot
摊牌	showdown, facedown
摊贩	stallholder, pitchman
摊还	amortize
摊销	amortize
摒弃	spurn
摒绝	forgo
摔下	spill
摔倒	trip
摔到	founder
摔打	thresh
摔跤	wrestle, wrestling
摔跤选手	wrestler
摘	pick
摘下	detach
摘去芽	sprout
摘录	minute
摘掉茎	stem
摘要	brief, summary
摘要的	summary
摘要记载下来	jot
摧欲剂	aphrodisiac
摧残	vandalise, blighted
摧残文化	vandalize
摧毁	demolished, devastated
摩	stroke
摩丝	mousse
摩天楼	skyscraper
摩尔	moore
摩尔斯电码	morse
摩尔的	molar
摩托化	motorized
摩托化的	motorized
摩托罗拉	motorola
摩托车	motorcycle, motorbike
摩托车运动	motorsport
摩擦	rub, friction
摩擦作声	grit
摩擦声	grating
摩擦治疗	friction
摩擦脱色	crock
摩羯宫	capricorn
摩羯座	capricorn
摸	feeling
摸得出	palpably
摸拟表演	mime
摸索	feel
摹仿	copy, echo
摹拓	rubbing
摹拟	mimic, mimetic
摹拟的	mimic, mimetic
摹本	facsimile
撂下	plank
撅嘴	pout
撇乳器	skimmer
撇去	scum
撇取浮沫	skim
撇号	apostrophe
撇沫板	skimmer
撑杆	girder
撑条	batten
撑法	staying
撑竿跳过	vault
撒	dust, sprinkle
撒上粉的	floured
撒切尔主义	thatcherism
撒小谎	fib
撒尿	urinate, urination
撒尿弄脏	piss
撒布	dusting
撒布机	spreader
撒拉森人	saracen
撒旦	lucifer
撒母耳	samuel
撒沙	sand
撒沙砾于	gritted
撒满	strew
撒石灰	lime
撒粉	powder
撒粉器	dredger
撒网	net
撕	tear, rip
撕咬	worry
撕开	rend
撕的	ripping
撕破	tear
撕碎	shred
撕裂	tear
撕裂者	ripper
撞	bump, ram
撞击	impact, strike
撞击器	impactor
撞击声	clash
撞歪	miscue
撞碎	crash
撞纸机	jogger
撞见	surprise
撞锤	ram
撤出	evacuate
撤回	withdraw
撤回声明	recant
撤换	reshuffle
撤消	avoid, recall
撤消管制规定	deregulation
撤消遣散	deactivate
撤职	decapitation
撤营	decamp
撤退	withdraw, withdrawal
撤销	quash, demolition
撩痒	titillation
撬	jimmy, prise
撬动	pry, prise
撬开	lever, pry
撬棍	crowbar
播客	podcast
播放	play
播放列表	playlist
播放音乐的人	deejay
播散	dissemination
播映	televise
播种	plant, seed
播种机	drill, broadcaster
播送	send
播送者	broadcaster
撮	pinch
撰稿者	writer
撵走	ouster
擅离	desert
擅自	presume
擅自摸弄	meddle
擅自行动	presume
擅自进入	trespass
擅长	speciality, excel
操作	operation, operate
操作上	operationally
操作上的	operational
操作停止	layoff
操作员	operator
操作器	exerciser
操作工	jockey
操作数	operand
操作法	methodology
操作灵活	maneuverable
操作灵活的	maneuverable
操作的	operational, handling
操作系统	os
操作者	handler, manipulator
操作说明	oi
操劳	labouring
操场	playground
操心	bother
操法语者	francophone
操纵	man
操纵木偶的人	puppeteer
操纵杆	joystick
操纵灵活性	maneuverability
操纵的	manipulative
操练员	driller
擦	wipe, rub
擦上	smear
擦不掉	indelibly
擦亮	polished, scour
擦亮的	polished
擦伤	raw, nick
擦伤人	galling
擦伤人的	galling
擦伤处	raw
擦光	polishing
擦去	obliterate, scraping
擦口红	rouge
擦响	grate
擦子	eraser
擦干身子	towel
擦拭	wipe
擦掉	erase, scrape
擦树属	sassafras
擦油	oiled
擦洗	swab
擦洗干净	scrub
擦灰	dusting
擦痛	chafe
擦痛人	galling
擦痛人的	galling
擦破	rub
擦破皮肤	excoriate
擦过	brush, skim
擦除	erasure, erase
擦除术	attrition
擦靴的仆役	boots
擦鞋垫	doormat
攀	swarm, shin
攀登	climb, scale
攀缘	scramble
攀缘而登	climbing
攀缘而登的	climbing
攫取	grab, snatch
攫食的动物	marauder
支	clan
支付	pay, foot
支付款额	payment
支付的	payoff
支付的款项	payment
支付者	payer
支付能力	affordability
支出	expenditure
支吾	falter
支吾其辞	prevaricate
支吾地说	falter
支吾的	faltering
支唔的	shuffling
支店	branch
支承	bear
支承得住	bearable
支承得住的	bearable
支承结构	underpinning
支持	back, last
支持不住	give
支持不住的	untenable
支持人	backer
支持器	hander
支持物	holder
支持的	backup, supporting
支持者	friend
支持荣格的人	jungian
支援	support
支撑	support
支撑物	bracing
支杆和木板	scaffolding
支架	bracket, plank
支柱	prop, brace
支框	pier
支气管	bronchial
支气管炎	bronchitis
支气管的	bronchial
支流	branch, affluent
支流的	tributary
支点	pivot, fulcrum
支状分布	ramification
支票	check, cheque
支票簿	checkbook, chequebook
支离破碎	incoherence
支管	offset
支索	guy
支线	lateral
支解	dismember
支部	lodge
支配	own, management
支配其他的	predominant
支配命令	domain
支配地位	ascendancy, ascendant
支配权	hegemony
支配的	dominant
支队	detachment
收买	bribe
收件人	addressee
收信人	addressee
收信地址	addressed
收信机	receiver
收入	income, revenue
收养	mother
收养人	adopter
收养的	foster
收到	receive
收到的通知	acknowledge
收割	crop, harvest
收割台	header
收割机	reaper, harvester
收割者	reaper
收发器	transceiver
收取款项的人	collector
收取租金	rental
收取租金的	rental
收听者	listener
收回	recede, retract
收回使不流动	immobilise
收回命令	countermand
收回租地	eviction
收回财产	eviction
收场	ending
收场白	epilogue
收容	internment
收容所	asylum, hospice
收尾程序	epilogue
收归国有	nationalised
收成	take
收拾	tidy
收据	receipt
收支员	cashier
收敛	convergence, convergent
收敛的	convergent
收款	proceeds
收款员	chamberlain
收用	expropriation
收益	win, income
收益性	profitability
收益的现值化	capitalize
收票人	taker
收税员	taxman
收税栅	turnpike
收税路	turnpike
收税高速公路	turnpike
收紧	string
收缩	contract, neck
收缩了	contracted
收缩了的	contracted
收缩的	systolic, collapsed
收缩量	shrinkage
收缩龟裂	crawling
收获	crop, harvest
收获物	harvest
收获者	harvester
收藏	house
收藏品	collection
收藏物	trove
收购	acquisition
收费	charge
收费亭	tollbooth
收附加税	surcharge
收集	collection, collect
收集品	collection
收集器	gatherer, saver
收集家	collector
收集成	collected
收集成的	collected
收集木材	wood
收音机	radio
改作	remake
改作俗用	secularize
改写	rewrite, paraphrase
改写新闻	rewrite
改写的作品	rewrite
改写稿	redraft
改制	remodeled
改制的	remodeled
改动	alteration
改变	change
改变位置	translocation
改变信仰	converted
改变信仰的	converted
改变宗教信仰	conversion
改变方向	haul
改变的	altered, changed
改名	incognito
改名的	incognito
改善	improve, improvement
改善法	corrective
改型	remodel
改天	sometime
改建	rebuild
改形	reshaping
改换角色	recast
改撰	rephrase
改样	revise
改正	reform, correct
改正的	correctional, corrective
改正的地方	correction
改种	replant
改组	reshuffle, reorganization
改编	adapt, adaptation
改编为剧本	dramatise
改编为演出本	script
改编成戏剧	dramatize
改编本	adaptation
改编者	adaptor, adapter
改良	improve
改良主义者	reformist
改良品种	upgrade
改良的	improved, evolutionary
改良装备	rearmament
改装	refit
改过	reform
改过自新	amend
改进	mend
改进的	revised, modified
改进的性能	uprate
改述	rephrase
改造	reform, transform
改造的	reconstructive, remodeled
改革	reform, innovation
改革家	reformer
改革派	reformed
改革派的	reformed
改革者	innovator, crusader
改革论者	progressive
改革过	reformed
改革过的	reformed
改革运动	crusade
改革运动者	reformer
攻不破	unassailable
攻不破的	unassailable
攻克	conquering, conquered
攻击	attack, assault
攻击侧面	flank
攻击性	offensive
攻击性的	offensive
攻击的	offensive
攻击者	attacker, assailant
攻城用仰冲车	turret
攻夺者	captor
攻球	attacking
攻破	breach
攻螺丝机	tapper
攻门	goal
放	put, set
放下	drop, lower
放下武器	disarm
放于山洞中	cavern
放于穴中	lair
放任	abandon, loose
放债者	moneylender
放假	recess, furlough
放入壁龛	niche
放入壶中	jug
放入封套	enclose
放入球内	sphere
放入鞘内	scabbard
放出	issue
放单飞	solo
放古董的架子	whatnot
放哨	sentry
放回	replace
放在下面的	underlying
放在地上	ground
放在摇篮内	cradle
放在新地方	relocate
放声大笑	yak
放大	magnify, amplify
放大作用	amplification
放大器	amplifier
放大率	magnification
放大的	magnified, magnifying
放大的复制品	magnification
放大镜	magnifier
放宽	broaden
放射	ray, shed
放射光线	ray
放射学	radiological, radiology
放射学家	radiologist
放射学的	radiological
放射学者	radiologist
放射性	radioactive, radioactivity
放射性核素	radionuclide
放射性的	radioactive
放射性碳	radiocarbon
放射治疗	radiotherapy
放射照相的	radiographic
放射状	radial
放射状的	radial
放射疗法	radiotherapy
放射的	radiant, radioactive
放射线照相术	radiography
放屁	fart
放开	uncork
放弃	abandon, desert
放弃信仰	recant
放弃权利	waive, waiver
放弃的	deserted
放心	reassurance
放慢	slacken
放映	feature, screen
放映员	projectionist
放映技师	cinematographer
放松	relax, release
放枪	loose
放毒	poison, venom
放毒人	poisoner
放气	deflate, deflation
放浪	bohemian
放浪的	bohemian
放浪者	bohemian
放液	tapping
放火	incendiary, backfire
放火墙	firewall
放火烧	swale
放火犯	arsonist
放火的	incendiary
放热	radiative
放热的	radiative
放牧	feed, pasture
放牧地自耕农	nester
放牧者	pastoralist
放电	discharge
放纵	loose, riot
放纵地	indulgently
放纵的	luxurious, unrestrained
放置	place, set
放置架子上	shelve
放置者	layer
放肆	presumption, presumptuous
放肆的	presumptuous
放肆的言行	extravagance
放脚空间	legroom
放荡	dissipate, profligate
放荡的	profligate, dissolute
放荡者	profligate
放血	depletion, bloodletting
放逆火	backfire
放逐	exile, eject
放逐的	exiled
放错地方	misplace, mislay
放鹰者	falconer
放鹰行猎	hawk
政体	government
政党	party, political
政党的	political
政务会	junta
政变	coup
政客	politician
政府	government
政府代表	agent
政府公寓	stateroom
政府机关	administration
政府的	governmental
政府的特派员	commissioner
政府间	intergovernmental
政府间的	intergovernmental
政府首脑	summit
政府首脑的	summit
政权	regime
政治	political, government
政治上	political
政治上的	political
政治作家	publicist
政治制度	polity
政治动乱地区	flashpoint
政治化	politicization
政治学	politics
政治家	politician, statesman
政治家的才能	statesmanship
政治家风度	statesmanship
政治局	politburo
政治形态	polity
政治活动	politicking
政治混乱	anarchy
政治的	political
政治组织	polity
政治评论家	publicist
政策	policy
政策制定者	policymaker
政纲	politics
政见	politics
故乡	home
故事	story
故事书	storybook
故事体	narrative
故事体的	narrative
故事作者	storyteller
故事情节	storyline
故事诗	fabliaux, fabliau
故作显贵	dignify
故作正经的人	prude
故国	homeland
故态复萌	relapse
故意	deliberately, voluntary
故意为难	crossly
故意为难地	crossly
故意作对	perverse
故意作对的	perverse
故意刁难	spite
故意地	deliberately, intentionally
故意屈尊	condescending
故意屈尊的	condescending
故意的	voluntary, deliberate
故意的伤害罪	mayhem
故意破坏	vandalise
故障	fault, failure
故障停机时间	downtime
故障检修工	troubleshooter
故障检查	seeking
效力	effectiveness, efficacy
效力大	powerfully
效忠	allegiance, partisan
效忠的	partisan
效果	effect
效法	emulate, imitate
效率	efficiency
效率低	inefficiency
效率低的	ineffective
效率差	inefficiency
效率高	expeditiously
效用	avail
效能	efficiency
效颦者	mimic
效验	efficacy
敌人	enemy, hostile
敌人的	enemy, hostile
敌军	enemy
敌对	opposition, opponent
敌对分子	hostile
敌对的	opponent, opposed
敌对行为	warring
敌得过	matched
敌得过的	matched
敌意	hostility
敌意地	viciously
敌手	opponent
敌手的	adversary, adversarial
敏悟	apprehensive
敏悟的	apprehensive
敏感	sensitive, alive
敏感地	sensitively
敏感性	susceptibility
敏感的	sensitive, alive
敏捷	quick, promptly
敏捷地	promptly, swift
敏捷熟练	deft
敏捷熟练的	deft
敏捷的	quick, prompt
敏捷轻快的	birdlike
敏锐	subtle, keen
敏锐地	finely, subtly
敏锐的	subtle, keen
救世	salvation, redemptive
救世主	savior, saviour
救世的	redemptive
救出	rescue, extricate
救助	minister
救助的	relieving
救助者	savior, saviour
救命	help
救命者	lifesaver
救护人员	ambulanceman
救护车	ambulance
救援	succor
救援的	relieving
救星	savior, saviour
救济	relief, relieve
救济品	dole, handout
救济者	reliever
救济金	alms
救济院	poorhouse, almshouse
救火队员	fireman
救球	get
救生员	lifesaver, lifeguard
救生圈	buoy
救生筏	raft
救生索	lifeline
救生艇	lifeboat
救苦救难	salvific
救苦救难的	salvific
救贫区	parish
救险球	retrieve
救难信号	mayday
教	teach
教义	creed, tenet
教义的	doctrinal
教书	teach
教会	church
教会会议	synod
教会学	ecclesiology
教会建筑学	ecclesiology
教会法规	canon
教会的	ecclesiastical, ecclesial
教会财产	temporal
教养	cultural, breeding
教养所	penitentiary
教养所的	penitentiary
教养的	cultural
教务长	provost, dean
教化	civilization, cultivation
教区	parish, parochial
教区主教	diocesan
教区制度	parochialism
教区委员会	vestry
教区执事	beadle
教区牧师	vicar
教区的	parochial
教区长	rector
教区长的住所	rectory
教员	instructor
教员室	staffroom
教唆	instigate, abet
教唆犯	fagin, instigator
教唆者	instigator
教堂	church
教堂主持	vicar
教堂司事	sexton
教堂墓地	churchyard
教堂庭院	churchyard
教堂法衣室	vestry
教堂用品	ornament
教堂的	church
教堂长椅	pew
教士	reverend, cleric
教士会议	convocation
教士的	reverend, cleric
教学	teach, teaching
教学工作	pedagogy
教学日	schoolday
教学法	pedagogical
教学法的	pedagogical
教学的	instructional
教室	classroom
教导	teach, instruction
教导的	didactic
教导者	schoolmaster
教师	teacher
教师室	staffroom
教师的	pedagogical
教授	professor
教授之职	professorship
教授似	professorial
教授似的	professorial
教授法	pedagogy, pedagogic
教授法的	pedagogic
教授的	professorial
教条	doctrine, dogma
教条主义	dogmatism
教条主义者	doctrinaire
教条的	dogmatic
教母	godmother
教民	parishioner
教派	denomination, sect
教派意识	sectarianism
教派的	denominational
教父	godfather, patristic
教父的	patristic
教理问答	catechism
教瑜伽功者	yogi
教皇	pontifical, pontiff
教皇世系	papacy
教皇制度	papal
教皇制度的	papal
教皇权	papacy
教皇的	pontifical
教皇统治	papacy
教皇选举会议	conclave
教科书	textbook
教程	tutorial
教练	coach
教练技术	coaching
教育	school, education
教育上	educationally, educative
教育上地	educationally
教育上的	educative
教育地	educationally
教育学	education
教育学的	pedagogic
教育家	educator
教育性	educational
教育性的	educational
教育理论家	educationist
教育的	educational
教训	lesson, morality
教训的	didactic
教诲	doctrinal, edify
教诲的	doctrinal
教诲职责	magisterium
教鞭	pointer, fescue
敞炉	hearth
敞篷小客车	roadster
敢	dare
敢于	venture
散	asunder
散乱	messy
散乱的	messy
散兵坑	foxhole
散发	emanate, radiate
散发气味	smell
散发物	exhalation
散发的	sporadic
散在的	sporadic
散失	dissipate
散射	scattering
散射体	diffuser
散布	spread, distribute
散布的	diffused, dispersed
散布者	distributor, spreader
散布谣言	demagoguery
散开	unravel, disperse
散开性斜视	walleye
散开的	diffuse, divergent
散弹猎枪	shotgun
散拍乐	ragtime
散播	float, scatter
散文	prose, prosaic
散文体	prosaic
散文体的	prosaic
散文的	prose, prosaic
散步	walk
散步者	stroller
散步道	prom
散沙	sander
散沫花叶粉	henna
散漫	desultory, rambling
散漫的	desultory, rambling
散热器	radiator
散石	fieldstone
散纱	ravel
散置	sprinkle
敬意	compliment
敬慕	adoring
敬慕的	adoring
敬畏	fear, awe
敬礼	salute, reverence
敬神	pious, godly
敬神的	pious, godly
敬称	honorific
敬称的	honorific
敬语	honorific
敬酒	toast
敬重	reverence
数	number
数不尽	countless
数不尽的	countless
数不清	innumerable
数不清的	innumerable
数个	couple
数位	digitally, digit
数值	numerical, numeric
数值的	numerical, numeric
数字	number, figure
数字仪表	digital
数字化	digitize, digitized
数字化的	digitized
数字式	digital
数字式电子表	digital
数字显示	digital
数字显示的	digital
数字的	digital, numerical
数学	math, mathematics
数学上的	mathematical
数学家	mathematician
数学的	mathematical
数学表述	formulation
数式化	formulation
数据	data
数据分组	packet
数据块	block
数据头	header
数据库	database
数据解释模块	dim
数目	number
数目众多	numerous
数目众多的	numerous
数目超过	outnumber
数码化	digitised
数组	array
数组互联逻辑	ail
数量	deal, quantity
数量上	quantitatively
数量的	quantitative
敲	knock
敲击	knock, bob
敲击的	percussive
敲击者	knocker
敲响	knoll
敲平	beaten
敲平的	beaten
敲弯	clinch
敲弯钉尖	clench
敲打	knock, hammer
敲打出	tap
敲打声	beat
敲打的人	banger
敲杆	rapper
敲碎	scrap
敲诈	ramp, hijack
敲诈勒索	racketeering
敲诈的	extortionate
敲进去	rivet
敲钟	toll, knoll
敲钟者	bellman
敲门	knock
敲门人	rapper
敲门者	knocker
整个	entire
整个的	mass
整个范围	gamut
整体	whole, economy
整体的	integral, monolithic
整体经济	macroeconomic
整修	conditioning, refurbishment
整修表面	refinish
整合	integration
整块的	massive
整型	integer
整复	restitution
整复的	tectonic
整夜	overnight
整套餐具	dinnerware
整形	reshape
整形器	conditioner
整形学	orthopedic, orthopaedic
整形学的	orthopedic, orthopaedic
整形术	orthopedic, orthopaedic
整形术的	orthopedic, orthopaedic
整形的	tectonic
整数	integral
整数的	integral
整整	full
整步	synchronise
整洁	neat, neatly
整洁地	neatly
整洁干净	snugly
整洁干净地	snugly
整洁的	neat
整流	rectification
整理	order, dress
整理工	finisher
整理羽毛	plume
整理者	trimmer
整理过	consolidated
整理过的	consolidated
整直法	orthosis
整车	carload
整顿	straighten
整齐	arrangement, trim
整齐地	handsomely, tidily
整齐的	trim, tidy
敷以膏药	plaster
敷料器	applicator
敷泥罨剂于	poultice
敷箔	cladding
敷衍	perfunctory
敷衍的	perfunctory
敷裹员	dresser
敷设	laying
文书	clerk, writ
文书工作	paperwork
文书的	clerical
文人	literati
文件	paper, document
文件分配表	fat
文件名	filename
文件夹	file, folder
文件恢复程序	salvage
文件架	cubbyhole
文件的	documentary
文件管理程序	filer
文件编制	documentation
文件编排	filing
文件编档员	filer
文件装钉员	filer
文体	style
文体学	stylistics
文体学家	stylist
文具	stationery
文具商	stationer
文凭	diploma
文化	culture, cultural
文化互渗	acculturation
文化意义上	culturally
文化的	cultural
文化适应	acculturation
文字	language
文字上的	textual
文字游戏	wordplay
文字的	literal
文学	literature, literary
文学士	lb
文学界	literati
文学的	literary
文布利	wembley
文摘	digest
文斯	vince
文明	civilization
文明世界	civilisation
文明的	civilized, civilised
文本	text
文本的	textual
文档	document
文法上的	grammatical
文献上的	diplomatic
文献学	philology
文献电视片	docudrama
文献目录	bibliography
文盲	illiterate, illiteracy
文章	article, paper
文艺	literature, literary
文艺复兴	renaissance
文艺复兴的	renaissance
文艺的	literary
文身	tattoo
文选	reader
文雅	gentle, polite
文雅地	politely
文雅的	gentle, polite
文集	corpus
斋戒	fast
斋日的点心	collation
斑点	spot, speck
斑点多	blurring
斑状的	mottled
斑猫	tabby
斑疹伤寒	typhus
斑痕形成	stigmatization
斑纹	stripe, streak
斑纹的	dappled
斑色的	mottled
斑马	zebra
斑驳	pied, mottled
斑驳的	pied, mottled
斗争	struggle, contend
斗争性	belligerence
斗争者	contender
斗剑者	gladiator
斗嘴	bicker
斗士	fighter
斗志	fight
斗牛	bullfight
斗牛士	matador
斗狗	dogfight
斗篷	mantle
斗蓬	cloak
斗败了的狗	underdog
斗鸡的人	cocker
斗鸡眼	cockeyed
斗鸡眼的	cockeyed
料想	think
料想不到	unexpected
料想不到的	unexpected
料斗	hopper
料槽	trough
料理	administer
斜	skew, oblique
斜体	italic
斜体字	italic, italics
斜体的	italic
斜倚	recline
斜列	diagonal
斜卧的	recumbent
斜地	crosswise
斜坡	slope, ramp
斜床	banks
斜度	rake
斜接	mitre, miter
斜撑柱	shore
斜桁	gaff
斜桁纵帆	spencer
斜槽	chute
斜率	slope
斜的	skew, oblique
斜眼看	askance
斜着	squint
斜睨	leer
斜纹	bias, diagonal
斜纹棉布	jean
斜纹棉布裤	chino
斜纹的	diagonal
斜纹粗棉布	denim
斜纹织物	twill
斜线	diagonal, slash
斜视	squint
斜视的	squint
斜视眼	squint
斜钉	toenail
斜靠着	recumbent
斜靠着的	recumbent
斜面	slant, incline
斜齿鳊	roach
斟酒服务员	sommelier
斡旋	mediate
斤	catty
斥力	repulsion
斥责	tax
斧	axe
斧头	axe, ax
斩	lop
斩碎	chopped
斩首	behead, decapitate
断	sever
断供	outage
断头台	guillotine
断头术	decapitation
断奏	staccato
断奏地	staccato
断奏的	staccato
断定	vouch
断定为	predicate
断崖	bluff
断开	disconnect
断念	forsake, desist
断掉	broken
断掉的	broken
断断续续	intermittent, fitful
断断续续地	fitfully
断断续续的	intermittent, fitful
断气	expire
断流器	cutout
断然	flat, firmly
断然地	flat
断然拒绝	rebuff
断然的	peremptory
断片	piecemeal
断牙	snag
断章取义	garbled
断章取义的	garbled
断绝	part
断续	staccato, discontinuous
断续器	ticker
断续地	staccato
断续的	staccato, discontinuous
断续言语	scanning
断肢	stub
断节	segmental
断节的	segmental
断裂	part
断裂剂	chopper
断裂的	fractured
断言	claim, allegation
断言地	assertively
断言的	assertive
断路器	killer, breaker
斯伯丁	spalding
斯凯岛	skye
斯图	stu
斯图加特	stuttgart
斯图尔特	stuart, stewart
斯坦	stan
斯坦利	stanley
斯坦福	stanford
斯坦福大学	stanford
斯坦福德	stamford
斯塔尔	starr
斯塔福郡	stafford
斯大林	stalin
斯宾塞	spenser
斯巴达	sparta
斯托克斯	stokes
斯拉夫人	slav
斯拉夫人的	slav
斯拉夫语	slav
斯拉夫语的	slav
斯波尔丁	spalding
斯洛文尼亚人	slovene
斯温西	swansea
斯滕特氏印模	stent
斯特拉斯堡	strasbourg
斯特拉特福德	stratford
斯特灵	stirling
斯瓦希里人	swahili
斯瓦希里语	swahili
斯科特	scott
斯蒂尔	steele
斯蒂芬	stephen
斯蒂芬妮	stephanie
斯蒂芬森	stephenson
斯达汀	statin
斯里兰卡	sri
斯隆	sloan
新	new
新人	newlywed
新任者	incomer
新会员	recruit, entrant
新保守主义	neocon
新保守主义者	neocon
新保守派	neoconservative
新信徒	neophyte
新入教者	neophyte
新兴	rising
新兴城市	boomtown
新兴的	rising
新兵	recruit
新兵征召	recruitment
新加入	initiate
新加入的	initiate
新发现	newfound, breakthrough
新发现的	new
新古典主义	neoclassical
新古典主义的	neoclassical
新奇	fresh, novel
新奇的	fresh, novel
新奇的事物	curiosity, novelty
新娘	bride
新娘的	bridal
新婚夫妇	newlywed
新婚男人	benedict
新式	stylishly
新式地	stylishly
新成员	entrant
新手	rookie, recruit
新星	nova
新来	incoming
新来的	incoming
新来者	newcomer, comer
新汇票	redraft
新港	newport
新生	regenerate, newborn
新生物	neoplasm
新生的	newborn, regenerate
新疆圆柏	sabina
新的	new
新石器时代	neolithic
新石器时代的	neolithic
新纪元	epoch, epochal
新纪元的	epochal
新职介绍	outplacement
新自由主义	neoliberalism
新自由主义者	neoliberal
新西兰人	kiwi
新贵	upstart
新近	freshly
新进展	breakthrough
新进的	recent
新郎	groom, bridegroom
新长出的肉	quick
新闻	news
新闻业	journalism, journalistic
新闻业的	journalistic
新闻人物	newsmaker
新闻出版	journalism
新闻工作者	journalistic
新闻工作者的	journalistic
新闻广播	newscast
新闻广播员	newscaster, newsreader
新闻影片	newsreel
新闻报导	coverage, news
新闻报道	reportage
新闻摄影记者	photojournalist
新闻摘要	headline
新闻纸	newsprint
新闻组	hierarchy
新闻编辑部	newsroom
新闻记者	journalist
新闻阅读器	newsreader
新陈代谢	metabolism, metabolic
新陈代谢的	metabolic
新鲜	fresh, green
新鲜的	fresh, green
新鲜的空气	ozone
方位	fix
方位角	azimuth
方便	convenient, convenience
方便使用	usable
方便使用的	usable
方便的	convenient
方便的时候	convenience
方向	direction
方向的	directive, directional
方向舱	airfoil
方向舵	rudder
方头平底船	punt
方尖塔	obelisk
方差	variance
方式	how
方形物	sq
方形石	quarry
方括号	bracket
方格	pane
方格图案	checkerboard
方格的	squared
方格花纹	tartan
方框	box
方案	scheme, plan
方法	method, means
方法医学	methodism
方法学	methodology
方法的	methodological
方法论	methodology
方程式	equation
方舟	ark
方解石	calcite
方言	dialect, vernacular
方针	policy
方阵	phalanx
方面	side, aspect
施	wreak
施与	dispensation
施主	benefactor
施以	inflict
施以影响	exert
施以涂油礼	anoint
施以焊接	solder
施以电刑	electrocute
施以针灸	acupuncture
施催眠术	mesmerize, hypnotize
施加	exert
施加压力	forcing
施加压力的	forcing
施加影响	impose
施加的	imposed
施堆肥于	compost
施密特	schmidt
施工	construction
施巫术	witch
施恩惠	oblige
施恩惠于	oblige
施洗礼	baptize
施海鸟肥料	guano
施特劳斯	strauss
施瓦兹	schwartz
施粪肥于	dung
施肥	fertilize, muck
施肥于	manure
施舍	rendition, alms
施舍物	handout
施虐受虐狂的	sadomasochistic
施虐欲	sadism
施行	performance
施行中央集权	centralize
施行蚀刻法	etch
施魔法	conjure, enchant
施魔法于	bewitch, hex
旁	side
旁听	audit
旁听生	auditor
旁敲侧击	insinuate
旁白	aside
旁的	side
旁系	offset, collateral
旁系亲属	collateral
旁系的	collateral
旁线	sideline
旁观者	spectator, onlooker
旁路	bypass
旁轨	siding
旁边	side
旁边地	laterally
旁边的	sideways, lateral
旁道	byway
旅	brigade
旅客	guest, passenger
旅客住宿处	hospice
旅客名单	manifest
旅客常到	traveled
旅客常到的	traveled
旅居	sojourn
旅居的人	sojourner
旅店	hostel, hostelry
旅游	tour, tourist
旅游业	tourism
旅游的	tourist
旅程	journey
旅程的	itinerary
旅行	trip, travel
旅行商	traveller
旅行商人	drummer
旅行手提包	holdall
旅行指南	itinerary
旅行推销员	drummer
旅行用	traveling
旅行用的	traveling
旅行的	traveling
旅行者	traveler, tourist
旅行袋	valise
旅行见闻讲座	travelogue
旅行销货人	drummer
旅行队	caravan, safari
旅馆	hotel
旅馆侍者	bellhop
旅馆服务员	bellhop
旅馆老板	host
旅鸫	robin
旅鼠	lemming
旋	screw
旋出	evolution
旋前的	prone
旋后的	supine
旋回	gyration
旋塞	faucet
旋尾降落	tailspin
旋床工人	spinner
旋开	unscrew
旋弄	twiddle
旋律	air
旋律优美	melodious
旋律优美的	melodious
旋律美妙	melodic, melodious
旋律美妙的	melodic, melodious
旋律配合	counterpoint
旋松	unscrew
旋流器	cyclone
旋涡	vortex
旋涡状	gyrate
旋涡状的	gyrate
旋筒	rotor
旋绕	convoluted, convolute
旋绕的	convoluted, convolute
旋转	turn
旋转式	revolving
旋转式机器	rotary
旋转式的	revolving
旋转炉	revolver
旋转物	gig, wheeler
旋转的	rotary, rolling
旋转的东西	twirl
旋转的人	rotator
旋转装置	rotator
旋转轴承	swivel
旋转运动	pivot
旋进	precession
旋钮	knob
旋风	tornado, whirlwind
族	family
族周期表	subgroup
族长	patriarchal, patriarch
族长的	patriarchal
族间仇杀	vendetta
旗	standard
旗子	flag
旗布	bunting
旗帜	banner
旗标	flag
旗竿	flagpole
旗舰	flagship, admiral
旗语	semaphore
旗鱼	sailfish
无	nothing
无一物	none
无上	consummate
无上权力	supremacy
无上的	consummate
无上装	shirtless
无上装的	shirtless
无与伦比	unbeatable, unapproachable
无与伦比的	unbeatable, unapproachable
无业游民	hobo, loafer
无个性	faceless
无个性的	faceless
无中介	unmediated
无中介的	unmediated
无为	inaction
无主	derelict
无主物	waif
无主的	derelict
无乳腺者	amazon
无争议的	uncontested
无争论余地	incontrovertible
无争论余地的	incontrovertible
无事	impunity
无事实证明	undocumented
无事实证明的	undocumented
无事自扰	fuss
无云	cloudless
无云的	cloudless
无产者	proletarian
无产阶级	proletariat, proletarian
无产阶级的	proletarian
无亲和力的	indifferent
无人	nobody
无人出席	unattended
无人出席的	unattended
无人居住	uninhabited, unpopulated
无人居住的	uninhabited, unpopulated
无人性	inhuman, inhumanity
无人性的	inhuman
无人情味	inhumane
无人情味的	inhumane
无人探险过的	uncharted
无人操纵	unmanned
无人操纵的	unmanned
无人格	impersonality
无人的	void, deserted
无人认领	unclaimed
无人认领的	unclaimed
无人领取	unclaimed
无人领取的	unclaimed
无代价的	gratuitous
无代表权的	unrepresented
无价	invaluable, priceless
无价值	worthless, vain
无价值之物	husk
无价值的	worthless, vain
无价值的东西	fig
无价的	invaluable, priceless
无伤大雅	innocuous
无伤大雅的	innocuous
无伤的	intact
无伪装	undisguised
无伪装的	undisguised
无伴侣	unaccompanied
无伴侣的	unaccompanied
无伴奏	unaccompanied
无伴奏的	unaccompanied
无伴随	unaccompanied
无伴随的	unaccompanied
无作用	neutrality, inaction
无作用的	indifferent, inert
无例外	anytime
无例外地	anytime
无侍从	unattended
无侍从的	unattended
无依无靠	helpless
无依无靠的	helpless
无保护	naked
无保护的	naked
无保留	uncensored
无保留的	unconditional, uncensored
无保证	unwarranted, warrantless
无保证的	unwarranted, warrantless
无保障	insecurity
无信	faithless
无信仰	infidelity, infidel
无信仰的	infidel
无信仰者	infidel
无信用	discredit
无信的	faithless
无修养的	undisciplined
无偏见	objective
无偏见的	objective
无停顿	seamlessly
无停顿地	seamlessly
无偿	gratuitously
无偿地	gratuitously
无儿女	childless
无儿女的	childless
无光泽	mat, matt
无光泽的	mat, matt
无光泽面	frosting
无光粗糙层	matte
无光表面	matting
无党派	unaffiliated
无党派者	independent
无关	irrespective, extraneous
无关地	tangentially
无关的	irrelevant, irrespective
无关系	irrelevant
无关系的	irrelevant
无关紧要	insignificant
无关紧要的	insignificant
无关节的	inarticulate
无兴趣	indifference, apathy
无典型特征	uncharacteristic
无典型特征的	uncharacteristic
无养主	homeless
无养主的	homeless
无内容	meatless
无内容的	meatless
无决心	unresolved
无决心的	unresolved
无决断力	unresolved
无决断力的	unresolved
无准备	unprepared, offhand
无准备的	unprepared, offhand
无凝聚性	incoherence
无出产	unproductive
无出产的	unproductive
无判断力	disoriented
无判断力的	disoriented
无利可图	nonprofit
无利可图的	nonprofit
无利害关系	uninterested
无利害关系的	uninterested
无利益	unprofitable
无利益的	unprofitable
无前例的	unprecedented
无力	disability, flat
无力偿付	insolvency
无力偿还	insolvency, insolvent
无力偿还的	insolvent
无力偿还者	insolvent
无力地	feebly
无力地下垂	flag
无力气	lethargy
无力的	flat, pale
无动于衷	apathetic, impervious
无动于衷地	nonchalantly
无动于衷的	apathetic, impervious
无助	helpless, unaided
无助地	helplessly
无助的	helpless, unaided
无助的状态	helplessness
无勇气	heartless
无勇气的	heartless
无匹敌	unmatched
无匹敌的	unmatched
无印记	unimpressed
无印记的	unimpressed
无双	unparalleled, unrivalled
无双亲	orphan
无双亲的	orphan
无双的	unparalleled, unrivalled
无反对的	unopposed
无反应	unanswered, unsympathetic
无反应的	unanswered, unsympathetic
无变化	steadily, unchanged
无变化地	steadily
无变化的	unchanged, monotonous
无可争辩	undisputed, indisputably
无可争辩的	undisputed
无可匹敌	unrivalled, unrivaled
无可匹敌的	unrivalled, unrivaled
无可反驳的	unassailable
无可奈何	hopelessly
无可奈何地	hopelessly
无可奈何状态	helplessness
无可挑剔	spotless, unquestionable
无可挑剔的	spotless, unquestionable
无可疑的	unquestionable
无可置疑	indisputably
无可责难	blameless
无可责难的	blameless
无可非议	justifiably, unquestionably
无可非议地	justifiably
无叶	leafless
无叶的	leafless
无合法权利	untitled
无合法权利的	untitled
无名	anonymous
无名小卒	nobody
无名的	anonymous
无名骨	hipbone
无吸引力	unattractive
无吸引力的	unattractive
无味的	insipid
无咖啡因咖啡	decaf
无嗅	odorless
无嗅的	odorless
无器官的	unorganized
无国家主权的	stateless
无国籍的	stateless
无土地	landless
无土地的	landless
无声	silence, silent
无声地	soundlessly, noiselessly
无声的	silent
无声音	dumb
无声音的	dumb
无处	nowhere
无处不在	pervasiveness, pervasively
无处不在地	pervasively
无复层	unpainted
无复层的	unpainted
无头	headless
无头甘蓝类	kale
无头的	headless
无头脑	brainless
无头脑的	brainless
无头钉	sprig
无姓名地址	unaddressed
无姓名地址的	unaddressed
无委任令	noncommissioned
无委任令的	noncommissioned
无嫌疑	unsuspected
无嫌疑的	unsuspected
无子	fruitless
无子的	fruitless
无学问	unread
无学问的	unread
无宗教信仰者	pagan
无定型	unformed
无定型的	unformed
无定形	amorphous, formless
无定形的	amorphous, formless
无定期的	indeterminate
无定的	nomadic
无实体	insubstantial
无实体的	insubstantial
无实质	gaseous
无实质的	gaseous
无实际意义	moot
无实际意义的	moot
无害	innocuous, inoffensive
无害地	harmlessly
无害处	harmless
无害处的	harmless
无害的	innocuous, inoffensive
无家	homeless
无家可归	homelessness, outcast
无家可归的	outcast
无家可归者	waif
无家的	homeless
无对手的	unopposed
无尊严	undignified
无尊严的	undignified
无尽	endless, incessant
无尽的	endless, incessant
无尾夜常礼服	tux
无尾猿	ape
无尾礼服	tuxedo
无差别	indiscriminately, undifferentiated
无差别的	undifferentiated, indiscriminate
无差异	uniformity
无希望	hopeless
无希望的	hopeless
无带	strapless
无带的	strapless
无常	uncertain
无常的	uncertain
无底	abysmal, bottomless
无底的	abysmal, bottomless
无异议	unanimous, unanimity
无异议的	unanimous, undisputed
无弹力	inelastic
无弹力的	inelastic
无弹性	inelastic
无弹性的	inelastic
无形	invisible, intangible
无形物	intangibles
无形状	shapeless
无形状的	shapeless
无形的	invisible, intangible
无影无踪	vanished
无心	unintended, unintentional
无心的	unintended, unintentional
无忧无虑	careless, carefree
无忧无虑的	careless, carefree
无忧虑	untroubled
无忧虑的	untroubled
无怀疑的	unsuspecting
无怜悯之心	remorseless
无怜悯之心的	remorseless
无怜悯心	pitiless
无怜悯心的	pitiless
无思考能力	unthinking
无思考能力的	unthinking
无性	asexual, sexless
无性别	nonsexual, sexless
无性别的	nonsexual, sexless
无性动物	neuter
无性生殖	asexual
无性生殖的	asexual
无性的	asexual, sexless
无性系	clone
无性繁殖	cloned
无性芽	gemma
无恙	unharmed
无恙的	unharmed
无恶意	harmlessly
无恶意地	harmlessly
无恶意的	harmless
无恶意的戏谑	josh
无悔意	remorselessly
无悔意地	remorselessly
无患	impunity
无情	relentless, ruthless
无情地	ruthlessly, mercilessly
无情的	relentless, ruthless
无意中	unconsciously, unknowingly
无意中听到	overhear
无意义	insignificant, meaningless
无意义的	insignificant, meaningless
无意义的事	nonsense
无意之中	unintentionally
无意的	unaware, unintentional
无意识	unconscious, involuntary
无意识地	unconsciously, involuntarily
无意识的	unconscious, involuntary
无感情	impassive, apathy
无感情的	impassive
无感觉	senseless, stupor
无感觉的	senseless, impassive
无慈悲	brutality
无慈悲心	merciless
无慈悲心的	merciless
无懈可击	impeccable, airtight
无懈可击的	impeccable, airtight
无我	unselfish
无我的	unselfish
无所不在	ubiquitous, omnipresent
无所不在的	ubiquitous, omnipresent
无所不知	omniscient, omniscience
无所不知的	omniscient
无所不知者	omniscient
无所不能	omnipotent
无所不能的	omnipotent
无所事事	idle
无所寄托	rootless
无所寄托的	rootless
无才智	witless
无才智的	witless
无执照的	unlicensed
无执照营业者	interloper
无批判力	uncritical
无批判力的	uncritical
无技巧	awkwardly
无技巧地	awkwardly
无技能	unskilled
无技能的	unskilled
无报复的	unrequited
无报答	unrequited
无报答的	unrequited
无报酬	honorary, unrewarding
无报酬的	honorary, unrewarding
无抵抗	passivity
无担保	unsecured
无担保的	unsecured
无拘无束	unfettered
无拘无束的	unfettered
无拘束	abandon, freely
无拘束地	freely
无拘束的	unbridled, unrestrained
无指手套	muffler
无指望	uninspiring
无指望的	uninspiring
无挡板蓝球	netball
无损伤	noninvasive
无损伤的	noninvasive
无损害的	harmless
无掩护	unprotected
无掩护的	unprotected
无掩蔽	exposed
无掩蔽的	exposed
无掩饰	unvarnished, baldly
无掩饰地	baldly
无掩饰的	unvarnished
无搀杂	unadulterated
无搀杂的	unadulterated
无支持的	unsupported
无政府	anarchic
无政府主义	nihilism, anarchic
无政府主义的	anarchic, nihilistic
无政府主义者	anarchist
无政府状态	anarchy
无政府的	anarchic
无故障的	faultless
无效	useless, void
无效剂	placebo
无效力	null
无效力的	null, inefficient
无效审判	mistrial
无效性	unavailability
无效果	inconclusive
无效果的	inconclusive
无效率	inefficient, inefficiency
无效率的	inefficient
无效的	useless, void
无效的行为	nullity
无效能	powerless
无效能的	powerless
无效行为	nullity
无效证书	nullity
无敌	invincible, unrivalled
无敌的	invincible, unrivalled
无救	incurable
无救的	incurable
无救的人	incurable
无教养	philistine, illiberal
无教养的	philistine, illiberal
无数	million
无数地	infinitely
无数的	countless, myriad
无数的人	myriad
无斑点	immaculate, immaculately
无时间限制	timeless, timelessness
无时间限制的	timeless
无显著特点	generalized
无显著特点的	generalized
无暴力存在	nonviolence
无月亮的	moonless
无有	nil
无期徒刑犯	lifer
无期徒刑者	lifer
无期限	indefinitely, perpetual
无期限地	indefinitely
无期限的	perpetual
无机	inorganic
无机发光材料	phosphor
无机物	mineral
无机的	inorganic
无权	unauthorised, powerless
无权的	unauthorised, powerless
无条件	unconditional, unlimited
无条件地	unconditionally
无条件的	unconditional, unlimited
无条理	desultory, incoherently
无条理地	incoherently
无条理的	desultory
无标号的	unlabelled
无标志	unmarked
无标志的	unmarked
无标题	untitled
无标题的	untitled
无树木	treeless
无树木的	treeless
无树木的高原	wold
无核	seedless
无核小葡萄干	sultana
无核的	seedless
无根	rootless
无根据	groundless, baseless
无根据的	groundless, baseless
无根的	rootless
无格式	plain
无梦	dreamless
无梦的	dreamless
无檐小便帽	beanie
无止境	unending
无止境的	unending
无正式文件	undocumented
无正式文件的	undocumented
无正当理由	unprovoked
无正当理由的	unprovoked
无母	motherless
无母的	motherless
无毒	nontoxic
无毒的	nontoxic
无比	unparalleled, unmatched
无比的	unparalleled, unmatched
无毛	hairless
无毛的	hairless
无气	airless
无气式	airless
无污点	immaculate
无污点的	immaculate
无法了解	unintelligible
无法了解的	unintelligible
无法争辩的	unanswerable
无法仿效	inimitable
无法仿效的	inimitable
无法停止	unstoppable
无法停止的	unstoppable
无法反驳的	cogent
无法发现	undetectable
无法发现的	undetectable
无法回答	unanswerable
无法回答的	unanswerable
无法安慰	inconsolable
无法安慰的	inconsolable
无法容忍	unbearably
无法容忍地	unbearably
无法弥补的	irreplaceable
无法形容	ineffable, unspeakable
无法形容地	unspeakably
无法形容的	ineffable, unspeakable
无法忍受	unbearable, intolerable
无法忍受的	unbearable, intolerable
无法抵抗	overwhelming, overpowering
无法抵抗地	irresistibly
无法抵抗的	overwhelming, overpowering
无法挽救的	irretrievable
无法挽救的人	goner
无法接受	unacceptable
无法接受的	unacceptable
无法控制	uncontrollable, uncontrollably
无法控制地	uncontrollably
无法控制的	uncontrollable
无法摆脱	obsessed, inextricably
无法摆脱地	inextricably
无法摆脱的	obsessed, addicted
无法支撑	unsustainable
无法支撑的	unsustainable
无法攻取	impregnable
无法攻取的	impregnable
无法无天	unruly
无法无天的	unruly
无法脱身	marooned
无法脱身的	marooned
无法规避的	inevitable
无法觉察	undetectable
无法觉察的	undetectable
无法解决	inextricable
无法解决的	inextricable
无法解释	unaccountable, indecipherable
无法解释的	unaccountable, indecipherable
无法计数	incalculable
无法计数的	incalculable
无法记忆的	immemorial
无法识别	unrecognisable, unidentifiable
无法识别的	unrecognisable, unidentifiable
无法辨认	unidentifiable
无法辨认的	unidentifiable
无法辩解	warrantless
无法辩解的	warrantless
无法追忆	immemorial
无法追忆的	immemorial
无法追溯的	immemorial
无法逃避	ineluctable
无法逃避之事	inevitability
无法逃避的	ineluctable
无法鉴定	unidentifiable
无法鉴定的	unidentifiable
无活力	inert, anemia
无活力的	inert, anemic
无活可干	joblessness
无浪漫色彩	unglamorous
无浪漫色彩的	unglamorous
无深虑	thoughtless
无深虑的	thoughtless
无灯光	unlit
无灯光的	unlit
无灵感	uninspired
无灵感的	uninspired
无烟	smokeless
无烟的	smokeless
无热光	luminescence
无爱国心	unpatriotic
无爱国心的	unpatriotic
无爱情	loveless
无爱情的	loveless
无父	fatherless
无父的	fatherless
无牙的	toothless
无特定结构	unstructured
无特定结构的	unstructured
无特色	anonymous
无特色的	anonymous
无理性	irrational, brute
无理性地	irrationally
无理性的	irrational, brute
无理数	irrational
无理由	gratuitous, groundless
无理由的	gratuitous, groundless
无理缠讼	vexatious
无理缠讼的	vexatious
无瑕	flawlessly
无瑕地	flawlessly
无瑕疵	perfectly, stainless
无瑕疵地	perfectly
无瑕疵的	stainless, unblemished
无生命	lifeless
无生命的	lifeless, inanimate
无生机的	inanimate
无生气	lackluster, lethargic
无生气的	lackluster, lethargic
无生物	inorganic
无生物的	inorganic
无用	useless, futile
无用人员	deadwood
无用信息	garbage
无用地	needlessly, uselessly
无用数据	gibber
无用物	dud
无用状态	sterilization
无用的	useless, futile
无用的家伙	turkey
无电抗	nonreactive
无电抗的	nonreactive
无界限	limitless
无界限的	limitless
无畏	intrepid, fearless
无畏地	fearlessly
无畏的	intrepid, fearless
无疑	sure, undoubtedly
无疑地	sure
无疑的	certain, doubtless
无疑虑	unsuspecting
无疑虑的	unsuspecting
无疑问	unquestionable
无疑问的	unquestionable, undisputed
无疵	soundness
无症状	asymptomatic
无症状的	silent, asymptomatic
无痛	painless, indolent
无痛的	painless, indolent
无痛苦	painlessly
无痛苦地	painlessly
无皮	skinless
无皮的	skinless
无益	frustrate, useless
无益地	uselessly, vainly
无益的	frustrate, useless
无监督的	unsupervised
无目	randomly
无目标	broadside, aimlessly
无目标地	broadside, aimlessly
无目的	randomly, aimless
无目的的	aimless
无睾者	eunuch
无知	ignorance, innocent
无知的	innocent
无知觉	unconscious
无知觉的	unconscious
无知识	ignorant
无知识的	ignorant
无礼	insult, savage
无礼地	rudely, unceremoniously
无礼的	savage, disrespectful
无礼的人	offender
无礼貌	broadly
无礼貌地	broadly
无神论	atheism, atheistic
无神论的	atheistic
无神论者	atheist
无神论者的	godless, atheistic
无私	impartially, impartiality
无私地	impartially
无私心	altruistic
无私心的	altruistic
无私欲	disinterested
无私欲的	disinterested
无私的	selfless
无秩序	confusion, chaotic
无秩序的	chaotic, disorderly
无称号	untitled
无称号的	untitled
无稽的	unfounded
无穷	infinite
无穷尽	endless, endlessly
无穷尽地	endlessly, unfailingly
无穷尽的	endless
无穷的	infinite
无空气	airless
无空气的	airless
无空闲	occupied
无空闲的	occupied
无空隙	seamlessly
无空隙地	seamlessly
无窗	windowless
无窗的	windowless
无竞争	uncontested
无竞争力	uncompetitive
无竞争力的	uncompetitive
无竞争的	uncontested
无端的	endless
无端的恐惧	bugaboo
无符号的	unsigned
无类别	unclassified
无类别的	unclassified
无精打采	inanimate, listless
无精打采之人	vegetable
无精打采地	listlessly
无精打采的	inanimate, listless
无精神	lassitude
无紧张	laxity
无约束	abandoned
无约束的	abandoned
无纪律	indiscipline
无线	wireless
无线电	radio
无线电定位器	locator
无线电报	radio
无线电探测器	radar
无线电收发机	transceiver
无线电的	wireless
无线电通讯	telecommunication
无线的	wireless
无组织	amorphous, disorganized
无组织的	amorphous, disorganized
无经验	young
无经验的	young
无经验的人	fledgling, greenhorn
无结构的	unorganized
无结果	ineffectiveness
无结果的	inconclusive
无绳索	cordless
无绳索的	cordless
无缘无故	gratuitously
无缘无故地	gratuitously
无缘无故的	unprovoked
无缘由	illogical
无缘由的	illogical
无缝	seamless
无缝合线	seamless
无缝合线的	seamless
无缝的	seamless
无缰辔	unbridled
无缰辔的	unbridled
无缺点	immaculate, spotless
无缺点的	immaculate, spotless
无罪	innocent, innocence
无罪地	innocently
无罪开释	acquittal
无罪的	innocent
无罪的人	innocence
无罪释放	acquit
无羞耻心	unashamed
无羞耻心的	unashamed
无羞耻的	unashamed
无羽毛的	callow
无耻	infamous
无耻的	infamous
无聊	bored, boring
无聊地	wearily, foolishly
无聊的	bored, boring
无职业	jobless
无职业的	jobless
无肉	meatless
无肉的	meatless
无肢	amelia
无胆量	gutless
无胆量的	gutless
无背带	strapless
无背带的	strapless
无能	disability, inability
无能为力	helpless, helplessly
无能为力地	helplessly
无能为力的	helpless
无能力	incapable, incompetent
无能力的	unable, incapable
无能力者	incompetent
无能的	inefficient, feckless
无能的人	wimp
无能者	eunuch
无脊椎	invertebrate, spineless
无脊椎动物	invertebrate
无脊椎的	invertebrate, spineless
无脏污	spotless
无脏污的	spotless
无脚印	untracked
无脚印的	untracked
无自信	diffident, diffidence
无自信的	diffident
无色	neutral, colourless
无色的	neutral, colourless
无节制	incontinence, orgy
无节制的	incontinent, wanton
无节律	arrhythmia
无花果	fig
无药可救	incorrigible
无药可救的	incorrigible
无菌	sterile
无菌的	sterile
无虑	secure
无虑的	secure
无血的	bloodless
无血色	wan, bloodless
无血色的	wan, bloodless
无补偿的	uncompensated
无表情	expressionless, impassively
无表情地	vacantly
无表情的	expressionless
无表情的脸	deadpan
无袖	sleeveless
无袖的	sleeveless
无裂纹的	flawless
无裂缝的	flawless
无装饰	naked, nude
无装饰的	naked, nude
无规则分布	randomization
无规律	anarchic
无规律的	anarchic
无视	override, trample
无角的动物	pollard
无言	reticent, reticence
无言地	mutely, dumbly
无言的	reticent, wordless
无计划	haphazard, unplanned
无计划的	haphazard, unplanned
无计谋	shiftless
无计谋的	shiftless
无记号	unmarked
无记号的	unmarked
无记录	anonymous
无论什么	whatever
无论何处	anywhere
无论何时	if
无论哪里	wherever
无论如何	however, anyway
无论谁	whoever
无论那一个	whichever
无诚意	insincere
无诚意的	insincere
无说服力	weakest
无说服力的	weakest
无责任	irresponsibility, unaccountable
无责任地	unaccountably
无责任的	unaccountable
无资格	incompetent, unqualified
无资格的	unable, incompetent
无赖	rascal, ruffian
无赞助的	unsupported
无趣	dull, boring
无趣味	lifeless, uninteresting
无趣味的	lifeless, uninteresting
无趣的	dull, boring
无足轻重	worthless, nonsignificant
无足轻重的	worthless, nonsignificant
无足轻重的人	lightweight, slag
无路	roadless
无路径	untracked
无路径的	untracked
无路的	roadless
无载	idling
无辜	harmless
无辜的	harmless
无辩护余地	indefensible
无辩护余地的	indefensible
无边	immense
无边便帽	skullcap
无边无际	boundless
无边无际的	boundless
无边的	immense
无过失	blameless, unerring
无过失的	blameless, unerring
无适应性	inelastic
无适应性的	inelastic
无道德原则	unscrupulous
无道德原则的	unscrupulous
无道理	meaninglessness
无遗嘱的死亡	intestacy
无遮盖	uncovered
无遮盖的	uncovered
无遮蔽	bare
无遮蔽的	bare
无邪	naively, cherubic
无邪地	naively
无邪的	cherubic
无邪的行为	naivety
无酒	dry
无酒的	dry
无重力	microgravity
无重要性	indifferent
无重要性的	indifferent
无重量	weightless
无重量的	weightless
无鉴赏力	tasteless
无鉴赏力的	tasteless
无铅	unleaded
无铅的	unleaded
无错误的	unerring
无防备	defenseless
无防备的	defenseless
无防御	defenceless
无防御的	defenceless
无阶级	classless
无阶级的	classless
无阻的	unimpeded
无阻碍	expedite
无阻碍的	expedite
无限	huge, infinite
无限制	unrestricted, unconditional
无限制地	inordinately
无限制的	unrestricted, unconditional
无限力量	omnipotence
无限地	infinitely, immensely
无限大	infinity
无限大的数字	zillion
无限小	infinitesimal
无限小的	infinitesimal
无限的	huge, unlimited
无随员	unattended
无随员的	unattended
无隶属	unattached
无隶属的	unattached
无需争论的	undisputed
无面	faceless
无面的	faceless
无音节的	inarticulate
无顶	topless
无顶的	topless
无领导者	headless
无领导者的	headless
无风	windless
无风的	windless
无骨	boneless
无骨气	invertebrate
无骨气的	invertebrate
无骨气的人	invertebrate
无骨的	boneless
无魅力	unattractive
无魅力的	unattractive
无鼓舞作用	uninspiring
无鼓舞作用的	uninspiring
无齿	toothless
无齿的	toothless
既定	established, vested
既定的	established, vested
既得	vested
既得的	vested
既然	since
日	day, sun
日元	yen
日光	sun, sunlight
日光浴	sunbathe
日光浴室	sunroom, solarium
日光漂白	crofting
日光的	solar
日出	sunrise
日历	calendar
日发热	quotidian
日后的	ulterior
日场	matinee
日子	day
日常	daily, routine
日常使用的	informal
日常地	daily
日常工作	routine
日常工作事项	agenda
日常的	daily, routine
日常饮食	diet
日志	log
日托	daycare
日报	daily, journal
日晷	sundial, solarium
日暮	nightfall
日期	date
日本	nippon
日本丰田汽车	toyota
日本床垫	futon
日本建伍	kenwood
日本松下公司	panasonic
日本武士	ninja
日本豆面酱	miso
日炙	sunburn
日炙的	sunburned
日用品	commodity
日程表	calendar
日落	set
日规	sundial
日记	journal, diary
日记作者	diarist
日记簿	diary
日间	daytime
日间照管儿童	daycare
日食	eclipse
旧	old
旧式	outdated, antique
旧式的	outdated, antique
旧的	old
早	early, soon
早上	morning
早产	premature
早产儿	premature
早产儿保育器	incubator
早产的	premature
早产的动物	slink
早先	previous
早先的	previous
早午餐	brunch
早已	already
早强剂	accelerator
早晨	morning
早朝	levee
早期艺术家	primitive
早熟	early
早熟的	early
早熟禾熟植物	bluegrass
早的	early
早餐	breakfast
旱地	dryland
旱桥	overpass
旱谷	arroyo
旱金莲属植物	nasturtium
旱金莲花	nasturtium
时下	nowadays
时事传报	newsletter
时事信札	newsletter
时事剧	revue
时事通讯	newsletter
时事问题	topical
时事问题的	topical
时代	era
时代思潮	zeitgeist
时代精神	zeitgeist
时代错误	anachronistic, anachronism
时代错误的	anachronistic
时侯	time
时尚	style
时常	often, sometimes
时常发生	frequent
时常发生的	frequent
时常地	constantly
时常来访	frequent
时常的	constant
时态	tense
时报	times
时控	timed
时控的	timed
时期	period
时机	time
时机适宜	opportune
时机适宜的	opportune
时标	timescale
时样	fashion
时漏	hourglass
时节	season
时装设计师	stylist
时钟	clock
时钟开关	clockwork
时间	time
时间性	timeliness
时间测定	timing
时间的	time
时间表	schedule, timetable
时间表制定	scheduling
时间轴	timeline
时间过去	elapsed
时间选择	timing
时间量程	timescale
时间间隔	interval
时髦	modern, fashionable
时髦地	fashionably, stylishly
时髦的	modern, fashionable
时髦社交界	monde
旷学	truancy
旷工	absenteeism
旷职	absenteeism, delinquency
旷课	truancy, truant
旷课的	truant
旷课者	truant
旷野	moor
旺季前	preseason
旺季前的	preseason
旺盛	flower, flush
旺盛的	thriving, rushing
昂扬	lift
昂贵	dear, costly
昂贵地	dearly, expensively
昂贵的	dear, costly
昂首	perk
昂首阔步	prance
昆虫	insect
昆虫学	entomology
昆虫学家	entomologist
昆虫学者	entomologist
昌盛的	prosperous
明了	coherent
明了的	coherent
明亮	bright
明亮之星	lucifer
明亮地	bright
明亮的	bright
明信片	postcard
明喻	simile
明喻说法	simile
明天	tomorrow
明断	judiciously
明断地	judiciously
明斯克	minsk
明明白白	commonsense
明明白白的	commonsense
明星们	stardom
明星身分	stardom
明显	obvious, obviously
明显可知	palpably
明显地	obviously
明显的	obvious, visible
明晰	clarity, lucid
明晰的	lucid
明智	wise, sensible
明智地	intelligently
明智的	wise, sensible
明智而审慎	judiciously
明智而审慎地	judiciously
明智行为	wisdom
明暗交界部分	penumbra
明暗对照法	chiaroscuro
明暗法	shading
明暗界限	terminator
明朗	lucidity
明朗化	crystallization, crystallise
明朝	ming
明理	reasonable
明理的	reasonable
明白	obvious, plain
明白地	expressly, plainly
明白地说	articulate
明白的	obvious, plain
明矾	alum
明确	clear, express
明确叙述	formulate
明确地	specifically, positively
明确地叙述	enunciate
明确性	explicitness
明确无疑	definitely
明确无疑地	definitely
明确的	clear, express
明细表	list
明胶	gelatin, gelatine
明虾	prawn
明言	professed
明言的	professed
明轮翼	paddle
明轮船	paddler
昏乱	bewilderment
昏倒	faint
昏厥	faint
昏呆	stupor
昏头昏脑	infatuated
昏头昏脑的	infatuated
昏昏欲睡	drowsy
昏昏欲睡的	drowsy
昏晕	swoon
昏暗	obscure, somber
昏暗地	somberly
昏暗的	obscure, somber
昏沉	befuddled
昏沉的	befuddled
昏睡	comatose, lethargic
昏睡状态	trance, comatose
昏睡状态的	comatose
昏睡的	comatose, lethargic
昏聩	dote
昏迷	sleep, stun
昏迷的	comatose
易为人亲近	matey
易为人亲近的	matey
易于	tend, apt
易于催眠	hypnotic
易于催眠的	hypnotic
易于发生	incident
易于发生的	incident
易于操纵	handle
易于的	apt
易于连接	connective
易于连接的	connective
易传染	infectious, catching
易传染的	infectious, catching
易位	translocation
易信	credulity
易倒	ticklish
易倒的	ticklish
易兴奋	excitable, temperamental
易兴奋的	excitable, temperamental
易分裂	fissile
易分裂的	fissile
易办	manageable
易办的	manageable
易动激情	combustible
易动激情的	combustible
易发现	detectable
易发现的	detectable
易受伤	vulnerability
易受伤害	vulnerable
易受伤害的	vulnerable
易受伤部位	vulnerability
易受影响	vulnerable, susceptible
易受影响的	vulnerable, susceptible
易受感动	skinless
易受感动的	skinless
易受攻击	exposed
易受攻击的	exposed
易受责难	vulnerability
易受骗	gullible, credulous
易受骗之人	gull
易受骗的	gullible, credulous
易受骗的人	dupe
易变	variable, mobile
易变的	variable, mobile
易变的事物	variable
易吃饱	stodgy
易吃饱的	stodgy
易呕吐	squeamish
易呕吐的	squeamish
易坏	flimsy, brittle
易坏的	flimsy, brittle
易失的	volatile
易如反掌的事	doddle
易延伸过长	stretchy
易延伸过长的	stretchy
易弯	pliable, pliant
易弯曲	suppleness
易弯的	pliable, pliant
易忘	elusive, forgetful
易忘的	elusive, forgetful
易怒	passionate, irritable
易怒地	testily
易怒的	passionate, irritable
易怒的人	wasp
易怨恨	resentful
易怨恨的	resentful
易惊	skittish
易惊的	skittish
易感	sensitive
易感动	susceptible
易感动的	susceptible
易感应	responsive
易感应的	responsive
易感的	sensitive
易感知	sensitively
易感知地	sensitively
易损坏的东西	flimsy
易损性	vulnerability
易损的	vulnerable
易接近	accessible, accessibility
易接近的	accessible
易控制	manageable
易控制的	manageable
易操作的	handy
易旋转	voluble
易旋转的	voluble
易曲	flexible
易曲地	flexibly
易曲的	flexible
易染的	chromatic
易染色	chromatic
易染色的	chromatic
易毁灭	perishable
易毁灭的	perishable
易泄漏秘密	leaky
易泄漏秘密的	leaky
易消化	digestible
易消化的	digestible
易消灭的	evanescent
易激动	nervousness, nervy
易激动的	nervy
易燃	flammable, combustible
易燃物	combustible
易燃的	flammable, combustible
易爆发	explosive
易爆发的	explosive
易理解	intelligible
易理解的	intelligible
易生气	petulant
易生气的	petulant
易知	knowable
易知的	knowable
易碎	fragile, brittle
易碎性	fragility
易碎的	fragile, brittle
易管理	manageable
易管理的	manageable
易腐坏	perishable
易腐坏的	perishable
易腐坏的东西	perishable
易被击败的人	pushover
易被劝服的人	pushover
易裂	fissile
易裂的	fissile
易装癖	transvestite
易装癖的	transvestite
易装癖者	transvestite
易觉察	transparently
易觉察地	transparently
易记住	catchy
易记住的	catchy
易识别	legibility
易误	fallibility
易读	legible, readable
易读性	legibility
易读的	legible, readable
易货站	fort
易适应的	malleable
易错	fallible, fallibility
易错的	fallible
昔时	past
昙华属	canna
昙花一现	transitory
昙花一现的	transitory
星	star
星云	nebula, nebulous
星云状	nebulous
星云状态	nebulosity
星云状物	nebulosity
星云状的	nebulous
星云的	nebulous
星体	aster
星体的	astral
星光	starlight
星光照耀	starry
星光照耀的	starry
星占	horoscope
星号	asterisk
星号通配符	asterisk
星团	stardust
星座	constellation
星形	starry
星形物	star
星形的	starry
星形轮	spider
星暴	starburst
星期	week
星期三	midweek
星期三的	midweek
星状	asteroid
星状的	asteroid
星状绷法	stella
星球	stellar
星球的	stellar
星的	stellar
星系	universe, galaxy
星系间	intergalactic
星系间的	intergalactic
星罗棋布	dotted
星罗棋布的	dotted
星际	interstellar
星际的	interstellar
星鸦	nutcracker
映像	map, reflection
映光	illumination
映出	reflect, mirror
映射	map
映照	mirrored
映象	mapping
春分	equinox
春天	spring
春天的	spring
春季	springtime
春情发动期	puberty
春药	aphrodisiac
春风得意	beamish
春风得意的	beamish
春黄菊	chamomile
昨天	yesterday
昨晚一晚上	overnight
昭雪的	exculpatory
是	be
是否	if
是的	yeah
昵称	nickname
昼	day
昼夜平分点	equinox
昼现的	diurnal
昼间的	diurnal
显出	ray
显出不满	dissatisfied
显出不满的	dissatisfied
显出轮廓	silhouetted
显出轮廓的	silhouetted
显型	phenotype
显型的	phenotypic
显干净	spruce
显形	visualize
显影	developing
显影不足	underdevelopment
显影器	developer
显影液槽	dipper
显得	appear
显得大	bulk
显得新鲜	freshen
显得重要	bulk
显微图	micrograph
显微照片	microgram, micrograph
显微镜	microscope, microscopic
显微镜使用	microscopy
显微镜学	microscopy
显微镜检查	microscopy
显微镜的	microscopic
显性	dominance
显性的	dominant
显然	obvious, apparent
显然地	apparently, plain
显然的	obvious, apparent
显现	show
显目	glaringly
显目地	glaringly
显眼	conspicuous, boldly
显眼地	boldly
显眼的	conspicuous
显眼耀目	spiffy
显眼耀目的	spiffy
显示	show
显示优越感	patronizing
显示优越感的	patronizing
显示兴奋	excitatory, fizz
显示兴奋的	excitatory
显示内情	keyhole
显示内情的	keyhole
显示器	display
显示地图	marco
显示影像	silhouetted
显示影像的	silhouetted
显示数据	viewdata
显示有罪的	incriminating
显示的	displayed
显示轮廓	contour
显示轮廓的	contour
显而易见	obviously
显而易见地	obviously
显而易见的	noticeable
显著	notably, distinct
显著地	notably, remarkably
显著的	distinct, prominent
显要	personage, grande
显要的	grande
显要的席位	chair
显贵	patrician
显贵之人	grandee
显贵的	patrician
显赫	grand, eminent
显赫天牛	sawyer
显赫的	grand, eminent
显露	communicate, unveil
显露的	revealing
晃动	nod
晋升	promote
晋级	promotion
晒	sun
晒太阳	sun
晒干草	hay
晒得退色	sunburn
晒成棕褐色	tan
晒成褐色	tanning
晒斑	sunburn
晒热	torrid
晒热的	torrid
晒焦	sunburn
晒白	bleached
晒白的	bleached
晒衣绳	clothesline
晒黑	sunburn, suntan
晒黑的	sunburned
晕厥	swoon
晕状物	halo
晕眩	dizzy, qualm
晕眩的	dizzy, bewildered
晕船	nausea, seasick
晕船的	seasick
晕色的	iridescent
晕轮	halo
晚	late
晚上	night
晚上的	overnight
晚于	past
晚会	soiree
晚年	sunset
晚的	late
晚祷歌	placebo
晚钟	curfew
晚间	evening
晚霞	afterglow
晚餐	dinner, supper
晚饭时间	suppertime
晦气	whammy
晦涩	obscurity, obscurely
晦涩地	obscurely
晦涩难解	arcane
晦涩难解的	arcane
普列昂	prion
普利策	pulitzer
普利茅斯	plymouth
普勒斯顿	preston
普及	widespread
普及型	affordable
普及的	widespread, popular
普尔	poole
普救论	universalism
普朗克	planck
普罗透斯	protean
普罗透斯的	protean
普莱斯考特	prescott
普赛克	psyche
普适化	generalization
普适性	universality
普通	simple, ordinary
普通人	everyman
普通写法	longhand
普通存在	omnipresent
普通存在的	omnipresent
普通小饼	cooky
普通用费	overhead
普通的	simple, ordinary
普通的东西	commonplace
普遍	wide, generally
普遍化	generalization, generalisation
普遍地	generally
普遍存在	ubiquitous, ubiquity
普遍存在的	ubiquitous
普遍性	universality, generalizability
普遍特征	universalism
普遍的	wide, catholic
普里默斯炉	primus
普雷斯利	presley
普鲁士红	mummy
景色	picture, prospect
景观	sight
景观美化	landscaping
景象	spectacle
晴天	fine
晴天霹雳	thunderbolt, thunderclap
晴朗	fine
晴朗的	fine
晶亮如小珠	beady
晶亮如小珠的	beady
晶体管	transistor
晶洞	geode
晶洞状物	geode
晶浆	magma
晶片	wafer
晶石	spar
晶种	seeding
晶须	whisker
智力	mind, intelligence
智力上	mentally, intellectually
智力上迟钝	retarded
智力上迟钝的	retarded
智力爆发	brainstorming
智力的	intellectual
智囊	brainpower
智慧	wisdom
智慧的	palladian
智胜	outmaneuver, outflank
智能	intelligent
智能的	intelligent
智能终端	it
晾	air
暂住	shack
暂停	stay, pause
暂停的	suspended
暂存事物	temporality
暂定	provisional
暂定的	provisional
暂居	tabernacle
暂搁	abeyance
暂时	temporary, interim
暂时地	momentarily, tentatively
暂时居住	tent
暂时性	temporality
暂时的	temporary, interim
暂时解救	reprieve
暂时解雇	furlough
暂用假肢	pylon
暂缓	respite, reprieve
暂记	suspense
暂调	secondment
暂附肉体	tabernacle
暑热	hotly
暑热地	hotly
暖	warm
暖人心房	heartwarming
暖人心房的	heartwarming
暖和	warm, warming
暖和的	warm
暖和起来	warmed
暖手筒	muff
暖气管	flue
暖气装置	radiator
暖气设备	heating
暖热	warming
暖的	warm
暗	dark, darkness
暗下来	darken
暗中	surreptitious, clandestinely
暗中从事的	undercover
暗中地	clandestinely
暗中的	surreptitious, clandestine
暗中破坏	undermine
暗号	signal
暗地里	stealthily
暗地里破坏	undermine
暗堡	bunker
暗处	gloom
暗室	darkroom
暗房	darkroom
暗指	allude, allusion
暗指的	implied
暗斗	infighting
暗机关	gimmick
暗杀	assassination, assassinate
暗杀者	assassin
暗流	undercurrent
暗淡	gray, pale
暗淡地	wanly
暗淡的	pale, dim
暗的	dark
暗盒	cassette
暗礁	reef, ledge
暗示	imply, hint
暗示地	suggestively
暗示的	implicit
暗笑	snigger
暗红色	wine
暗色化	darkening
暗藏	lurk
暗褐色	dun
暗褐色的	dun
暗记	memorization
暗讽	innuendo, insinuation
暗黄色	buff
暗黄色的	buff
暗黄色皮革	buff
暗黑	shadowy
暗黑的	shadowy
暗黑色	dusky
暗黑色的	dusky
暧昧	vaguely, vagueness
暧昧地	vaguely
暧昧的	ambiguous
暮光	twilight
暴乱	violence, commotion
暴乱的	riotous, tempestuous
暴兵	filibuster
暴击	crit
暴利	cleanup
暴力	violence, violent
暴力的	violent
暴力行为	aggro
暴动	riot, outbreak
暴动的	mutinous
暴动者	rioter
暴发	outbreak
暴发户	mushroom, upstart
暴君	tyrant, tyrannical
暴君的	tyrannical
暴富	upstart
暴富的	upstart
暴徒	mob, mutineer
暴怒	frenzy, tantrum
暴政	tyranny, terrorism
暴民	mob
暴涨	jump
暴涨的	booming
暴烈	vehemently
暴烈地	vehemently
暴燃	conflagration
暴突	bug
暴落	nosedive
暴虐	violence, outrageous
暴虐的	outrageous, tyrannical
暴行	violence, outrage
暴跌	slump
暴跌的	collapsed
暴跳	rampage
暴躁	bile, explosive
暴躁地	irritably, testily
暴躁的	explosive, cranky
暴躁的人	hotspur
暴雨	cataract
暴雨水	stormwater
暴露	discover, exposure
暴露在风中	windswept
暴露在风中的	windswept
暴露的	revealing
暴风	hurricane, cyclone
暴风雨	storm
暴风雨的	stormy
暴风雪	snowstorm, blizzard
暴食	guzzle, gluttony
暴食者	glutton
曙光	twilight, aurora
曝光过度	overexposure
曝光量	exposure
曝气	aerate, aeration
曲	song
曲头钉	brad
曲子	melody
曲径	labyrinth
曲折	twist, crippling
曲折地	zigzag
曲折的	zigzag
曲折线条	zigzag
曲折行进	snake
曲柄	brace, crank
曲柄轴	crankshaft
曲棍球	hockey
曲率	curvature
曲笔	joker
曲线	curve
曲线图	graph
曲线球	curve
曲线的	curvilinear
曲线美	curvaceous, curvy
曲线美的	curvaceous, curvy
曲背	stooped
曲背的	stooped
曲膝	genuflect
曲解	stretch, torture
曲解的	garbled
曲调	melody, canto
曲轴	crankshaft
曳	traction
曳步	shuffle
曳绳钓鱼	troll
曳网	seine
更动	permutation
更努力	harder
更努力的	harder
更可取	preferable, preferably
更可取地	preferably
更可取的	preferable
更合意	preferable, preferably
更合意地	preferably
更合意的	preferable
更坏	worse
更坏地	worse
更坏的	worse
更坏的事	worse
更坚固	harder
更坚固的	harder
更多	more
更多的	further
更大	more
更大的	more
更夫	leatherhead, bellman
更好	preferable, preferably
更好地	preferably
更好的	preferable
更安全	safer
更恶劣	worse
更恶劣地	worse
更恶劣的	worse
更恶劣的事	worse
更换	change
更改	altered
更改结构	restructure
更新	update, renewal
更新的	reborn, regenerative
更深	deeper
更生	regenerative
更生的	regenerative
更简单	easier
更衣室	restroom, bathhouse
更进一步	further
更进一步地	further
更远	further
更远地	further
更远处	beyond
更远的	further
更重要	prior
更重要的	prior
更难	harder
更难的	harder
更高	escalating
曼	mann
曼努埃尔二世	manuel
曼博舞	mambo
曼博音乐	mambo
曼恩法案	mann
曼斯菲尔德	mansfield
曼森	manson
曼纽尔	manuel
曼维	manville
曼蒂	mandy
曼陀林	mandolin
曾经	ever, once
替人赎罪	satisfy
替人顶罪者	scapegoat
替代	supply
替代的	vicarious
替代者	surrogate
替换	replace, shift
替换入口	alias
替换物	refill
替班	relay
替罪羊	goat
替罪羔羊	scapegoat
替角	understudy
替身	scapegoat
最	most
最上	superlative
最上层	stratosphere
最上的	superlative
最上面	uppermost
最上面的	uppermost
最不利	worst
最不利的	worst
最东部	easternmost
最东部的	easternmost
最主要者	primary
最优	optimum
最优化	optimization
最优法	optimisation
最优的	optimum, optimal
最优秀	classic
最优秀的	classic
最低	minimum
最低声部	basso
最低点	nadir
最低的	minimum
最低程度	minimally
最低程度地	minimally
最低级的贵族	chevalier
最低纲领	minimalism
最低起运量	truckload
最低限度	marginal
最低限度地	minimally
最低限度的	marginal
最佳	only
最佳化	optimization
最佳效果	optimum
最佳的	only
最佳部分	prime
最初	original, prime
最初的	original, prime
最前线	forefront
最前部	forefront
最前面	upfront
最前面的	upfront
最北	northernmost
最北的	northernmost
最南	southernmost
最南的	southernmost
最厚处	thick
最后	last, finally
最后乐章	finale
最后决定的	peremptory
最后地	definitively
最后审判日	domesday
最后期限	deadline
最后的	last
最后结论	ultimatum
最后通牒	ultimatum
最后阶段	endgame
最坏	worst
最坏的	worst
最坏的时候	worst
最外面	outermost
最外面的	outermost
最多	most
最多的	most
最大	most
最大值	peak, maximum
最大值的	peak
最大化	maximize, maximisation
最大地	maximally
最大成功	jackpot
最大极限	maximum
最大极限的	maximum
最大的	maximum
最大的努力	damnedest
最大赌注	jackpot
最大量	maximum
最大限度	utmost
最好	best
最好地	best
最好的	best
最好的人	best
最密集处	thick
最小	least
最小值	minimum
最小化	minimize
最小的	least
最小限度	least
最小限度的	minimal
最少	least
最少的	least
最年长	eldest
最年长的	eldest
最年长者	eldest
最快	quickest
最快的	quickest
最快速	fastest
最快速的	fastest
最恶劣	worst
最恶劣的	worst
最接近	proximal
最接近的	proximal
最新	recent, fresh
最新地	fresh
最新式	newfangled
最新式的	newfangled
最新流行	newfangled
最新流行的	newfangled
最新的	recent
最显著的位置	foreground
最浓处	thick
最深处	innermost
最深处的	innermost
最理想	optimal
最理想的	optimal
最生草	fog
最短路线	shortcut
最糟	worst
最终	ultimately, net
最终的	net
最西	westernmost
最西的	westernmost
最近	new, last
最近的	new, last
最远	utmost
最远的	utmost
最远离中心	outermost
最远离中心的	outermost
最适宜	optimum
最适宜的	optimum
最适度下的	suboptimal
最适条件	optimum
最遥远	furthest
最遥远的	furthest
最重要	principal, foremost
最重要的	principal, foremost
最重量级	heavyweight
最重量级的	heavyweight
最长	longest
最长的	longest
最靠近	closest
最靠近的	closest
最高	top, peak
最高君主	overlord
最高地	maximally
最高声部	treble
最高声部的	treble
最高当局	paramount
最高权威	majesty
最高楼座	gallery
最高潮	apex
最高点	culmination, zenith
最高点的	meridian
最高的	top, peak
最高程度	superlative
最高级	summit
最高级会议	summit
最高级的	summit
最高阶层	summit
最高音部	soprano
最高领导人	supremo
月	month
月亏	waning
月亮	moon
月亮渐满	wax
月光	moon, moonlight
月光照耀	moonlit
月光照耀的	moonlit
月刊	monthly
月台	platform
月夜	moonlight
月夜的	moonlight
月季票乘客	commuter
月桂	bay
月桂树	laurel
月球	moon
月球表面	moonscape
月的	lunar
月的第十二日	twelfths
月经	menstrual, menstruation
月经前	premenstrual
月经前的	premenstrual
月经期间	menstruation
月经的	menstrual
月食	eclipse
有	have
有一天	someday
有一定结构	architecturally
有一定结构地	architecturally
有一点	kinda
有丈夫气	masculine
有丈夫气的	masculine
有三角斑纹	triangulate
有三角斑纹的	triangulate
有三边	trilateral
有三边的	trilateral
有不同	vary
有业余癖好者	hobbyist
有两极	bipolar
有两极的	bipolar
有两边	bilateral
有两边的	bilateral
有中风迹象	apoplectic
有中风迹象的	apoplectic
有主见	independent
有主见的	independent
有义务	liable, bound
有义务的	liable, bound
有乐曲	melodious
有乐曲的	melodious
有了	eureka
有争议	disputed
有争议的	disputed, argumentative
有事业心	enterprising
有事业心的	enterprising
有些刺耳	raggedy
有些刺耳的	raggedy
有些破	raggedy
有些破的	raggedy
有交情	conversant
有交情的	conversant
有交织字母	monogrammed
有交织字母的	monogrammed
有亲属关系	kin
有亲属关系的	kin
有人	someone, somebody
有人居住	inhabited
有人居住的	inhabited
有人形的	anthropomorphic
有人性	personal
有人性的	personal
有人情	humane
有人情的	humane
有人担保	guaranteed
有人担保的	guaranteed
有人操纵	manned
有人操纵的	manned
有人驾驶	manned
有人驾驶的	manned
有代销权的人	franchisee
有价值	valuable, worthy
有价值的	valuable, worthy
有份	participant
有份的	participant
有份量	weighty
有份量的	weighty
有优越感	condescending
有优越感的	condescending
有传导力	conductive
有传导力的	conductive
有传染性	infectious
有传染性的	infectious
有伤尊严	indignity
有体的	corporeal
有使用权	beneficially
有使用权地	beneficially
有使用权的	beneficial
有侵害	prejudicial
有侵害的	prejudicial
有保存力	conservatory, preservative
有保存力的	conservatory, preservative
有保留的	reticent
有保证	guaranteed
有保证的	guaranteed
有信心	confident
有信心的	confident
有修养	cultured
有修养的	cultured
有俸圣职	benefice
有倒刺	barbed
有倒刺的	barbed
有倾向	tendentious
有倾向的	tendentious
有偏见	biased, tendentious
有偏见的	biased, tendentious
有偷窃行为	stealing
有偷窃行为的	stealing
有偿付能力	solvent
有偿付能力的	solvent
有先见之明	provident, prescient
有先见之明的	provident, prescient
有光泽	shiny, glossy
有光泽的	shiny, glossy
有入场的资格	admissibility
有公民权的人	freeman
有共有权的人	commoner
有共用权的人	commoner
有关	about
有关农业的	rural
有关卡	gated
有关卡的	gated
有关处罚	penal
有关处罚的	penal
有关存在	existential
有关存在的	existential
有关居住的	residential
有关建筑	architectural
有关建筑的	architectural
有关教会的事	spiritual
有关教育	educationally
有关教育地	educationally
有关环境方面	environmentally
有关电	electrical
有关电地	electrically
有关电的	electrical
有关的	concerned
有关系	matter
有关系的	relevant, relative
有关联	relevant
有关联的	relevant
有关营养	trophic
有关营养的	trophic
有关连	affiliated
有关连的	affiliated
有兴奋作用	cordial
有兴奋作用的	cordial
有内容	substantial
有内容的	substantial
有内衬	lined
有内衬的	lined
有冠毛	crested
有冠毛的	crested
有决定权的	discretion
有几分	kinda
有凹槽	fluted
有凹槽的	fluted
有凹痕	pitted
有凹痕的	pitted
有分寸	decent
有分寸的	decent
有分歧	divergent
有分歧的	divergent
有刚毛	bristly
有刚毛的	bristly
有创意	original
有创意的	original
有创造力	creative
有创造力地	creatively
有创造力的	creative
有利	favorable, favored
有利于	avail
有利可图	attractiveness
有利地	profitably, favourably
有利害关系的	interested
有利情况	vantage
有利润	profitable
有利润的	profitable
有利的	favorable, favored
有利益	lucrative, profitable
有利益的	lucrative, profitable
有制定权	constitutive
有制定权的	constitutive
有刺激性	tangy, stimulating
有刺激性的	tangy, stimulating
有刻度的	graduated
有前提	conditional
有前提的	conditional
有前途	promise, prospect
有前途之人	hopeful
有力	strong, powerful
有力地	strong, effectively
有力的	powerful, effective
有力量	gutsy
有力量的	gutsy
有功	deserving
有功的	meritorious, deserving
有功绩	meritorious
有功绩的	meritorious
有功能	functionally
有动力装置	powered
有动力装置的	powered
有动机	motivated
有动机的	motivated
有助	helpfulness
有助于	advantage, contribute
有助于保存	preservative
有助于保存的	preservative
有助于形成	formative
有助于形成的	formative
有助于诊断	diagnostic
有助于诊断的	diagnostic
有助消化	peptic
有助消化的	peptic
有势力	influential, mighty
有势力的	influential, mighty
有势力的人	mighty
有勇无谋	foolhardy
有勇无谋的	foolhardy
有勇气	gutsy, nervy
有勇气的	gutsy, nervy
有包装	wrapped
有包装的	wrapped
有区别	distinguishing
有区别的	distinguishing
有历史性	historic
有历史性的	historic
有压缩力	compressive
有压缩力的	compressive
有原则	principled
有原则的	principled
有原因	causally
有原因地	causally
有口才	eloquent
有口才的	eloquent
有可塑性	plastic
有可塑性的	plastic
有可能	likely
有可能的	likely
有叶脉	veined
有叶脉的	veined
有同情心	feeling
有同情心地	compassionately
有同情心的	feeling
有名	renowned, celebrated
有名无实	nominal, nominally
有名无实地	nominally
有名无实的	nominal
有名望	importantly
有名望地	importantly
有名的	renowned, celebrated
有向导	guided
有向导的	guided
有含义	significant
有含义的	significant
有含蓄	loaded
有含蓄的	loaded
有启发	improving
有启发作用	enlightening
有启发作用的	enlightening
有启发性	illuminating
有启发性的	illuminating
有启发的	improving
有吸引力	attract, magnetic
有吸引力之人	magnet
有吸引力之物	magnet
有吸引力地	engagingly, magnetically
有吸引力的	attractive, magnetic
有味道	smack, relish
有嗅觉	scented
有嗅觉的	scented
有回廊	cloistered
有回廊的	cloistered
有困难	inconvenient
有困难的	inconvenient
有固定利息的	funded
有图纸牌	tarot
有图邮票	pictorial
有圆齿的	scalloped
有圈	looped
有圈的	looped
有地位	important
有地位的	important
有地方色彩	localism
有城墙	walled
有城墙的	walled
有基础	grounded
有基础的	grounded
有声	vocal
有声望	reputable
有声望的	reputable
有声电影	talkie
有声的	vocal
有声誉	renowned
有声誉的	renowned
有壳	husky
有壳的	husky
有外壳	crusted
有外壳的	crusted
有多种声音	polyphonic
有多种声音的	polyphonic
有多种用途	utility
有多种用途的	utility
有大蒜气味	garlicky
有大蒜气味的	garlicky
有天才	gifted
有天才的	gifted
有头衔	titled
有头衔的	titled
有女子气质	womanly
有女子气质的	womanly
有好感	cotton
有威严	lordly, matronly
有威严的	lordly, matronly
有嫌疑	suspected
有嫌疑的	suspected
有孔	perforate
有孔性	porosity
有孔的	perforate
有孕的	pregnant
有学问	read
有学问的	read
有官衔的	titled
有定义	defined
有定义的	defined
有宝石	jeweled, jewelled
有宝石的	jeweled, jewelled
有实体	tangible
有实体的	tangible
有实质	substantive
有实质的	substantive
有害	ill, harmful
有害之物	pest
有害地	ill
有害的	harmful, evil
有家具	furnished
有家具的	furnished
有射线	radiate
有射线的	radiate
有尊严	dignified
有尊严的	dignified
有小圆块	knobbly
有小圆块的	knobbly
有小室	chambered
有小室的	chambered
有尖端	peaked
有尖端的	peaked
有尖角	angular
有尖角的	angular
有尖顶	pointed
有尖顶的	pointed
有层理的	superimposed
有屋顶	covered
有屋顶的	covered
有山形墙	gabled
有山形墙的	gabled
有差别	variant, discriminatory
有差别的	variant, discriminatory
有差异	discrepant
有差异的	discrepant
有希望	promising, hopeful
有希望之人	hopeful
有希望地	hopefully
有希望的	promising, hopeful
有带子	banded
有带子的	banded
有帮助	helpful, assistant
有帮助的	helpful, assistant
有常识	commonsense
有常识的	commonsense
有帽舌	peaked
有帽舌的	peaked
有平台	terraced
有平台的	terraced
有序化	ordering
有延展性	malleable
有延展性的	malleable
有异	differing
有异议	contentious
有异议的	contentious
有弦	stringed
有弦的	stringed
有弱点	vulnerable
有弱点的	vulnerable
有弹力	resilience, resilient
有弹力的	resilient, rubbery
有弹性	elastic
有弹性的	elastic
有强烈盐味	tangy
有强烈盐味的	tangy
有形	corporeal
有形的	corporeal
有形资产	tangible
有影	shadowy
有影响	influential
有影响力的	weighty
有影响的	influential
有影响的要人	heavyweight
有影的	shadowy
有待证实	hypothetical
有待证实的	hypothetical
有微毛	fuzzy
有微毛的	fuzzy
有微风	breezy
有微风的	breezy
有心	minded
有心的	minded
有必要	need
有志气	aspiring
有志气的	aspiring
有思想的人	modern
有性交能力的	potent
有性感	sexy
有性感的	sexy
有恶意	malignant, malevolent
有恶意的	malignant, malevolent
有悖常情	perverse
有悖常情的	perverse
有愁容	cloudy
有愁容的	cloudy
有意	intentionally, willful
有意义	mean
有意图的	purposeful
有意地	intentionally
有意救人	salvific
有意救人的	salvific
有意的	willful, intentional
有意识	conscious
有意识地	consciously
有意识的	conscious
有意轻描淡写	understate
有感染力	appealing
有感染力的	appealing
有感觉	feeling, sensible
有感觉力	sentient
有感觉力的	sentient
有感觉的	feeling, sensible
有成就	successfully
有成果	productively
有成果地	productively
有戒心	cagey
有戒心的	cagey
有所指	referential
有所指的	referential
有才华的诗人	swan
有才干的人	talent
有才气	brilliant
有才气的	brilliant
有才能	talented, ingeniously
有才能地	ingeniously
有才能的	talented
有扣	buckled
有扣的	buckled
有扶手	armed
有扶手的	armed
有技巧	workmanlike
有技巧的	workmanlike
有技能的	skilled
有把握	positive, confident
有把握的	positive, confident
有把的大罐	pitcher
有抒情味	lyrical
有抒情味的	lyrical
有折射力	refractive
有折射力的	refractive
有折痕	creased
有折痕的	creased
有护墙板	panelled
有护墙板的	panelled
有报仇心	vindictive
有报仇心的	vindictive
有报导价值	newsworthy
有报导价值的	newsworthy
有报酬	rewarding
有报酬的	rewarding
有抱负	aspiring
有抱负的	aspiring
有担保	secured, bonded
有担保的	secured, bonded
有拘束的	obligatory
有拱廊的街道	arcade
有拱顶	vaulted
有拱顶的	vaulted
有指导	guided
有指导的	guided
有指望	promise
有损人格	demeaning
有损人格的	demeaning
有损害的	prejudicial
有推动力	impulsively
有推动力地	impulsively
有推进力	propulsive
有推进力的	propulsive
有支架	standoff
有支架的	standoff
有收养关系	adoptive
有收养关系的	adoptive
有收集癖	magpie
有收集癖的	magpie
有改革能力	transformative
有改革能力的	transformative
有放大能力	magnify
有放射能	radioactive
有放射能的	radioactive
有效	hold, available
有效地	effectively
有效地利用	economize
有效性	availability, validity
有效率	efficient
有效率的	efficient
有效用	utilitarian
有效用的	utilitarian
有效的	available, effective
有效等	vindicated
有效验	validly
有效验地	validly
有敌意	inimical, maliciously
有敌意地	maliciously
有敌意的	inimical
有教养	fair, educated
有教养地	fair
有教养的	educated, genteel
有教养的人	patrician
有教化	humanize
有教育意义	improving
有教育意义的	improving
有文化者	scholar
有斑点	speckled, spotty
有斑点的	speckled, spotty
有斑点的东西	speck
有斑纹	striped, dapple
有斑纹的	striped, dapple
有斜面	beveled
有斜面的	beveled
有方法	methodical, methodically
有方法地	methodically
有方法的	methodical
有旁注	marginal
有旁注的	marginal
有旋律	melodic
有旋律的	melodic
有日期	dated
有日期的	dated
有时	sometimes
有时候	occasionally
有晒斑	sunburned
有晒斑的	sunburned
有暴风雨	tempestuous
有暴风雨的	tempestuous
有月光	moonlight
有月光的	moonlight
有月经	menstruate
有服从义务的	amenable
有机	organic
有机体	organism
有机动性	maneuverable
有机动性的	maneuverable
有机化	organize, organise
有机性	organically
有机性地	organically
有机玻璃	perspex, plexiglass
有机的	organic
有杀人癖好的	homicidal
有权力	powerful
有权力的	powerful
有权势的人	mogul
有权威	magisterial
有权威的	magisterial
有权审理的	cognizant
有权的	competent
有权的人	potentate
有权谋的人	diplomat
有条件	conditional, conditionally
有条件地	conditionally
有条件的	conditional, qualified
有条理	tidy, systematically
有条理地	systematically
有条理的	tidy, businesslike
有条纹	streaky
有条纹的	streaky
有松紧性	elasticated
有松紧性的	elasticated
有构架	framed
有构架的	framed
有果味	fruity
有果味的	fruity
有柄大杯	mug
有某种味道	taste
有某种形状	shaped
有某种形状的	shaped
有某种的倾向	tend
有标准组件	modular
有标准组件的	modular
有标签	labeled
有标签的	labeled
有核	stoned
有核的	stoned
有根	rooted
有根据	validly
有根据地	validly
有根的	rooted
有格子	grilled
有格子图案	checked
有格子图案的	checked
有格子的	grilled
有格子花	chequered, checkered
有格子花的	chequered, checkered
有格栅	grated
有格栅的	grated
有梁	beamed
有梁的	beamed
有梦想	dreaming
有梦想的	dreaming
有森林的陡谷	dene
有棱纹	ribbed
有棱纹的	ribbed
有椎骨	vertebrate
有椎骨的	vertebrate
有欣赏力	appreciative
有欣赏力的	appreciative
有正负之分	signed
有正负之分的	signed
有毅力	patiently
有毅力地	patiently
有毒	toxic, poisonous
有毒力的	virulent
有毒瘾者	junkie
有毒的	toxic, poisonous
有毛发	haired
有毛发的	haired
有毛病	amiss
有毛病的	amiss
有毛的	pubescent
有民间风味	folksy
有民间风味的	folksy
有气力	forcible
有气力的	forcible
有气孔	porous
有气孔的	porous
有气派	lordly
有气派地	lordly
有气胎	pneumatic
有气胎的	pneumatic
有氧运动法	aerobics
有污点	spotty
有污点的	spotty
有法律效力	valid
有法律效力的	valid
有泡	frothy
有泡的	frothy
有波浪	wavy
有波浪的	wavy
有注释	annotated
有注释的	annotated
有活力	activate, dynamic
有活力的	dynamic, viable
有浪漫思想	romanticize
有浮力	buoyant
有浮力的	buoyant
有深刻见解	insightful
有深刻见解的	insightful
有清偿能力	solvency
有渗透性	permeable
有渗透性的	permeable
有溶解力	solvent
有溶解力的	solvent
有漏洞	leaky
有漏洞的	leaky
有潜力	potential
有潜力的	potential
有灵感	inspired
有灵感的	inspired
有炉格	grated
有炉格的	grated
有点	dotted
有点下流	risque
有点下流的	risque
有点小	smallish
有点小的	smallish
有点方	squarish
有点方的	squarish
有点的	dotted
有烟火药	gunpowder
有爱国心	patriotic
有爱国心的	patriotic
有爵位的	titled
有版权	copyrighted
有版权的	copyrighted
有特别恩典	privileged
有特别恩典的	privileged
有特定主题	themed
有特定主题的	themed
有特权	privileged
有特权的	privileged
有特殊光效	process
有特殊光效的	process
有特色	distinctive, characteristic
有特色的	distinctive, characteristic
有环	ringed
有环的	ringed
有理	justifiable
有理化	rationalization
有理性	thinking
有理性的	thinking
有理数	rational
有理的	justifiable
有理解力	comprehensive
有理解力的	comprehensive
有瑕疵	flawed
有瑕疵的	flawed
有生产价值	productive
有生产价值的	productive
有生力量	effective
有生命	animate
有生命危险	endangered
有生命危险的	endangered
有生命的	animate, organic
有生机的	viable
有生殖力	prolific
有生殖力的	prolific
有生气	animate
有生气的	animate
有生理缺陷的	handicapped
有用	help, useful
有用之物	utility
有用地	helpfully, usefully
有用性	usefulness
有用物	servant
有用的	useful
有用的物品	commodity
有田地	landed
有田地的	landed
有男性征	virility
有男性征的	virile
有界限	bounded
有界限的	bounded
有疑问的	doubtful
有疗效	curative
有疗效的	curative
有疤痕	scarred
有疤痕的	scarred
有病	sick, invalid
有病的	sick, invalid
有痘疮	pockmarked
有痘疮的	pockmarked
有皱纹	wrinkled, creased
有皱纹的	wrinkled, creased
有益	profit, useful
有益于	benefit, profit
有益于健康	therapeutic
有益于健康的	therapeutic
有益健康	healthy
有益健康的	healthy
有益地	profitably, helpfully
有益的	useful, helpful
有益的东西	asset
有盐分	salty
有盐分的	salty
有盐味	brackish
有盐味的	brackish
有监督	supervised
有监督的	supervised
有盖大汤锅	marmite
有盖货车	boxcar
有目的	purposeful, purposefully
有目的地	purposefully
有目的的	purposeful, purposive
有相互关系	correlative
有相互关系的	correlative
有真实价值	worthwhile
有真实价值的	worthwhile
有眼	eyed
有眼力	discerning
有眼力的	discerning
有眼力的人	visionary
有眼的	eyed
有知觉	feel
有知觉力	perceptive
有知觉力的	perceptive
有知觉的	perceptual
有知觉的人	sentient
有知识	knowledgeable, enlightened
有知识的	knowledgeable, enlightened
有知识者	intellectual
有砂砾	gritty
有砂砾的	gritty
有研磨作用	abrasive
有研磨作用的	abrasive
有硬皮	crusty
有硬皮的	crusty
有确实根据	valid
有确实根据的	valid
有碍健康	unsanitary
有碍健康的	unsanitary
有碎石花纹	pebbly
有碎石花纹的	pebbly
有磁力	magnetically
有磁力地	magnetically
有磁性	magnetic
有磁性的	magnetic
有礼	civilized
有礼的	civilized
有礼貌	civil, polite
有礼貌地	politely, courteously
有礼貌的	civil, polite
有社会地位	respectability
有秩序	regular, orderly
有秩序的	regular, orderly
有穗	spiked
有穗的	spiked
有穷	finite
有穷的	finite
有空隙	interstitial
有空隙的	interstitial
有穿堂风	drafty
有穿堂风的	drafty
有立法权	legislative
有立法权的	legislative
有竞争力	competitively
有竞争力地	competitively
有笑靥	dimpled
有笑靥的	dimpled
有符号	signed
有符号的	signed
有篷顶的大车	caravan
有簇饰	tufted
有簇饰的	tufted
有粘性	sticky, toughness
有粘性的	sticky
有精力	pushing
有精力的	pushing
有精神	refreshing, spunky
有精神地	refreshingly
有精神的	refreshing, spunky
有系统	systematic, systematically
有系统地	systematically, methodically
有系统的	systematic
有索引	indexed
有索引的	indexed
有紧迫感	driven
有紧迫感的	driven
有约束力	bind
有纹理	grainy
有纹理的	grainy
有组织	systematically, institutionalized
有组织地	systematically, organically
有组织的	institutionalized, organized
有细微差别的	nuanced
有经验	practiced, practised
有经验的	practiced, practised
有结	knotty
有结尾	terminate
有结尾的	terminate
有结构	structured
有结构的	structured
有结果	productively
有结果地	productively
有结的	knotty
有缺口	chipped
有缺口的	chipped
有缺点	faulty
有缺点地	imperfectly
有缺点的	faulty
有缺陷	disabled, defective
有缺陷地	amiss
有缺陷的	disabled, defective
有缺陷的人	defective
有网	webbed
有网的	webbed
有罩盖	hooded
有罩盖的	hooded
有罪	criminal
有罪地	guiltily
有罪性	culpability
有罪的	criminal, guilty
有美感	aesthetic
有美感的	aesthetic
有羽毛	feathered
有羽毛的	feathered
有翅动物	volatile
有翼	winged
有翼的	winged
有耐力	tolerate
有耐性	patient
有耐性的	patient
有联系	relational
有联系的	relational
有肋骨	ribbed
有肋骨的	ribbed
有肝病症状	livery
有肝病症状的	livery
有股份的	interested
有肺	pulmonary
有肺的	pulmonary
有胆量	game
有胆量的	game
有背长椅	settle
有胡子	bearded
有胡子的	bearded
有能力	capable
有能力的	capable
有脉	venous
有脉的	venous
有脉纹	veined
有脉纹的	veined
有脊椎	vertebrate
有脊椎的	vertebrate
有腹鳍	abdominal
有腹鳍的	abdominal
有臭味	smelly
有臭味的	smelly
有舰队	naval
有舰队的	naval
有色	coloured
有色人种的人	coloured
有色彩	coloured
有色彩的	coloured
有色的	coloured, colourful
有节	knobbly, knotted
有节制	temperate
有节制的	temperate
有节奏	rhythmic, rhythmically
有节奏地	rhythmically
有节奏的	rhythmic, rhythmical
有节的	knobbly, knotted
有草丘陵地	downy
有草丘陵地的	downy
有营养	nourishing
有营养的	nourishing, nutritious
有薄荷味	minty
有薄荷味的	minty
有薄荷香	minty
有薄荷香的	minty
有薪金	salaried
有薪金的	salaried
有血	bloody
有血亲关系	sib
有血亲关系的	sib
有血痕的	bloodstained
有血的	bloody
有衬垫的马鞍	somerset
有袋	marsupial
有袋的	marsupial
有袋类动物	marsupial
有裂纹	flawed
有裂纹的	flawed
有裂缝的	cracked
有装填垫料	padded
有装填垫料的	padded
有褶饰边	ruffled
有褶饰边的	ruffled
有规则	regularly, steadily
有规则地	regularly, steadily
有规律	ordered
有规律的	ordered
有视力	sighted
有视力的	sighted
有觉悟	aware
有觉悟的	aware
有角	angular, horned
有角的	angular, horned
有触觉	tactile
有触觉的	tactile
有计划	calculated, studied
有计划的	calculated, studied
有计划的怠工	absenteeism
有认识能力	cognizant
有认识能力的	cognizant
有记号	marked
有记号的	marked
有许多习语	idiomatic
有许多习语的	idiomatic
有许多部分	manifold
有许多部分的	manifold
有设立权	constitutive
有设立权的	constitutive
有识别力	discriminating
有识别力的	discriminating
有诡计	wily
有诡计的	wily
有说服力	persuasive, potent
有说服力地	forcefully
有说服力的	persuasive, potent
有读写能力	literate
有读写能力的	literate
有负载	loaded
有负载的	loaded
有责任	responsible
有责任心	conscientious
有责任心的	conscientious
有责任的	responsible
有贵族气派	aristocratic
有贵族气派的	aristocratic
有资格	entitled, qualify
有资格任职	employable
有资格任职的	employable
有资格加入	admissibility
有资格当选	eligible
有资格当选的	eligible
有资格的	entitled, qualified
有资格者	eligible
有趣	interesting, lovely
有趣味	fruity
有趣味的	fruity
有趣地	interestingly, intriguingly
有趣的	interesting, lovely
有趣的事件	episode
有趣的事情	comedy
有蹄	ungulate
有蹄的	ungulate
有蹄类动物	ungulate
有蹼的	webbed
有车辙	rutted
有车辙的	rutted
有轨电车	streetcar, tramcar
有轨电车路线	tramway
有轮	wheeled
有轮的	wheeled
有软毛	pubescent
有软毛的	pubescent
有辨别能力	discerning
有辨别能力的	discerning
有辨识力	discriminatory
有辨识力的	discriminatory
有辱人格	degrading
有辱人格的	degrading
有过失	guilty, faulty
有过失的	guilty, faulty
有返回性	homing
有返回性的	homing
有进取心	adventurous, enterprising
有进取心的	adventurous, enterprising
有远虑	provident
有远虑的	provident
有迷惑力的	attractive
有追溯效力	retroactive
有追溯效力的	retroactive
有选举权的人	elector
有选举权者	electorate
有选择	selectively
有选择地	selectively
有造诣	accomplished
有造诣的	accomplished
有道德	morally
有道德地	morally
有道德感的	conscientious
有道理	justified
有道理的	justified
有配偶的	married
有野心	ambitious
有野心的	ambitious
有鉴赏力	tasteful
有鉴赏力的	tasteful
有钩	hooked
有钩的	hooked
有钱	gilded, moneyed
有钱人	brownstone, toff
有钱人的	brownstone
有钱的	gilded, moneyed
有铭刻	inscribed
有铭刻的	inscribed
有铰链	hinged
有铰链的	hinged
有销路	merchantable
有销路的	merchantable, marketable
有问题的	questionable
有闲	leisure
有闲的	leisure
有防卫器官	armed
有防卫器官的	armed
有限	limited, narrow
有限制	limited
有限制的	limited
有限物	finite
有限的	limited, narrow
有限责任	limited
有限责任的	limited
有雅量	generous
有雅量的	generous
有雕刻	carved
有雕刻的	carved
有雾	misty
有雾的	misty
有韵律	rhythmic, rhythmical
有韵律的	rhythmic, rhythmical
有顶饰	crested
有顶饰的	crested
有须	bearded
有须的	bearded
有顾忌	scruple
有饰带镶缀	braided
有饰带镶缀的	braided
有饰章	crested
有饰章的	crested
有饰边	frilly, frilled
有饰边的	frilly, frilled
有香味	scented
有香味的	scented
有髓	pithy
有髓的	pithy
有魄力	enterprising
有魄力的	enterprising
有魅力	attractive, charm
有魅力地	intriguingly
有魅力的	attractive
有魔力	magic, magical
有魔力的	magic, magical
有鳞	scaled, scaly
有鳞屑的	scaly
有鳞的	scaled, scaly
有麻点	pitted
有麻点的	pitted
有黑人血统者	nigger
有齿	toothed
有齿的	toothed
朊酶	protease
朋友	friend
朋友们	guys
服丧	mourn
服从	subject
服从地	obediently, resignedly
服从的	subject
服伺者	server
服侍	minister
服侍的	waiting
服刑所	hock
服务	service, serve
服务不周到	underserved
服务不周到的	underserved
服务台程序	server
服务商	facilitator
服务器	server
服务年限	seniority
服务性	service
服务性的	service
服务者	servant
服役	serve
服役期限	enlistment
服水土	acclimate
服海洛因的人	horner
服用量	dose
服苦役的人	serf
服药	dose
服药丸	pill
服装	dress
服装师	dresser
服装模特儿	mannequin
服装浮华	dandy
服装浮华的	dandy
服装缝制	dressmaking
服饰	finery
服饰品	furnishing
服饰用品商店	outfitter
朗伯	lambert
朗姆酒	rum, rummy
朗姆酒的	rummy
朗诵	intonation
朗读	recite, deacon
望景楼	belvedere
望远的	telescopic
望远镜	telescope
望远镜的	telescopic
朝	face
朝三暮四	freakish
朝三暮四的	freakish
朝上	upturned
朝上的	upturned
朝东方	east
朝东方向	eastward
朝代	dynasty
朝南的方向	southward
朝后	aback
朝向	head
朝向天国	heavenward
朝向天国地	heavenward
朝向天国的	heavenward
朝向天空	heavenward
朝向天空地	heavenward
朝向天空的	heavenward
朝圣	pilgrim, pilgrimage
朝圣者	palmer, pilgrim
朝拜	pilgrimage
朝气蓬勃	young
朝气蓬勃的	young
朝海的方向	seaward
朝生暮死	ephemeral
朝生暮死的	ephemeral
朝着	look
朝西的方向	westward
朝里	in
朝鲜蓟	artichoke
期	stadium
期中考试	midterm
期刊	periodical
期刊的	periodical
期待	look, expect
期待的	expectant
期待着	anticipatory, expectantly
期待着的	anticipatory
期待者	expectant
期待落空	disappointing
期待落空的	disappointing
期望	hope
期望值	expectation
期望的	anticipated
期望的事物	expectancy
期末考试	final
期满	expire
期票簿	notebook
期间	session, length
期间内	dum
期限	term
朦胧	hazy, obscurity
朦胧不清	mist
朦胧地	faintly, dreamily
朦胧地出现	loom
朦胧的	hazy, murky
木乃伊	mummy
木偶	puppet
木僵	stupor
木兰	magnolia
木兰属	magnolia
木制	wooden
木制品	wood
木制家具	woodwork
木制的	wooden
木刻	woodcut
木刻印版	woodcut
木匠	carpenter
木器	carpentry
木场	lumberyard
木块	block
木塞	stopper
木头	splintered
木夹板	plywood
木套鞋	patten
木工	woodworker
木工业	carpentry
木工手艺	carpentry, woodwork
木工活	woodworking
木工行业	woodworking
木底鞋	patten
木料	tree
木料堆	woodpile
木材	wood, timber
木材堆置场	lumberyard
木板	board
木板制品	plank
木板路	boardwalk
木柱	stake
木柴	firewood
木栅	palisade
木栓	cork
木桶	cask
木棍	club
木槌	mallet
木槿	hibiscus
木炭	fuel, coal
木炭吹炼炉	finery
木炭精炼炉	finery
木然	wooden
木然的	wooden
木熟虫胶	ari
木片	hub
木球	bowl
木琴	xylophone
木筏	balsa
木管乐器	woodwind
木薯	cassava, manioc
木薯淀粉	tapioca
木薯粉	manioc
木蛀虫	woodworm
木蜜	manna
木螺钻	auger
木豆	dal
木豆做的菜	dal
木质	woody
木质的	woody
木钉	dowel
木香	bois
木髓	pith
未	not
未上发条	unwound
未上发条的	unwound
未上市	unlisted
未上市的	unlisted
未上漆	unpainted
未上漆的	unpainted
未下定义	undefined
未下定义的	undefined
未予倾听	unheard
未予倾听的	unheard
未予考虑	unheard
未予考虑的	unheard
未付	owing
未付款	unpaid
未付款的	unpaid
未付的	owing, unpaid
未保过险	uninsured
未保过险的	uninsured
未保险	uncovered
未保险的	uninsured
未修剪	uncut
未修剪的	uncut
未修面	unshaven
未修面的	unshaven
未偿付	outstanding
未偿付的	outstanding
未充分利用	underutilized, underused
未充分利用的	underutilized, underused
未充分发展	unformed
未充分发展的	unformed
未充分发育	undeveloped
未充分发育的	undeveloped
未克制	unrestrained
未克制的	unrestrained
未兑	overdue
未兑的	overdue
未入帐的	unrecorded
未入药典的	unofficial
未公开出版	unpublished
未公开出版的	unpublished
未决定	pending
未决定的	pending
未决的	unsettled
未决议	moot
未决议的	moot
未减轻	unmitigated, unrelieved
未减轻的	unmitigated, unrelieved
未分割的	undivided
未分开	undivided
未分开的	undivided
未分裂	undivided
未分裂的	undivided
未切	uncut
未切的	uncut
未刊行	unedited
未刊行的	unedited
未利用	untapped
未利用的	untapped
未到工者	absentee
未到期	undue
未到期的	undue
未割	uncut
未割的	uncut
未加叙述	untold
未加叙述的	untold
未加工	raw
未加工品	rough
未加工的	raw
未加抑制	unchecked
未加抑制的	unchecked
未加权的	unweighted
未加热	unheated
未加热的	unheated
未加糖	unsweetened
未加糖的	unsweetened
未勘查过	unexplored
未勘查过的	unexplored
未包含在内的	unincorporated
未卷绕	unwound
未卷绕的	unwound
未发射	unexploded
未发射的	unexploded
未发现	undiscovered
未发现的	undiscovered
未发表过	unpublished
未发表过的	unpublished
未发达	inchoate
未发达的	inchoate
未发酵葡萄汁	must
未受伤害	uninjured
未受伤害的	uninjured
未受到挑战	unchallenged
未受到挑战的	unchallenged
未受到照顾	untended
未受到照顾的	untended
未受刺激的	unprovoked
未受协助	unaided
未受协助的	unaided
未受启发	unenlightened
未受启发的	unenlightened
未受处罚的	unpunished
未受影响	untouched, unaffected
未受影响的	untouched, unaffected
未受感动	unimpressed
未受感动的	unimpressed
未受扰乱	unperturbed
未受扰乱的	unperturbed
未受挑衅	unprovoked
未受挑衅的	unprovoked
未受损伤	unscathed
未受损伤的	unscathed
未受损害	harmless, unspoilt
未受损害的	harmless, unspoilt
未受救济	unrelieved
未受救济的	unrelieved
未受教育	uneducated
未受教育的	uneducated
未受破坏	unspoilt
未受破坏的	unspoilt
未受累的	uninvolved
未受过训练	undisciplined
未受过训练的	undisciplined
未变	unmodified
未变的	unmodified
未听到	miss
未启封	unopened
未启封的	unopened
未告发的	unreported
未命名	unnamed
未命名的	unnamed
未售出	unsold
未售出的	unsold
未填充	unfilled
未填充的	unfilled
未声明	unstated
未声明的	unstated
未处理	unsettled
未处理的	unsettled
未备基金	unfunded
未备基金的	unfunded
未婚	unmarried, maiden
未婚夫	fiance, intended
未婚女人	spinster
未婚女子	maid
未婚妻	fiancee
未婚的	unmarried, maiden
未完全发育	immature
未完全发育的	immature
未完成	incomplete, unfinished
未完成体	imperfect
未完成的	incomplete, unfinished
未定	problematic, undecided
未定的	problematic, uncertain
未实施法律	lawlessness
未实现	unrealized
未实现的	unfulfilled
未宠坏	unspoiled, unspoilt
未宠坏的	unspoiled, unspoilt
未审理的	untried
未宣布	undeclared
未宣布的	undeclared
未对准	misalignment
未对齐的	unjustified
未展开	unopened
未展开的	unopened
未履行的	unfulfilled
未应付	unmet
未应付的	unmet
未建立	unfounded
未建立的	unfounded
未开化	savage
未开化的	savage
未开发	undeveloped
未开发地区	greenfield
未开发地区的	greenfield
未开发的	undeveloped
未开垦地	wasteland
未引起争论	unchallenged
未引起争论的	unchallenged
未引起的	unreported
未得到	miss
未得到支持	unsupported
未得到支持的	unsupported
未得到满足	unsatisfied
未得到满足的	unsatisfied
未得到赞助	unsupported
未得到赞助的	unsupported
未得通知的	uninformed
未必会	improbably
未必会地	improbably
未必会的	improbable
未必确实的	improbable
未意识到	unconscious
未意识到的	unconscious
未成年	minority, minor
未成年人	minor, pupil
未成年的	minor
未成形	unformed
未成形的	unformed
未成熟	green
未成熟地	crudely
未成熟的	green
未成熟行为	immaturity
未戴帽子	uncovered
未戴帽子的	uncovered
未打垮	unbroken
未打垮的	unbroken
未打折扣	gross
未打折扣的	gross
未抓住	missed
未损坏	unspoiled
未损坏的	unspoiled
未提及	unnamed
未提及的	unnamed
未揭发的	unreported
未搀杂	unalloyed
未搀杂的	unalloyed
未搀水	undiluted
未搀水的	undiluted
未搅打	unbeaten
未搅打的	unbeaten
未改变	untouched
未改变的	untouched
未方露的	untold
未明确说明	unstated
未明确说明的	unstated
未更改	unmodified
未更改的	unmodified
未曾挨打	unbeaten
未曾挨打的	unbeaten
未最后确定	unconfirmed
未最后确定的	unconfirmed
未最后认可	unconfirmed
未最后认可的	unconfirmed
未来	future, tomorrow
未来主义者	futurist
未来地	tomorrow
未来派	futuristic, futurism
未来派画家	futurist
未来派的	futuristic
未来的	future
未标日期	undated
未标日期的	undated
未标记的	unlabelled
未校准	unregulated
未校准的	unregulated
未死的	surviving
未毁	extant
未毁的	extant
未泄露	undisclosed
未泄露的	undisclosed
未注册的	unregistered
未洗	unwashed
未洗的	unwashed
未涂清漆	unvarnished
未涂清漆的	unvarnished
未淡化	undiluted
未淡化的	undiluted
未满足	unmet
未满足的	unmet
未滤过	unfiltered
未滤过的	unfiltered
未漂白	unbleached
未漂白的	unbleached
未点燃	unlit
未点燃的	unlit
未煮过	uncooked
未煮过的	uncooked
未熟	unripe
未熟的	unripe
未熟的小苹果	codling
未熟紫胶	ari
未燃	unburned
未燃的	unburned
未爆炸	unexploded
未爆炸的	unexploded
未特别指出	unspecified
未特别指出的	unspecified
未特别提到	unspecified
未特别提到的	unspecified
未申报	undeclared
未申报的	undeclared
未电离	unionized
未电离的	unionized
未留遗嘱	intestacy
未登记的	unregistered
未相遇	unmet
未相遇的	unmet
未知	unknown
未知世界	outfield
未知数	unknown
未知物	unknown
未知的	unknown
未破损	unbroken
未破损的	unbroken
未确定	undetermined, iffy
未确定的	undetermined, iffy
未确的	doubtful
未确证	unconfirmed
未确证的	unconfirmed
未确诊	undiagnosed
未确诊的	undiagnosed
未磨光	unpolished
未磨光的	unpolished
未稀释	undiluted
未稀释的	undiluted
未答复	unanswered
未答复的	unanswered
未签名的	unsigned
未组成社团的	unincorporated
未组织起来	unorganized
未组织起来的	unorganized
未经世故的人	griffin
未经任命	noncommissioned
未经任命的	noncommissioned
未经保险的	uninsured
未经决定	undetermined
未经决定的	undetermined
未经准备	offhandedly
未经准备地	offhandedly
未经减少	undiminished
未经减少的	undiminished
未经区分	undistinguished
未经区分的	undistinguished
未经同意	unapproved
未经同意的	unapproved
未经处理的	untreated
未经实验	untried
未经实验的	untried
未经审查	uncensored
未经审查的	uncensored
未经审讯的	untried
未经审问	unquestioned
未经审问的	unquestioned
未经宣布	unannounced
未经宣布的	unannounced
未经批准	unapproved
未经批准的	unapproved
未经承认的	unapproved
未经授权	unwarranted, warrantless
未经授权的	unwarranted, warrantless
未经检查	unchecked, unedited
未经检查的	unchecked, unedited
未经润饰	unpolished
未经润饰的	unpolished
未经琢磨	spontaneous
未经琢磨的	spontaneous
未经确认	unidentified
未经确认的	unidentified
未经筹划	unplanned
未经筹划的	unplanned
未经缩减	undiminished
未经缩减的	undiminished
未经考查的	unexamined
未经考验	untested
未经考验的	untested, unexamined
未经要求	unclaimed
未经要求的	unclaimed
未经解释的	unexplained
未经认可的	unapproved
未经训练	untrained, indiscipline
未经训练的	untrained
未经讯问的	unexamined
未经许可	unauthorized
未经许可的	unauthorized
未经证实	unsupported
未经证实的	unsupported, unsubstantiated
未经试验	untested
未经试验的	untested
未经说明的	unexplained
未经请求	unsolicited, uninvited
未经请求的	unsolicited, uninvited
未经调停	unmediated
未经调停的	unmediated
未经调整的	unjustified
未经调查	unquestioned
未经调查的	unquestioned
未经调节	unregulated
未经调节的	unregulated
未经选举	unelected
未经选举的	unelected
未经驯服	untamed
未经驯服的	untamed
未缓和	unmitigated
未缓和的	unmitigated
未编入册	unlisted
未编入册的	unlisted
未编辑	unedited
未编辑的	unedited
未缴纳的	unpaid
未翻转	unturned
未翻转的	unturned
未耕地	headland
未能证实的	unsustainable
未获保证	unwarranted
未获保证的	unwarranted
未获准的	unapproved
未获胜	winless
未获胜的	winless
未补进的	uncovered
未被公认	unacknowledged
未被公认的	unacknowledged
未被利用	unemployed
未被利用的	unemployed
未被加工	unprocessed
未被加工的	unprocessed
未被占领	unoccupied
未被占领的	unoccupied
未被发现	undetected
未被发现的	undetected
未被发觉	undiscovered
未被发觉的	undiscovered
未被吓住	undeterred
未被吓住的	undeterred
未被告知	uninformed
未被告知的	uninformed
未被唱颂	unsung
未被唱颂的	unsung
未被征服	unbroken
未被征服的	unbroken
未被怀疑的	unsuspected
未被打败过	undefeated
未被打败过的	undefeated
未被扣押的	unattached
未被扰乱	undisturbed
未被扰乱的	undisturbed
未被承认	unacknowledged, unrecognized
未被承认的	unacknowledged, unrecognized
未被改变	unaltered
未被改变的	unaltered
未被欣赏	unappreciated
未被欣赏的	unappreciated
未被注意	unmarked, unheeded
未被注意到	undistinguished
未被注意到的	undistinguished
未被注意的	unmarked, unnoticed
未被照管好	unkempt
未被照管好的	unkempt
未被看见	unseen
未被看见的	unseen
未被认出	unidentified, unrecognized
未被认出的	unidentified, unrecognized
未被认定	unrecognized
未被认定的	unrecognized
未被证实	unproven
未被证实的	unproven
未被调查的	unquestioned
未被超越	unsurpassed
未被超越的	unsurpassed
未被逮捕的	unattached
未被遵守	unobserved
未被遵守的	unobserved
未被邀请	uninvited
未被邀请的	uninvited
未被阻断的	unbroken
未装饰	unadorned
未装饰的	unadorned
未解决	unsolved
未解决的	outstanding
未解释	unsolved
未解释的	unsolved
未触摸过	untouched
未触摸过的	untouched
未订婚的	unattached
未认可的	unconfirmed
未认识到	unaware
未认识到的	unaware
未记帐的	unrecorded
未记诸文字的	unwritten
未设基金的	unfunded
未设防	unprotected
未设防的	unprotected
未试过	untried
未试过的	untried
未诞生	unborn
未诞生的	unborn
未说出来的	voiceless
未说出的	untold
未说明的	untold
未说过	untold
未说过的	untold
未赞颂	unsung
未赞颂的	unsung
未赢	winless
未赢的	winless
未走过	unbeaten
未走过的	unbeaten
未输过	undefeated
未输过的	undefeated
未达到	miss
未选中的	unchecked
未透露	untold
未透露的	untold
未遂	uncommitted, attempted
未遂的	uncommitted, attempted
未遵守	breadth
未醉	sober
未醉的	sober
未阐明的	undefined
未预料	unforeseen
未预料的	unforeseen
末世学	eschatological
末世学的	eschatological
末世论	eschatology, eschatological
末世论的	eschatological
末尾	last
末尾的	last
末期	evening
末梢	distal, ending
末梢分极	bouquet
末梢的	distal
末棒运动员	anchorman
末端	extreme, terminal
末道漆	finish
本	this
本人	author
本体论	ontological, ontology
本体论的	ontological
本国	native, homeland
本国的	native
本土	indigenous, mainland
本土主义	nativism
本土主义者	nativist
本土化	localisation
本土的	indigenous
本地人	native
本地传输协议	lat
本地新闻	local
本地的	local
本地话	vernacular
本垒打	homer
本届	reigning
本届的	reigning
本征值	eigenvalue
本性	nature, self
本文的	textual
本来	originally, essentially
本来的	inward
本田汽车公司	honda
本着良心	conscientious
本着良心的	conscientious
本职	avocation
本能	natural, instinct
本能冲动	id
本能地	instinctively
本能的	natural
本能行动	naturalism
本草书	herbal
本质	essential, essence
本质上	essentially, substantially
本质冒险	essential
本质地	constitutionally
本质的	essential, intrinsic
本部	headquarters
本金	principal, corpus
本金化	capitalization
本金增值	accrediting
本顿	benton
本香	bois
术士	magician, wizard
术语	term
术语学	terminology
术语集	glossary
朱丽叶	juliet
朱利叶斯	julius
朱塞佩	giuseppe
朱尔斯	jules
朱庇特神	jovian
朱庇特神似	jovian
朱庇特神似的	jovian
朱庇特神的	jovian
朱砂	vermilion
朱红	vermilion
朱红的	vermilion
朱红色	vermilion, cinnabar
朱红色的	cinnabar
朱莉	julie
朱莉娅	julia
朱迪思	judith
朱鹭	ibis
朴实无华	homely
朴实无华的	homely
朴素	simple
朴素地	soberly
朴素的	simple
朴茨茅斯	portsmouth
机会	chance, opportunity
机会主义	opportunistic, opportunism
机会主义的	opportunistic
机会主义者	opportunist
机会的	fortuitous
机体	organism
机僚化的	bureaucratic
机关	department, institution
机关枪手	gunner
机动	mobile
机动化	motorized, mechanization
机动化的	motorized
机动性	mobility
机动的	mobile
机动艇	powerboat
机动车	motorcycle
机化	organization
机化中心	organizer
机匠	machinist
机器	machine
机器人	robot, robotic
机器人学	robotics
机器人的	robotic
机器可读目录	marc
机器学	engineering
机器技工	machinist
机场	airport
机壳	enclosure
机密	secret, confidential
机密性	confidentiality
机密的	confidential
机床	tool
机库	garage
机敏	leery, tricky
机敏回答	riposte
机敏地	nimbly
机敏的	leery, tricky
机敏的回答	riposte
机智	wit, tact
机智的	tactful, resourceful
机智的反驳	repartee
机构	house, institution
机构的	organizational
机枪扫射	strafe
机柜	cabinet
机械	mechanism, mechanical
机械人	robot
机械化	automated, mechanized
机械化之	mechanize
机械化的	automated, mechanized
机械唯物论者	physicist
机械地	automatically
机械地模仿	parrot
机械学	mechanically, mechanistic
机械学的	mechanistic
机械工	mechanic
机械师	machinist, serviceman
机械性	mechanical
机械性的	mechanical
机械性的背诵	rote
机械手	manipulator
机械的	mechanical, automatic
机械装置	machine
机械论	mechanistic
机械论的	mechanistic
机械论者	mechanistic
机械论者的	mechanistic
机油箱	sump
机灵	pretty
机灵地	shrewdly
机灵的	pretty
机理	mechanism
机电的	electromechanical
机组乘员	crewman
机翼	plane, wing
机能	functionary
机能不全	incompetent, inadequacy
机能不全的	incompetent
机能不良	dysfunction
机能主义者	functionalist
机能亢进	hyperactivity
机能心理学	functionalism
机能整体性	holism
机能整体性的	holistic
机能的	functional, functionary
机能过敏	hyperactivity
机能障碍	dysfunction
机警	wary
机警的	wary
机读目录	marc
机踏车	motorcycle
机身	fuselage, airframe
机车	engine, locomotive
机遇	accident
机长	skipper
朽木	deadwood
杀	kill
杀人	homicide, manslaughter
杀人犯的	homicidal
杀人狂	amok, butchers
杀人的	murderous, homicidal
杀人者	killer, murderer
杀价	haggle
杀兄弟者	cain
杀头	decapitate, decapitated
杀婴	infanticide
杀婴犯	infanticide
杀害	slay, killing
杀害的	killing
杀戮	kill
杀死	kill
杀真菌剂	fungicide
杀真菌的	antifungal
杀菌	disinfectant, sterilize
杀菌剂	disinfectant, fungicide
杀菌的	disinfectant
杀虫剂	pesticide, insecticide
杂乱	disorder
杂乱一团	huddle
杂乱地	intricately
杂乱无章	racket, smother
杂乱状况	messiness
杂乱的	promiscuous, motley
杂乱的一堆	jungle
杂乱蔓延	scramble
杂交	hybridization, hybridize
杂凑	scrappy
杂凑的	scrappy
杂务工	handyman
杂化	hybridization
杂声	hum
杂录	medley, miscellany
杂志	magazine, journal
杂技	acrobatic, acrobatics
杂技演员	acrobat, acrobatic
杂技演员的	acrobatic
杂技的	acrobatic
杂技表演	acrobatics
杂散	scattering
杂曲	potpourri
杂木林	shaw
杂烩	chowder, hash
杂烩菜	hodgepodge
杂物	cluttered
杂物间	hovel
杂狗	cur
杂的	sundry
杂种	hybrid, bastard
杂种培殖	hybridization
杂种状态	hybridity
杂种狗	mongrel, pooch
杂种的	hybrid, bastard
杂种繁殖	interbreed
杂绿色	lovat
杂耍	sideshow, vaudeville
杂色	shot
杂色的	shot
杂色衣服	motley
杂草	weed
杂菜	marinara
杂菜的	marinara
杂货店	drugstore, commissary
杂质	impurity
杂酚	creosote
杂集	miscellany
杂音	noise
权	tentatively
权利	right
权利侵害	injustice
权力	might, authority
权力下放	decentralization
权力下放原则	subsidiarity
权力主义	authoritarianism
权力分散	decentralization
权力政治	realpolitik
权力自主原则	subsidiarity
权势	ascendance, powers
权威	authority
权威人士	insider
权威性	authoritative
权威性的	authoritative
权威的	canonical, authoritative
权宜	makeshift, expedient
权宜之计	makeshift, expedient
权宜处置权	mercy
权宜的	makeshift, expedient
权杖	truncheon, mace
权标	mace
权益	equity
权益保留	reservation
权能	competency
权衡	balance, weigh
权谋	diplomacy
权责已发生	accrued
权责已发生的	accrued
权贵	magnate
权限	purview
杆	post
杆菌	bacteria, bacillus
杆菌属	bacterium
杆菌的	bacterial
杉	cedar
杉木	fir
李子	plum
李子干	prune
李普顿	lipton
杏仁	almond
杏子	apricot
杏树	apricot
杏黄色	apricot
杏黄色的	apricot
材料	material
村庄	village
村庄的	village
村民	villager
村长	sheikh, sheik
杓	bail
杓鹬属候鸟	curlew
杖	wand
杜撰	coin
杜撰者	fabricator
杜松	juniper
杜松子酒	gin
杜松属	juniper
杜鲁门	truman
杜鹃	rhododendron
杜鹃花	azalea, honeysuckle
杜鹃鸟	cuckoo
杞人忧天者	alarmist
束	bunch, bundle
束发	hairdo
束发夹	hairpin
束帆索	gasket
束带	belt, drawstring
束带的	belted
束手无策	shrivel
束紧	constrict
束缚	chain, cord
束缚物	shackle
束腰外衣	tunic
束腰带	waistband
束薪	faggot
杠杆	lever, pry
杠杆作用	leverage
杠杆式投机	leveraged
杠杆支点	fulcrum
杠杆效率	leverage
杠杆率	leverage
杠杆装置	leverage
杠铃	barbell
条	bar
条件	if
条件作用	conditioning
条例	ordinance, enactment
条板	slat
条款	item, terms
条状	strip
条状发夹	barrette
条理	method, streak
条痕	weal
条目	entry
条约	treaty
条纹	stripe
条纹棉布	gingham
条鳕	pout
来	come
来世	eternity, afterlife
来世的	otherworldly
来临	fall
来到	appear
来历	derivation
来回票	return
来回移动	saw
来处	whence
来复枪	rifle
来宾	guest
来往	truck
来日	sometime
来源	source
来源于古英语	ryland
来的人	comer
来自	from
来自东北	northeast, northeastern
来自东北的	northeast, northeastern
来自东南	southeast
来自东南的	southeast
来自北方	northerly
来自北方的	northerly
来自南方	southern
来自南方的	southern
来自西北	northwest, northwestern
来自西北的	northwest, northwestern
来自西南	southwest
来自西南方	southwest
来自西南方的	southwest
来自西南的	southwestern
来自西方	western
来自西方的	western
来龙去脉	context
杨	yang
杨属植物	poplar
杨木	poplar
杨树	poplar
杯子	cup
杯形	cupped
杯形的	cupped
杯形蛋糕	cupcake
杯托	coaster
杰作	classic, masterpiece
杰克	knave
杰克逊	jackson
杰出	excellent, outstanding
杰出人才	phenom
杰出人材	elitist
杰出人材的	elitist
杰出人物	worthy
杰出典范	paragon
杰出地	preeminently
杰出的	excellent, outstanding
杰出的事	masterwork
杰出的人	planet
杰出者	pearl
杰勒德	gerard
杰基	jackie
杰夫	geoff, jeff
杰奎琳	jacqueline
杰弗逊	jefferson
杰弗里	geoffrey, jeffrey
杰德	jed
杰拉尔德	gerald
杰米	jamie
杰罗姆	jerome
杰西	jessie
杰西卡	jessica
杰里米	jeremy
杳无人迹	uninhabited
杳无人迹的	uninhabited
杵	pestle, pounder
松	loose, lax
松元音	lax
松动	mobilise
松劲	slacken
松垂	baggy
松垂的	baggy
松型	easing
松开	undo, loosen
松开扳柄	trigger
松开的	unstuck
松弛	relaxation, relax
松弛下垂	bagged
松弛下垂的	bagged
松弛地	loosely
松弛的	slack
松懈	relax, relaxed
松懈的	relaxed
松散	incoherence, unwound
松散的	unwound
松木	pine
松木油	turpentine
松林	pinewood
松果	pinecone
松柏目	coniferous
松柏目植物	conifer
松柏目的	coniferous
松树	pine
松球	pinecone
松的	loose, lax
松紧带	elastic
松紧扣	strainer
松紧绳	bungee
松脂	turpentine
松脆	crispy
松脆物	crisp
松脆的	crispy
松脆饼	crumpet
松节油	turpentine
松软	floppy, runny
松软沃土	mould
松软的	floppy, runny
松饼	muffin
松驰	laxity, looseness
松鸡	grouse
松鼠	squirrel
松鼠毛皮	squirrel
板	lamina, discus
板层	ply
板岩	slate
板材上垛装置	lumberjack
板条	batten, lath
板条的	wattle
板条箱	crate
板油	suet
板烟	cavendish
板状的	tabular
板球	cricket
板球呢	cricketing
板球运动	cricketing
板球运动的	cricketing
板球队员	cricketer
板面孔	surly
板面孔的	surly
极	mighty
极不情愿	loathing
极为伤心	inconsolable
极为伤心的	inconsolable
极为后悔	remorseful
极为后悔的	remorseful
极为激动	thrilled
极为激动的	thrilled
极为诱惑人	irresistibly
极为诱惑人地	irresistibly
极为震惊	devastated
极为震惊的	devastated
极乐	beatific
极乐的	beatific
极保守行动	minimalism
极光	aurora
极其	most
极其丰富	profusely
极其丰富地	profusely
极其兴奋的	intoxicated
极其愚蠢	insanely
极其愚蠢地	insanely
极其累人	heartbreaking
极其累人的	heartbreaking
极化	polarize, polarization
极化强度	polarization
极反感	allergic
极反感的	allergic
极地	polar
极地的	polar
极地附近	circumpolar
极地附近的	circumpolar
极坏	terrible, shocking
极坏的	terrible, shocking
极大	huge
极大化	maximization
极大地	tremendously
极大的	huge
极大的痛苦	agony
极好	famous, select
极好地	famously, admirably
极好的	famous, select
极妙	fab
极妙的	fab
极寒	arctic
极寒的	arctic
极小	remotely, infinitesimal
极小之物	pinpoint
极小地	remotely
极小的	infinitesimal, thumbnail
极小的东西	nutshell
极小的数额	peanut
极小量	infinitesimal
极广大	immense
极广大的	immense
极度	superb, badly
极度兴奋	orgasm, feverish
极度兴奋的	feverish
极度地	badly, desperately
极度拥挤	cram
极度混乱	maelstrom
极度疲劳	shattered
极度疲劳的	shattered
极度痛苦	anguished, agonized
极度痛苦的	anguished, agonized
极度的	superb, extreme
极度穷困	wolf
极度轻视	minimise
极微	minimal, pinpoint
极微地	imperceptibly
极微小	microscopic, iota
极微小的	microscopic
极微的	minimal, pinpoint
极微量	infinitesimal
极快	dizzying
极快的	dizzying
极性	polarity
极性现象	polarity
极恶	enormity
极恶地	flagrantly
极想	long
极愚蠢	insane
极愚蠢的	insane
极无礼	outrageous
极无礼的	outrageous
极时髦	ultramodern
极时髦的	ultramodern
极期	acme
极期的	critical
极机密	secret
极机密的	secret
极权主义	totalitarian, totalitarianism
极权主义的	totalitarian
极权主义者	totalitarian
极深	profound
极深的	profound
极滑稽	screaming
极滑稽的	screaming
极点	top, maximum
极痛苦	excruciatingly, excruciating
极痛苦地	excruciatingly
极痛苦的	excruciating
极瘦	skinny
极瘦的	skinny
极短	thumbnail
极短的	thumbnail
极硬的东西	flint
极神圣	sacrosanct
极神圣的	sacrosanct
极端	extremely, extreme
极端主义者	ultra
极端保守	ultraconservative
极端保守的	ultraconservative
极端倾向	extremism
极端国家主义	fascism
极端地	extremely
极端崇拜	idolize
极端愚蠢	idiocy
极端明显	flagrant
极端明显的	flagrant
极端派	hugger
极端痛苦	torturous
极端痛苦的	torturous
极端的	extreme, supreme
极端论	extremism
极糟	shockingly
极糟地	shockingly
极线	polar
极细微	remotely
极细微地	remotely
极蠢	loony
极蠢之人	idiot
极蠢的	loony
极讨厌	horrible
极讨厌的	horrible
极贵重	priceless
极贵重的	priceless
极超音速	hypersonic
极超音速的	hypersonic
极长的时期	aeon
极限	ultimate, utmost
极限的	ultimate
极难	hardest
极面	polar
构思	conceive
构成	structure, constitution
构成主义	constructivism
构成物	construct, constituent
构成的	component, constituent
构成者	framer
构架组织	framework
构词要素	formative
构象	constellation
构造	make
构造上	constructive, anatomical
构造上的	constructive, anatomical
构造器	constructor
构造地质学	tectonics
构造学	tectonics
构造的	tectonic, constructional
构造符	constructor
枉然	vainly
枉然地	vainly
析出	precipitation
析取字	extractor
枕于	pillow
枕头	pillow
枕套	pillowcase
枕木	sleeper
枕状岩	pillow
林	lin
林下叶层	understory
林下灌丛	underbrush, underwood
林丘	holt
林业	forestry
林务员	forester
林区	forest
林区的人	bushman
林地	woodland, forestry
林学	forestry
林恩	lynn, lyn
林格	ringe
林荫大道	boulevard
林荫路	mall, avenue
林荫道路	greenway
林间空地	glade
枚举	enumerate
果仁糖浆	marzipan
果冻	jelly
果冻甜食	jelly
果味冰霜卷	snowball
果园	garden
果子冻	jell
果子奶油蛋糕	torte
果实	fruit
果断	determination, decisive
果断地	decisively
果断性	decisiveness
果断的	decisive
果断的人	resolute
果树林	orchard
果核	stone, pit
果核的	ovarian
果汁	syrup
果汁甜酒	shrub
果汁粉	sherbet
果汁饮料	sherbet
果泥	puree
果类	fruit
果糖	fructose
果肉	pulp
果酒	wine
果酱	jam, conserve
果馅卷	strudel
果馅饼	tart
枝干	limb
枝形吊灯	chandelier
枝条	wattle
枝条构架	wattle
枝状大烛台	candelabra
枝状物	ramification
枝节问题	sideshow
枞木	fir
枞树	fir
枢机	helm
枢纽	hinge
枢轴	pivotal, pivot
枢轴的	pivotal, pivot
枣椰树	date
枪	gun
枪乌贼	squid
枪击	pop
枪口	gunpoint, muzzle
枪弹	gunshot
枪战	gunfight, shootout
枪手	gunman
枪械	arms
枪法	marksmanship
枪炮	firearm
枪炮制造	gunnery
枪炮工	gunsmith
枪炮工人	gunman
枪炮的齐射	fusillade
枪的表尺	hindsight
枪眼	loophole
枪膛	chamber, bore
枪鱼	marlin
枫	maple
枫木	maple
枭首示众	gibbet
枯叶色	russet
枯叶色的	russet
枯斑	necrosis
枯枝	deadwood
枯燥	baldness
枯燥无味	dry
枯燥无味地	flatly
枯燥无味的	dry
枯竭	exhaustive, effete
枯竭的	exhaustive, effete
枯茗	cumin
枯萎	wilt, sear
枯萎了	withered
枯萎了的	withered
枯萎病	blast, blight
枯萎的	sear, wizened
枯躁无味	dryly
枯躁无味地	dryly
架	rack
架子	shelf
架拱	arching
架桥于	bridge
架梯	stepladder
架浮桥于	pontoon
架设	span
架迭	overriding
枷锁	chain
柄	hold, handle
柏	cypress
柏妮丝	bernice
柏拉图哲学	platonic
柏拉图哲学的	platonic
柏树	cypress
柏格	borg
柏比	pepe
柏油	asphalt, tar
柏油帆布	tarpaulin
柏油碎石	tarmac
柏油碎石路	tarmac
柏油路	blacktop
某一	some
某一个	certain
某一个的	certain
某一时间	sometime
某一时间的	sometime
某一的	some
某东西	summat
某事	something
某人	someone, somebody
某地流行	endemic
某地流行的	endemic
某处	someplace
某物	something
柑橘	orange
柑橘属果树	citrus
染	dye, tinge
染发	rinse
染发剂	rinse
染成蓝色	blue
染料	dye
染污	stain, stained
染眉毛油	mascara
染色	dye, colored
染色于	tint
染色体	chromosome
染色体的	chromosomal
染色体组	genome
染色体组的	genomic
染色工	dyer
染色工艺	dyeing
染色法	staining
染色的	colored
染色质纽	skein, rosette
柔和	soft, softly
柔和地	softly
柔和的	soft
柔弱	feminine, effeminate
柔弱地	feebly
柔弱性	femininity
柔弱的	feminine, delicate
柔情	heartthrob
柔毛	fluff
柔滑	smoothness, silky
柔滑的	silky
柔荑花	cattail
柔软	soft, tender
柔软地	soft
柔软如羽毛	feathery
柔软如羽毛的	feathery
柔软性	plasticity
柔软的	tender, limp
柔软的东西	soft
柔软的羊皮	roan
柔道	judo
柔韧	pliant
柔韧的	pliant
柔顺	flexible, tame
柔顺的	flexible, tame
柚木	teak
柜	tank
柜台	counter
柠檬	lemon
柠檬树	lemon
柠檬水	lemonade
柠檬的	lemony
柠檬色	lemon
柠檬香草	lemongrass
查	audit
查出	fish
查出的物件	rummage
查塔姆	chatham
查对者	checker
查封	sequestration
查尔斯	charles
查帐	audit
查德威克	chadwick
查找	seek
查找程序	looker
查抄	confiscate
查明	ascertain, detect
查明真相	bottom
查理	charley
查看	see
查究	search
查考	delve
查证	verify, verification
查询	demand
查账	audit
查阅	refer, consult
查验	prove
柩衣	pall
柬埔寨人	cambodian
柬埔寨语	cambodian
柯利牧羊狗	collie
柯南道尔	doyle
柯拉子	guru
柯林斯酒	collins
柯桠粉	goa
柯蒂斯	curtis
柯达	kodak
柱	post
柱基	plinth
柱头	stigma
柱子	pillar
柱廊	colonnade, piazza
柱形图	column
柱样嵌体	pivoting
柱状的	columnar
柱面	cylinder
柳叶刀	lance, lancet
柳木制	willow
柳木制品	willow
柳木制的	willow
柳条	wicker
柳条篮子	prickle
柳条编	wicker
柳条编的	wicker
柳树	willow
柳树多	willowy
柳树多的	willowy
柳树的	willow
柴堆	pyre
柴把	faggot
柴油	diesel
柴油机	diesel
柴藤	wisteria
柴迪科舞	zydeco
柴间	woodshed
柿	persimmon
柿子	persimmon
栀子	gardenia
栅	gate
栅栏	pale, barrier
栅格	grid
标价	pricing
标兵	pacemaker
标准	standard, normal
标准以下	substandard
标准以下的	substandard
标准化	standardized
标准化的	standardized
标准地	quintessentially
标准度量	gauge
标准片	reticle
标准的	standard, normal
标准纯银	sterling
标准纯银的	sterling
标出尺寸	dimension
标号	tab
标号的	labelling
标塔	pylon
标定	standardization
标尺	ruler
标引	indexing
标志	mark, flag
标志物	totem
标明	record
标本	specimen, collection
标枪	javelin
标柱	stanchion
标注	label
标点	point
标点法	punctuate
标点符号	punctuation, punctuate
标示	indicated
标示牌	nameplate
标签	label, tag
标线	reticle
标绘	plotting
标致	comely
标致的	comely
标记	identity, marks
标记号于	tick
标识	identity
标识关系	identifying
标识符	identifier
标识系统	signage
标语	slogan
标量	scalar
标题	title, heading
标题音乐	programmatic
标题音乐的	programmatic
标题页	frontispiece
标高价	markup
栈式的	stacked
栈房	repository
栈桥	trestle
栉比鳞次	scaled
栉比鳞次的	scaled
栋梁	pillar
栏干	bannister
栏杆	rail
栏杆的支柱	banister
树	tree
树上生活的	arboreal
树丛	covert
树叶	leaf, foliage
树屋	treehouse
树干	stock
树干的	trunk
树形仙人掌	saguaro
树木园	arboretum
树木生长线	treeline
树木繁茂	wooded
树木繁茂的	wooded
树林	woods
树林的	woodsy
树枝	branch
树桩	stump, stub
树液	sap
树液多	sappy
树液多的	sappy
树状物	tree
树的	arboreal
树皮	bark, rind
树稍	treetop
树立	erect
树立者	erector
树篱	hedge
树胶	gum
树胶水彩画	gouache
树胶状的	gummy
树胶的	gummy
树脂	resin
树苗	sapling, seedling
树阴处	bower
栓	plug, tether
栓塞	embolism
栓孔	keyhole
栖于树木	arboreal
栖于树木的	arboreal
栖息	perch, inhabit
栖息地	habitat
栖息的鸟	rooster
栖木	perch, roost
栗子	chestnut
栗树	chestnut
栗色	chestnut, sorrel
栗色动物	sorrel
栗色的	chestnut
校内	intramural
校内的	intramural
校准	adjust
校准器	regulator
校准者	regulator
校勘	collate
校友	grad, schoolfriend
校园	campus
校对	proof, collate
校平器	leveller
校核	checking
校正	adjustment, revise
校正器	adjuster
校正的	corrected
校舍	schoolhouse
校订	revision, revise
校长	principal, headmaster
校长职务	headship
校际	intercollegiate, interscholastic
校际的	intercollegiate, interscholastic
校验	verify
校验子	syndrome
栩栩如生	lifelike
栩栩如生的	lifelike
样品	sample, specimen
样品检验员	sampler
样品间	showroom
样子	look
样子好	shapely
样子好的	shapely
样式	type, style
样式的	modal
样本	example, sample
样机	prototype
样板	former
样板文件	boilerplate
核	nuclear
核准	approve, sanction
核准的	authorized
核子	nuclear
核子的	nuclear
核对	check
核心	quick, nut
核心会议	caucus
核心程序	nucleus
核染质的	chromatic
核武器	nuke
核武器的	nuke
核电厂	nuke
核的	nuclear
核能	atom
核苷酸	nucleotide
根	root
根据	from
根据上下文	contextually
根据传说	reportedly
根据传闻	reportedly
根据地	foothold
根据实验	experimental
根据实验的	experimental
根据征候	symptomatic
根据征候的	symptomatic
根据推定	presumptive
根据推定的	presumptive
根据民法	civilly
根据神意	providential
根据神意的	providential
根据经验	experiential
根据经验的	experiential
根据计划	planned
根据计划的	planned
根据证据	evidentiary
根据证据的	evidentiary
根据选举	elective
根据选举的	elective
根据风评	reputedly
根本	prime, root
根本不同	disparate
根本不同的	disparate
根本地	radically
根本的	prime, primary
根深	inveterate
根深的	inveterate
根深蒂固	entrenched, ingrained
根深蒂固的	entrenched, ingrained
根源	parent, source
根篱	mulch
根绝	eradicate, exterminate
根茎	rootstock, rhizome
根除	root, eradicate
根除者	exterminator
格	lattice
格伦	glenn
格伦达	glenda
格外	particularly, especially
格奇	gedge
格奥尔格	georg
格子	grid, lattice
格子呢	tartan
格子呢的	tartan
格子图案	plaid
格子状东西	lattice
格子窗	grille
格子结构	trellis
格子花呢	plaid
格子花呢披风	plaid
格尔	kruger
格式	format
格式上	stylistic
格式上的	stylistic
格式化	format
格式化的	stylised
格式结构	trellis
格律	metre
格拉德斯通	gladstone
格拉斯哥	glasgow
格拉迪斯	gladys
格斗	joust
格斗者	combatant
格斯	gus
格构	trellis
格林	greene
格林姆	grimm
格栅	grilling
格格作响	rattling
格格作响的	rattling
格格响	rattle
格格地咬	champ, chomp
格格地嚼	champ
格格声	rattle
格洛斯特	gloucester
格温	gwen
格状物	gridiron
格莱斯顿	gladstone
格言	adage, gnome
格里	gerry
格里塔	greta
格里菲思	griffith
格雷戈里	gregory
格雷格	greg
栽培	plant, growth
栽培变种	cultivar
栽培者	grower
栽培花木	garden
栽植	cultivated, plantation
栽植的	cultivated
栽种	bed
桁	joist
桁等	outrigger
桂冠诗人	laureate
桂足香	wallflower
桂香香水	wallflower
桃乐茜	dorothy
桃子	peach
桃树	peach
桃瑞丝	doris
桃色	peach
桃花心木	mahogany
桃金娘	myrtle
桃金娘科植物	myrtle
桅	mast
桅杆	mast
桅灯	headlight, headlamp
桅顶	masthead
框	frame, mount
框架	frame, cadre
框架的	skeletal
框格	sash
案卷保管员	archivist
桉属	eucalyptus
桉属植物	eucalyptus
桌子	table
桌球	billiards
桌面	desktop, tabletop
桎梏	shackle
桑巴舞	samba
桑德拉	sandra
桑拿浴	sauna
桑普森	sampson
桑树	mulberry
桑椹	mulberry
桑葚	mulberry
桑顿	thornton
桔子	orange
档案	record, file
档案中	archival
档案中的	archival
档案保管人	archivist
档案文件	archive
档案的	archival
档案馆	archive
桤木	alder
桥	bridge
桥基	pier
桥墩	pier
桥墩尖端	starling
桥接	bridging
桥接器	bridge
桥梁	bridge
桥氧	epoxy
桦	birch
桦木	birch
桦条	birch
桦树	birch
桧	gorse
桧木	cypress
桨	paddle, oar
桨手	oar, rower
桩	stake
桶	barrel, bucket
桶匠	hooper
桶孔	bung
桶板	clapboard
桶架	gantry
梅勒妮	melanie
梅塞德斯	mercedes
梅尔维尔	melville
梅尔维尔湖	melville
梅布尔	mabel
梅根	megan
梅毒	syphilis
梅毒瘤状的	gummy
梅纳德	maynard
梅花鲈	ruff
梅赛德斯	mercedes
梗塞	infarction
梗塞形成	infarction
梗概	skeleton, rundown
梗死形成	infarction
梗阻	obstruction
梢	tip
梦	dream
梦一般	dreamlike
梦一般的	dreamlike
梦中剧情	dramatization
梦乡	dreamland
梦似	dreamily
梦似地	dreamily
梦境	dreamland, phantasm
梦寐以求	coveted
梦寐以求的	coveted
梦幻	dreamlike
梦幻的	dreamlike
梦想	dream
梦想的	visionary, dreamy
梦想者	visionary, dreamer
梦游	sleepwalk
梦见	vision
梦话	jargon
梦魇	nightmare
梦魇似	nightmarish
梦魇似的	nightmarish
梨子	pear
梨子酒	perry
梨木	pear
梨树	pear
梭子	shuttle
梭子鱼	barracuda
梭织	tat
梭编	tat
梭编工人	tatter
梯	ladder
梯子	staircase
梯度	gradient
梯形	echelon
梯形看台	amphitheater
梯次编队	echelon
梯牧草	timothy
梯状	scalar
梯状物	ladder
梯状的	scalar
梯田	terrace
梯级	stair
梯阵	echelon
梳刷过	curried
梳刷过的	curried
梳头发	comb
梳妆	toilet
梳妆用具	toiletry
梳毛	comb, sliver
梳理	card
梵文学者	pundit
检举	peach, impeach
检举人	prosecutor
检偏振器	analyser
检像器	viewfinder
检定的	certified
检审	vet
检察官	inquisitor, procurator
检控的	prosecuting
检查	check, examine
检查人	examiner
检查出	rummage
检查制度	censorship
检查员	inspector
检查官	searcher
检查点	checkpoint
检查的	checking
检查程序	checker
检查站	checkpoint
检查者	searcher
检查过	examined
检查过的	examined
检波	detection
检波器	detector
检测	sense
检测器	sensor, detector
检测板	checkerboard
检点行为	behave
检疫期	quarantine
检索	recall
检索词	term
检视人	visitor
检讨	review
检阅	inspect, muster
检验	prove, inspection
检验人	identifier, examiner
检验员	surveyor
检验器	detector
检验室	laboratory
检验标准	touchstone
检验程序	checker
棉	wool
棉塞	tampon
棉的	cottony
棉絮	batt, batting
棉纸	tissue
棉胎	batting
棉花	cotton
棉被	quilt
棋盘	checkerboard
棍	stick
棍打	bludgeon
棍棒	staff
棒	bar, stick
棒形图	bar
棒棒糖	lollipop
棒球	baseball
棒球场	ballpark
棒球手	ballplayer
棒球手套	mitt, mit
棒球系统	baseball
棒球运动	ballgame
棒糖	lolly
棕土	umber
棕土色	umber
棕土色的	umber
棕榈	palm
棕榈汁	toddy
棕榈酒	toddy
棕色	umber, sandalwood
棕色的	umber
棘	thorn, spine
棘手	awkward
棘手事	handful
棘手的	awkward
棘折	spinal
棘爪	ratchet
棘轮	ratchet
棘齿轮	ratchet
棚	cot
棚厂	hangar
棚屋	shack, shanty
棚户区	shantytown
森林	forest
森林动物	forester
森林地	forestry
森林居民	forester
森林开伐	deforestation
森林志	silva
森林的	sylvan
森林管理员	woodward
棱堡	bastion
棱晶形的	prismatic
棱晶的	prismatic
棱柱	prism, prismatic
棱柱的	prismatic
棱纹平布	rep
棱线	ridge
棱镜	prism
棺侧送葬者	pallbearer
棺材	coffin
棺材架	bier
棺罩	pall
椅子	chair
椅子的背罩	tidy
椅背纵板	splat
植入	embedded, imbed
植入法	implantation
植入物	implant
植入的	embedded
植入管	implant
植林于	wood
植树于	forest
植树造林	plantation
植物	plant
植物丛	flora
植物体	frond
植物化学	phytochemical
植物化学的	phytochemical
植物区系	flora
植物园	arboretum
植物学	botanical, botany
植物学家	botanist
植物学的	botanical
植物性的	vegetative
植物性药材	botanical
植物界的	botanic
植物的	vegetable
植物群	flora
植绒	tufted
植绒的	tufted
椎骨	vertebra, vertebral
椎骨的	vertebral
椒盐卷饼	pretzel
椭圆	elliptical, ellipse
椭圆形	oval
椭圆形的	oval
椭圆的	elliptical
椰子	coconut
椰子树	coco
椴	linden
椴树	bass
椽	rafter
楔住	wedge
楔入	wedge
楔子	wedge
楔形榫头	dovetail
楔形物	wedge
楔石	keystone
楞伽	lanka
楼	storey
楼上	upstairs
楼上的	upstairs
楼下	downstairs
楼下的	downstairs
楼层	floor
楼梯	stairs, stair
楼梯井	stairwell
楼梯基	stringer
楼梯式	stepwise
楼梯式的	stepwise
楼梯的扶栏	banister
楼梯部分	staircase
楼阁	pavilion
概念	notion, concept
概念地	conceptually
概念的	conceptual
概念表达	conceptualization, conceptualize
概括	sum, summarise
概括出	generalise
概率	probability
概率性的	probabilistic
概略	roughly
概略地	roughly
概略的	skeleton, sketchy
概要	summary, outline
概要地	summarily
概要的	schematic, synoptic
概观	overview
概论	generality, panorama
概说	generality
概述	summarize, overview
榆树	elm
榛子	hazel
榛实	hazelnut
榛树	hazel
榛树的	hazel
榜样	exemplar
榨	pressure
榨出	sweat
榨出物	extract
榨取	milk, squeeze
榨渣	marc
榫眼	mortise
榴弹炮	howitzer
榴霰弹	shrapnel
槌	gavel, pestle
槌球游戏	croquet
槛	sill
槲寄生	mistletoe
槲寄生属植物	mistletoe
槽	tank
槽板	raceway
槽的	groovy
槽车	tanker, cistern
樟脑	camphor
模仿	pattern
模仿作品	pastiche
模仿夜莺叫	jug
模仿的	mimic, mimetic
模仿者	mimic, copycat
模具	moulded
模具的	moulded
模制	molding
模制件	molding
模制品	mould
模制的	moulded
模压	molding
模块	module
模块化的	modular
模型	model, former
模型作者	modeler
模型化	modeling
模型工	modeler
模塑	molding, molded
模塑的	molded
模子	mould, mold
模式	schema
模式化	modeled
模式带	banding
模态	mode
模态的	modal
模拟	simulate, simulation
模拟仿真系统	ass
模拟器	simulator
模拟案件	moot
模拟的	mock, simulate
模拟程序	imitator
模拟艺人	impersonator
模拟运算表	table
模数	module
模数的	modular
模板	template
模棱两可	ambiguous, ambivalent
模棱两可的	ambiguous, ambivalent
模棱两可的话	equivocation
模版	stencil
模特儿	model
模特儿职业	modelling, modeling
模糊	faint, obscure
模糊不清	slur
模糊不清的	blurred
模糊化	obfuscation
模糊地	faintly
模糊思想	mysticism
模糊的	faint, obscure
模范	pattern, model
模范犯人	trusty
模范的	model
模量	modulus
横	horizontal, transverse
横切	transect
横列	rank
横向	transverse, sidelong
横向地	sidelong
横向的	transverse
横地	crossly
横幅	streamer
横放	thwart
横放的	thwart
横断	traverse
横断物	transverse, traverse
横木	crossbar
横杆	rail
横档	rung, transom
横梁	beam
横楣	transom
横渡	crossing
横渡大西洋	transatlantic
横渡大西洋的	transatlantic
横的	horizontal, transverse
横着走	sidle
横穿	intersect
横笛	fife, flute
横笛吹奏者	flutist
横蛮的人	roughneck
横行	infestation
横财	windfall
横贯	traverse
横贯大陆	transcontinental
横贯大陆的	transcontinental
横越	crossing, traverse
横跨一步躲避	sidestep
横跨的一步	sidestep
横躺	couch
横躺的	lying
横过	cross
横隔膜	diaphragm
樱桃	cherry
樱桃树	cherry
樱桃色	cherry
樱蛤	tellin
樵夫	logger, woodsman
橄榄	olive
橄榄树	olive
橄榄球	football, rugby
橄榄球赛	rugby
橄榄色	olive
橄榄色的	olive
橘色	orange
橘色的	orange
橙红色	titian
橡木	oak
橡木制	oak
橡木制的	oak
橡树	oak
橡树果实	acorn
橡皮	rubber, gum
橡皮奶头	pacifier
橡皮泥	plasticine
橡皮筋	elastic, bungee
橡皮筏	dinghy
橡皮糖	gum
橡皮膏	adhesive
橡皮软垫	cushion
橡皮软管	hose
橡胶	rubber
橡胶似	rubbery
橡胶似的	rubbery
橡胶套鞋	galosh
橱柜	cabinet
檀木	saunders
檀香	saunders
檀香木	sandal, sandalwood
檀香木色	sandalwood
檐口	cornice
欠帐	arrears
欠慎重	indiscreet
欠慎重的	indiscreet
欠整理	maladjustment
欠款	debt
欠爽	malaise
欠着的	owing
欠硫	soggy
欠缺	defective
欠缺的	defective
欠考虑	thoughtless, unwise
欠考虑的	thoughtless, unwise
欠钱	owe
欠鞣皮	hungry
次乙基	acet
次于	next
次代培养物	subculture
次元	dimension
次品	inferior
次培养物	subculture
次大陆	subcontinent
次序	order
次日	morrow
次最优的	suboptimal
次等	inferior
次等的	inferior
次级	sub, inferiority
次级品	seconds
次级样本	subsample
次级的	sub
次要	side, second
次要位置	backseat
次要地位	sidetrack
次要情节	subplot
次要方面	accidental
次要的	side, second
次长	undersecretary
欢乐	glee, gaily
欢乐主义	hedonism
欢乐地	gaily
欢乐歌	paean
欢乐的	festive, rollicking
欢乐的佳节	jubilee
欢乐的歌	carol
欢乐的聚会	jamboree
欢呼	cheer, acclaimed
欢呼声	hurrah
欢呼的	jubilant
欢唱	carol
欢喜	joy
欢喜地	gladly
欢喜的	joyful
欢天喜地	rapture, rapturous
欢天喜地的	rapturous
欢宴	festival
欢宴的	convivial
欢宴者	reveler, reveller
欢庆日	jubilee
欢快	gay, bright
欢快地	bright
欢快的	gay
欢欢喜喜	delightedly
欢欣	triumph
欢欣的	exultant
欢笑	mirth
欢跃	frisk
欢迎	welcome
欢迎人员	greeter
欢迎词	welcome
欢闹	hilarious, frisky
欢闹的	hilarious, frisky
欣喜	rejoice
欣喜地	delightedly
欣快	euphoric, euphoria
欣快症	euphoric
欣快症的	euphoric
欣快的	euphoric
欣慰	thankful
欣慰的	thankful
欣然	willingly, delightfully
欣然地	willingly
欣赏	enjoy
欣赏地	appreciatively
欧元	euro
欧内斯特	ernest
欧姆	ohm
欧文	owen, irwin
欧椋鸟	starling
欧洲债券	eurobond
欧洲大陆人	continental
欧洲夹竹桃	oleander
欧洲樱草	primrose
欧洲没药	cicely
欧洲萝卜	parsnip
欧洲蕨	bracken
欧洲防风草	parsnip
欧石南属植物	erica
欧绮霞	monique
欧美	occidental
欧美人	occidental
欧美的	occidental
欧莳萝	cumin
欧鲽	plaice
欧鳊属淡水鱼	bream
欲	choose
欲振乏力	weakness
欲望	desire, stomach
欲睡	sleepy
欲睡的	sleepy
欺侮	spite
欺凌弱小者	bully
欺瞒	delusion
欺诈	false, trick
欺诈地	false
欺诈的	fraudulent, con
欺负	bait, bully
欺负某人	victimized
欺骗	impose, fraud
欺骗地	fraudulently
欺骗性	catchy
欺骗性的	catchy
欺骗的	spurious, beguiling
欺骗者	trickster
款式	styling
款待	treat, entertainment
歇斯底里	hysterical, hysterically
歇斯底里地	hysterically
歇斯底里爆发	hysterics
歇斯底里症	hysteria
歇斯底里的	hysterical
歉收	lean
歉收的	lean
歌	song
歌剧	opera
歌剧的	operatic
歌剧风格	operatic
歌剧风格的	operatic
歌唱	singing
歌声	singing
歌女	alma
歌手	singer
歌星倾慕者	groupie
歌曲	tune
歌曲作者	lyricist
歌曲创作	songwriting
歌舞女郎	showgirl
歌词	lyric, lyrics
歌词集	libretto
歌谣	ballad
歌谣集	songbook
歌集	songbook
歌颂	sing, carol
歌鸟	songbird
歌鸫	mavis
歜	enraged
止不住	unquenchable
止不住的	unquenchable
止住	staunch, stanch
止痛	analgesic, balmy
止痛剂	analgesic
止痛片	painkiller
止痛的	analgesic, balmy
止痛药	painkiller, tranquilliser
止臭	deodorant
止臭的	deodorant
止血	staunch, stanch
止血器	tourniquet
止血带	tourniquet
止血棉塞	tampon
正	plus
正中	median
正中切开	midsection
正中动脉	median
正中的	median
正义	right, justice
正义感	conscience
正义的	righteous
正交	orthogonal
正交的	orthogonal
正交直线	orthogonal
正会员	freeman
正击	forehand
正切	tangential, tangent
正切的	tangential, tangent
正则的	canonical
正午	noon, midday
正午的	midday
正厅池座	parquet
正号	plus
正好	just
正好相反	polar
正好相反地	diametrically
正好相反的	polar
正子	positron
正射的	orthographic
正常	normal, normally
正常化	normalization
正常地	normally
正常的	normal
正式	state
正式加入	accede
正式地	regularly, formally
正式建成	activate
正式意见	deliverance
正式手续	formality
正式放弃	abdicate
正式的	state
正式脱离	secede
正式誊写	engross
正式请求	petition
正式通过	adopt
正式队员	regular
正弦	sine
正弦曲线	sinusoidal
正弦曲线的	sinusoidal
正弦样的	sinusoidal
正当	legitimate, valid
正当地	rightly, legitimately
正当理由	warranty, warrant
正当的	legitimate, valid
正态化	normalization
正打	forehand
正打的	forehand
正教	orthodoxy
正文	text
正方形	square
正方形的	square
正本	script
正派	nice
正派地	decently
正派的	nice
正火	normalization
正牙学家	orthodontist
正电子	positron
正的	plus, positive
正直	just
正直地	straightforwardly, rightfully
正直的	just
正相反	antithetical
正相反的	antithetical
正确	just, right
正确地	right
正确性	validity
正确的	just, right
正离子	cation
正经	earnestness
正统	orthodox, legitimacy
正统化	legitimation
正统性	legitimacy
正统派	classical
正统派的	classical
正统的	orthodox
正统说法	orthodoxy
正规	normally, normal
正规军	regular
正规化	normalization
正规化的	normalized
正规地	normally
正规的	normal
正视	face
正起作用	on
正起作用的	on
正辛烷	octane
正面	face
正面地	fair, slap
正面的	obverse, frontal
正面看台	grandstand
正餐	dinner, dining
正餐时间	dinnertime
此后	hereafter
此外	further, furthermore
此外的	further
此时	here
此时以前	heretofore
步	step
步兵	infantry
步兵团	infantry
步兵大队	cohort
步子沉重	lumbering
步子沉重的	lumbering
步履艰难地走	trudge
步幅	step
步态	walking, tread
步态竞赛	cakewalk
步数计	pedometer
步枪	rifle
步枪射手	rifleman
步法	pace, gait
步程计	pedometer
步行	walk, foot
步行用	walking
步行用的	walking
步行的	walking, gradient
步行者	pedestrian
步调	foot
步进	stepper
步进式	stepping
步进式的	marching
步道	footpath
步骤	move, step
武力	force
武器	weapon
武士	warrior
武断	arbitrary, assertive
武断地	arbitrarily
武断的	arbitrary, assertive
武装	arm, weapon
武装的	armed
武装直升机	gunship
武装起来	arm
武装部队	service
武装部队的	service
歧视女性	sexism
歧视女性的	misogynistic
歪	crooked, awry
歪区	distort
歪斜	skew, askew
歪斜地	awry, askew
歪斜的	askew, wry
歪曲	colour, color
歪曲事实的	twisty
歪曲的	wry
歪的	crooked, awry
歹徒	gangster, gorilla
死	die, dead
死一般	deathly
死一般的	deathly
死了	departed
死了的	departed
死亡	die, death
死亡数目	mortality
死亡率	mortality
死产	stillbirth, stillborn
死产的	stillborn
死人	sleeper
死刑执行人	executioner
死后	posthumous
死后的	posthumous
死尸	stiff, cadaver
死板的人	ramrod
死气沉沉	lifeless
死气沉沉的	lifeless
死水	backwater
死用功的学生	wonk
死的	dead
死网	gravesite
死者	dead
死而复生的人	phoenix
死肉	carrion
死胎	stillbirth
死记硬背	cram, rote
死路	impasse
死锁	deadlock
死骨形成	sequestration
歼灭	annihilation, eradication
殉教	martyrdom
殉节	martyrdom
殉难	martyrdom
残余	remainder, remains
残余物	scrap
残余的	remnant, leftover
残基	residue
残存	survival
残存性	survivability
残存物	hangover
残废	disabled
残废的	disabled
残废者	invalid
残忍	brutal, ferocious
残忍地	brutally, cruelly
残忍的	brutal, ferocious
残忍贪婪之人	wolf
残暴	atrocity, atrocious
残暴的	atrocious, barbarous
残暴的男人	gorilla
残暴的行为	barbarity
残杀	slaughter, massacre
残株	stump, stubble
残毁	mutilation
残液	residue
残渣	residue, residual
残渣的	residual
残留	vestigial
残留物	leftover, hangover
残留的	vestigial
残疾	disability
残疾的	handicapped
残缺	deformity
残缺者	deformity
残遗器官	rudiment
残遗的	rudimentary
残酷	cruel, cruelty
残酷地	bitterly, cruelly
残酷地对待	brutalize
残酷成性	sadistic
残酷成性的	sadistic
残酷的	cruel, relentless
残酷的人	hyena
残酷行为	cruelty
残骸	debris, wreckage
殖民	colonial
殖民主义	colonialism
殖民主义者	colonialist
殖民于	populate, colonize
殖民地	colony, colonial
殖民地化	colonisation
殖民地居民	colonist, colonial
殖民地开拓者	colonizer
殖民地的	colonial
殖民的	colonial
殖民者	colonizer
殡仪业者	mortician
殴打	strike, blow
殴斗	cuff
段	chapter, sector
段式调度	segmentation
段的	segmental
段落	paragraph
段落重排	justify
殷勤	hospitality
殿下	highness, sire
毁伤外貌	deface
毁坏	destroy, demolish
毁坏后的残迹	ravages
毁坏的	destructive
毁坏的内部	gutted
毁损	derogation, mutilation
毁损的	derogatory
毁损者	detractor
毁灭	ruin, destruction
毁灭性	devastating, destructive
毁灭性的	devastating, destructive
毁灭的	ruined, damning
毁约	renege, delinquency
毁谤	disparagement, defamation
毁谤的	disparaging
毂	hub
毂盖	hubcap
毅力	perseverance, willpower
毅然	resolute, resolutely
毅然地	resolutely
毅然的	resolute
毋宁	ere
毋庸置疑地	impeccably
母亲	mother
母亲们	motherhood
母亲的	maternal
母体	matrix
母兽	cow
母山羊	nanny
母性	maternity
母性的	maternal
母方	maternal
母方的	maternal
母板	motherboard
母牛	cow
母牛的颈铃	cowbell
母狐	bitch
母狗	bitch
母狼	bitch
母猪	sow
母的	maternal
母系	maternal
母系的	maternal
母线	bus
母羊	ewe
母道	motherhood
母马	mare
母驴	mare, jenny
母鸡	hen
母鹿	doe
每	per
每一	every, each
每三个月	quarterly
每两周一次	biweekly
每两周一次地	biweekly
每个	each
每个人	everyone, everybody
每二百年	bicentennial
每人均摊费	capitation
每件事物	everything
每十人杀一人	decimate
每周	weekly
每周二次	biweekly
每周二次地	biweekly
每周二次的	biweekly
每周的	weekly
每四年一次	quadrennial
每四年一次的	quadrennial
每夜	nightly
每夜的	nightly
每天	everyday
每天的	everyday
每季	quarterly
每季一次	quarterly
每季的	quarterly
每小时	hourly
每小时地	hourly
每小时的	hourly
每年	annual
每年两次	biannual
每年的	annual
每年落叶	deciduous
每年落叶的	deciduous
每当	whenever
每日	daily
每日发作	quotidian
每日发作的	quotidian
每日地	daily
每日摘要	pony
每日摘要的	pony
每日的	daily
每月	monthly
每月一次	monthly
每月一次的	monthly
每月两次	bimonthly
每月两次的	bimonthly
每月的	monthly
每期	terminally
每秒钟字符数	cps
每逢	whenever
毒	poison
毒力	toxicity, virulence
毒品贩子	junky
毒如蛇蝎的人	viper
毒害	virus, poison
毒害者	poisoner
毒性	toxicity, virulence
毒性的	virulent
毒杀	poison
毒死他人者	poisoner
毒气	miasma
毒液	venom
毒物	poison
毒物学	toxicology
毒物学家	toxicologist
毒物学者	toxicologist
毒物的	toxic
毒理学	toxicology
毒理学家	toxicologist
毒理学者	toxicologist
毒的	venomous
毒素	toxin
毒芹属植物	hemlock
毒茴类毒草	hemlock
毒药	poison
毒蛇	viper
毒贩子	fixer
比	than
比例	proportion, scale
比例性	proportionality
比例的	proportional
比例结合	gearing
比例过高	overrepresentation
比例项	proportional
比分	game
比利	billie
比勒陀利亚	pretoria
比原子更小	subatomic
比原子更小的	subatomic
比喻	compare, comparison
比喻地	metaphorically, figuratively
比喻性	metaphorical
比喻性的	metaphorical
比喻的	figurative, figural
比基尼泳装	bikini
比塞塔	peseta
比得上	equal, comparable
比得上的	comparable
比拟	liken
比拟的	analogical
比率	rate
比目鱼	dab
比索	peso
比萨饼	pizza
比赛	game
比赛前	pregame
比赛前的	pregame
比赛场	amphitheatre
比赛场的前缘	ringside
比赛场的外围	ringside
比赛者	racer
比较	compare, comparison
比较久	longer
比较仪	comparator
比较分类器	comparator
比较器	comparator
比较地	relatively, comparatively
比较好	better
比较激进	pink
比较激进的	pink
比较的	comparative, relative
比阿特丽斯	beatrice
毕业	graduation, graduate
毕业了	graduated
毕业了的	graduated
毕业典礼	commencement
毕业文凭	parchment
毕业班学生	senior
毕业生	graduate
毕业的	graduate
毕业证书	diploma
毕尔巴鄂	bilbao
毕生	lifelong
毕生的	lifelong
毗连	adjacent, adjoining
毗连的	adjacent, adjoining
毗邻	abut
毗邻而居	neighbor
毛	hair
毛制品	woolen
毛发	hair
毛发蓬乱	shaggy
毛发蓬乱的	shaggy
毛圈	terry
毛圈织物	terry
毛地黄	foxglove
毛坯	rough
毛孔	pore
毛巾	towel
毛拉	mullah
毛掸子	whisk
毛毯	blanket
毛状	capillary, hairy
毛状的	capillary, hairy
毛病	fault
毛皮	fur, furry
毛皮制高帽子	busby
毛皮围巾	palatine
毛皮的	furry
毛笔	brush
毛线	wool
毛线的	worsted
毛线衫	sweater
毛细管	capillary
毛细管的	capillary
毛织	woolen
毛织品	woollen
毛织物	wool
毛织的	woolen
毛绒绒	fluffy
毛绒绒的	fluffy
毛茛属植物	buttercup
毛茸茸	brushy
毛茸茸的	brushy
毛虫	caterpillar, palmer
毛衣	sweater
毛边	burr
毛面蚀刻	frosting
毛骨悚然	thrilling, horrid
毛骨悚然的	thrilling, horrid
毡	felt
毡包	yurt
毡毛山核桃	hickory
毫不	nothing
毫不悔改的	unrepentant
毫不留情	ruthless
毫不留情的	ruthless
毫克	milligram
毫升	milliliter
毫微技术	nanotechnology
毫微秒	nanosecond, ns
毫微管	nanotube
毫微米	mmm, nanometer
毫无疑问	unquestionably
毫无疑问的	unchallenged
毫无表情	blankly
毫无表情地	blankly
毫无趣味	ponderous
毫无趣味的	ponderous
毫瓦	mw
毫秒	millisecond
毫米	mm
毫英寸	mil
毯子	blanket
氏族	sept, clan
氏族的	septal
民主	democratic
民主主义	democracy
民主主义地	democratically
民主主义者	democrat
民主人士	democrat
民主党	democrat
民主党党员	democrat
民主化	democratization, democratize
民主地	democratically
民主政体	democracy
民主政体的	democratic
民主政治	democracy
民主的	democratic
民事上	civilly
民事侵权行为	tort
民众	public
民俗	folkloric
民俗学	folklore
民俗学者	folklorist
民俗的	folkloric
民兵	minuteman, militiaman
民兵组织	militia
民意测验	poll
民意调查人	pollster
民族	people
民族上	ethnically
民族主义	nationalism
民族主义者	nationalist
民族优越感	ethnocentrism
民族性	nationality
民族特性	nationalism
民族特有	ethical
民族特有的	ethical
民族的	ethical
民族精神	ethos
民法专家	civilian
民用	civilian
民用的	civil, civilian
民间	folk
民间传说	folklore, folkloric
民间传说的	folkloric
民间故事	folktale
民间的	folk
民间风俗	folklore
气人	irritating
气人的	irritating
气体	gas
气体的	gaseous
气候	climate
气候区	climate
气候学	climatology
气候学家	climatologist
气候的	climatic
气力	pep
气化	gasification
气压	barometric
气压的	barometric
气压计	barometer
气味	wind, smell
气味刺鼻	tangy
气味刺鼻的	tangy
气喘	asthma, breathlessly
气喘吁吁	breathless
气喘吁吁地说	pant, gasp
气喘吁吁的	breathless
气喘地	breathlessly
气喘的	asthmatic
气垫船	hovercraft
气塞	airlock
气孔	pore
气密	airtight
气密的	airtight
气密舱	airlock
气封	airlock
气态	gaseous
气态的	gaseous
气急败坏地说	sputter
气息	wind, breath
气恼	chafe, peeve
气恼的	peeved, ruffled
气愤	outraged
气愤的	outraged
气氛	mood, atmosphere
气氛的	aural
气氛紧张	charged
气氛紧张的	charged
气流	draft
气溶胶	aerosol
气球	balloon
气的	gaseous
气窗	transom
气窝	airlock
气管	windpipe, trachea
气管切开术	tracheotomy
气管的	tracheal
气肿	emphysema
气胀	flatulence
气色不好	sallow
气色不好的	sallow
气象	weather
气象台	observatory
气象员	weatherman
气象学	meteorology, meteorological
气象学的	meteorological
气象学者	meteorologist
气象状态	meteorology
气象的	meteorological
气质	temperament, ethos
气质的	temperamental
气过水声	gurgling
气量大的	magnanimous
气闷	choking
气闷的	choking
气闸	airlock
气隙	airspace
气馁	downcast, crestfallen
气馁的	downcast, crestfallen
气魄	verve
氖	neon
氘	deuterium
氙	xenon
氚	tritium
氟化物	fluoride
氡	radon
氢	hydrogen
氢化可的松	cortisol
氢气发音管	harmonica
氢氧化物	hydrate, hydroxide
氢氧基	hydroxyl
氢氧根	hydroxyl
氦	helium
氧	oxygen
氧不足	hypoxia
氧化	oxidize, oxidation
氧化物	oxide
氧化的	oxidative
氧化还原电位	eh
氧化锡	putty
氧过少	hypoxia
氨	ammonia
氨基	amino
氨基甲酸乙酯	urethane
氨基的	amino
氨基酚	acetaminophen
氨水	ammonia
氩	argon
氮	nitrogen
氮的	nitrous, nitric
氯	chlorine
氯丁二烯橡胶	neoprene
氯丁橡胶	neoprene
氯仿	chloroform
氯化	chlorination
氯化作用	chlorination
氯化氢	hydrochloric
氯化氢的	hydrochloric
氯化物	chloride
氰化物	cyanide
水	water
水上	aquatic
水上的	aquatic
水上飞机	seaplane
水下	submerged
水下的	submerged
水下通气管	snort
水中	aquatic
水中的	aquatic
水中精灵	nix
水产养殖	aquaculture
水仙	narcissus
水仙花	daffodil
水仙花色	daffodil
水仙花色的	daffodil
水传播	waterborne
水传播的	waterborne
水位标志	watermark
水位降低	drawdown
水兵	marine, seaman
水准	level
水准地	levelly
水准测量	leveling
水分	wet, moisture
水分过多	runny
水分过多的	runny
水力	hydraulic
水力学	hydraulics
水力电气	hydroelectric
水力电气的	hydroelectric
水力的	hydraulic
水化合物	hydrate
水印	watermark
水压	hydraulic
水压的	hydraulic
水合	hydration
水合物	hydrate
水坑	puddle
水坝	dam
水塘	pool
水壶	canteen, jug
水平	level
水平位置	horizontal
水平安定面	stabilizer
水平线	horizontal
水平线的	horizontal
水平置中	horizontally
水平面	horizontal
水彩画	watercolour, watercolor
水彩画作者	watercolorist
水彩颜料	watercolor
水性	watercraft
水成	aqueous
水成的	aqueous
水手	sailor, mariner
水文	hydrologic
水文学	hydrology, hydrological
水文学的	hydrological
水文学者	hydrologist
水文的	hydrologic
水族馆	aquarium
水旱两生植物	amphibian
水星	mercurial
水星的	mercurial
水晶	crystal
水晶一样	crystal
水晶一样的	crystal
水晶制	crystalline
水晶制的	crystalline
水晶的	crystal
水晶般	crystalline
水晶般的	crystalline
水晶装饰品	crystal
水晶透镜	pebble
水杨梅	bennet
水果	fruit
水果奶油布丁	charlotte
水果布丁	dumplings
水果干布丁	duff
水果松糕	shortcake
水果的	fruity
水枪	squirt
水槽	trough
水母	jellyfish
水沟	slot
水沫	spray, foam
水泥	cement
水泥浆	grout
水流	stream
水流权	watercourse
水浅的地方	shallow
水深测量	sounding
水源	source
水滴	drip
水漏	hourglass
水煮	poach
水牛	buffalo
水獭	otter
水獭皮	otter
水珠	sweat
水球	polo
水生	aquatic
水生动物	aquatic
水生噬鱼蝮蛇	moccasin
水生植物	aquatic
水生的	aquatic
水田芥	watercress
水电治疗的	hydroelectric
水电的	hydroelectric
水疗医院	hydro
水疱	blister
水痘	chickenpox
水的	watery
水管	hose, conduit
水管工人	plumber
水箱	cistern
水粉画	gouache
水粉颜料	gouache
水肿	edema, oedema
水花	spray
水芹	cress
水草缸	aquarium
水落管	spout
水蒸气	reek
水蒸气湿度	wetness
水虎鱼	piranha
水蛭	leech
水螅	hydra
水螅虫	polyp
水螈	newt
水蟒	anaconda
水路	waterway, lode
水路航道	waterway
水车	waterwheel
水轮	waterwheel
水边	waterfront, waterside
水运	waterborne
水运的	waterborne
水道	canal
水采画家	watercolorist
水银	mercury
水银似	quicksilver
水银似的	quicksilver
水门	floodgate, sluice
水门事件	watergate
水闸	lock
水陆两栖	amphibious
水陆两栖的	amphibious
水陆两用	amphibian
水陆两用的	amphibian
水陆两用飞机	amphibian
水雷	torpedo
水面	surface
水鸟	waterfowl, shorebird
水龙卷	spout
水龙头	tap
水龙软管	hosepipe
永不	never
永世	eon, aeon
永久	permanent, permanently
永久冻结带	permafrost
永久地	perennially
永久性	permanence
永久性的	permanently
永久的	permanent, lasting
永久的职位	permanency
永利	wynn
永劫	perdition
永存	perpetuation
永恒	eternal, lasting
永恒地	perpetually, eternally
永恒的	eternal, lasting
永续年金	perpetuity
永续性	sustainability
永远	ever, forever
永远的	eternal, immortal
汁	juice
求值	evaluation
求值子	evaluator
求助	recourse
求和	sigma
求婚	proposal, propose
求婚者	suitor
求援	reinforce, recourse
求救信号	weft
求爱	court
求爱时期	courtship
求爱者	admirer, beau
求知	curious
求知的	curious
求积仪	integrator
求解	solve
求解程序	solver
求解部件	decider
汇合	confluence
汇合成塘	pool
汇回本国	repatriation
汇报	report
汇款	remittance, remit
汇流条	bus
汇票	draft
汇编	assemble
汇编程序	assembler
汇编语言程序	alp
汇集	influx
汉丽埃塔	henrietta
汉堡	hamburger, hamburg
汉堡包	burger, hamburger
汉娜	hannah
汉密尔顿	hamilton
汉尼巴尔	hannibal
汉尼拔	hannibal
汉弗莱	humphrey
汉德尔	handel
汉斯	hans
汉普郡	hampshire
汉普顿	hampton
汉朝	han
汉森	hanson, hansen
汉民族	han
汉纳	hanna
汉考克	hancock
汉诺威市	hanover
汗	sweat, perspiration
汗损	sweating
汗水	sweat
汗流浃背	swelter
汗背心	vest
汗臭	bo
汗衫	shirt
汝	thou
汞	mercury
汞剂	mercurial
汞合金	amalgam
汞齐	amalgam
汞齐化	amalgamation
汞齐化作用	amalgamation
江	river
江河	river
江河湖泊	freshwater
江河湖泊的	freshwater
江湖医	charlatan
池	pool, lake
池塘	pond, mere
污名	stigma
污垢	dirt
污损	defile, vitiate
污斑	blotch
污染	pollution, stain
污染物	contaminant, pollutant
污染物质	pollutant
污染的	stainless, discolored
污染者	polluter
污水	sewage, sewerage
污水坑	sump, cesspool
污水槽	sink
污浊	turbid
污浊的	turbid
污点	spot
污物	contamination, sewage
污秽	nasty, foul
污秽地	nastily
污秽的	nasty, foul
污秽的东西	gunk
污脏	blurry
污脏的	blurry
污色的	sordid
污蔑	foul, smear
污辱	soil
污辱神物	desecration
污迹	smear, daub
污迹斑斑	smeared
污迹斑斑的	smeared
汤	soup
汤匙	tablespoon, tbsp
汤团	dumplings
汤姆森	thomson
汤普森	thompson
汤汁一样	soupy
汤汁一样的	soupy
汤锅	stockpot
汩汩地流	gurgle
汩汩声	gurgle, burble
汪	wong
汲取	scoop
汹涌	surge
汹涌的	billowy
汽	vapour, vapor
汽化器	carburettor
汽提塔	stripper
汽油	gas, petrol
汽笛	whistle
汽缸	cylinder
汽船	steamer, steamboat
汽艇	launch
汽车	car
汽车修理厂	garage
汽车制造商	automaker, carmaker
汽车外胎	casing
汽车工人	autoworker
汽车底部板	floorboard
汽车旅馆	motel
汽车棚	carport
汽车的	motor, automotive
汽车的喇叭声	honk
汽车竞赛场	speedway
汽车行列	motorcade
汽锅	boiler
沃利斯	wallis
沃尔什	walsh
沃尔夫冈	wolfgang
沃尔沃	volvo
沃尔瑟姆	waltham
沃尔顿	walton
沃恩	vaughan
沃波尔	walpole
沃特尼	watney
沃特金斯	watkins
沃里克	warwick
沃顿	wharton
沃顿商学院	wharton
沈默寡言的	reticent
沉下	gravitate, gravitation
沉床	mattress
沉思	speculation, reflection
沉思地	thoughtfully, pensively
沉思的	pensive, contemplative
沉没	founder, sink
沉没的	sunken
沉浸	immerse, immersion
沉淀	settle, deposit
沉淀池	settler
沉淀物	sediment, precipitate
沉淀物的	sedimentary
沉淀的	sedimentary
沉渣	settlement, sedimentary
沉渣的	sedimentary
沉溺	indulge, indulgence
沉溺的	given
沉着	steady, quietly
沉着地	quietly
沉着的	steady, serene
沉积	sediment, deposition
沉积作用	sedimentation
沉积物	sediment
沉积的	sedimentary
沉迷	wallow
沉醉状态	intoxication
沉重	heavy
沉重地	heavy
沉重地坠落	plunk
沉重地走	plod
沉重打击	sledgehammer
沉重的	heavy
沉重的步伐	trudge, plod
沉重缓慢	plodding
沉重缓慢地走	drag
沉重缓慢的	plodding
沉重负担	albatross
沉闷	tedious, dreary
沉闷地	dismally
沉闷的	tedious, dreary
沉闷的金属声	clunk
沉降	subside
沉降器	settler
沉降物	sediment
沉降的	sedimentary
沉静	stillness
沉默	silence, silent
沉默地	tacitly, wordlessly
沉默寡言	tacit
沉默寡言的	tacit
沉默寡言的人	clam
沉默的	silent, mum
沉默者	oyster
沐浴	bath, bathe
沙	sand, sandy
沙丁鱼	sardine, pilchard
沙丘	dune
沙利文	sullivan
沙发	sofa
沙发套	slipcover
沙哑	raucous, hoarse
沙哑的	raucous, hoarse
沙土鼠	gerbil
沙地	sandy
沙地的	sandy
沙场	battlefield
沙坑	bunker
沙子	sand
沙岩	sandstone
沙文主义	chauvinism, chauvinistic
沙文主义的	chauvinistic, chauvinist
沙文主义组织	chauvinist
沙文主义者	chauvinist
沙暴	sandstorm
沙林	sarin
沙果	crabapple
沙比桧	sabina
沙毛	roan
沙毛牲畜	roan
沙毛的	roan
沙沙地响	whisper
沙沙声	rustle
沙洲	shoal, sandbar
沙滩	sand
沙漏标	hourglass
沙漠	desert
沙漠化	desertification
沙漠的	desert
沙的	sandy
沙皇	tsar, czar
沙皇式	tsarist
沙皇式的	tsarist
沙皇的	tsarist
沙皇的支持者	tsarist
沙盒	sandbox
沙砾	gravel
沙礁	cay
沙禽	shorebird
沙箱	sandbox
沙芬	sabina
沙袋	sandbag
沙袋鼠	wallaby
沙锅	terrine
沙锥	snipe
沙门氏菌	salmonella
沙门氏菌属	salmonella
沙龙	saloon
沟厕	latrine
沟壑	gill
沟渠	sink, ditch
沟状切除术	guttering
没人占	unoccupied
没人占的	unoccupied
没人要	unwanted
没人要的	unwanted
没什么价值	trifling
没什么价值的	trifling
没价值	crappy
没价值的	crappy
没入水中	duck
没关系	irrespective
没关系的	irrespective
没加调味品	undressed
没加调味品的	undressed
没受教育	illiterate
没受教育的	illiterate
没吃	uneaten
没吃的	uneaten
没味道	tasteless
没味道的	tasteless
没头脑	mindless
没头脑的	mindless
没察觉	unknowing
没察觉的	unknowing
没希望	forlornly
没希望地	forlornly
没得分	scoreless
没得分的	scoreless
没想到	unawares
没把握	uncertainly
没把握地	uncertainly
没收	confiscate, forfeit
没收物	forfeit, forfeiture
没有	no, without
没有人	none, nobody
没有人争	uncontested
没有人争的	uncontested
没有人情味	impersonal
没有人情味的	impersonal
没有人读过	unread
没有人读过的	unread
没有价值	bum
没有价值的	bum
没有保护	defenceless
没有保护的	defenceless
没有偏见	unbiased
没有偏见的	unbiased
没有光泽	lackluster
没有光泽的	lackluster
没有内容	sleazy
没有内容的	sleazy
没有写	unwritten
没有写的	unwritten
没有前途	unpromising
没有前途的	unpromising
没有办法的	unable
没有动过	unmoved
没有动过的	unmoved
没有印象	unimpressed
没有印象的	unimpressed
没有受伤	unscathed, unharmed
没有受伤的	unscathed, unharmed
没有受害	unhurt, unharmed
没有受害的	unhurt, unharmed
没有名字	unnamed
没有名字的	unnamed
没有味道	unsavory, unsavoury
没有味道的	unsavory, unsavoury
没有国家	stateless
没有国家的	stateless
没有实现	unrealized
没有实现的	unrealized
没有希望	unpromising
没有希望的	unpromising
没有开	unopened
没有开的	unopened
没有形状	formless
没有形状的	formless
没有思想	vacuous
没有思想的	vacuous
没有情感	emotionless
没有情感的	emotionless
没有意识到	unwitting
没有意识到的	unwitting
没有打歪	unerring
没有打歪的	unerring
没有执照	unlicensed
没有执照的	unlicensed
没有数过	uncounted
没有数过的	uncounted
没有武装	unarmed
没有武装的	unarmed
没有气味	odorless
没有气味的	odorless
没有污点	untainted
没有污点的	untainted
没有灵魂	soulless
没有灵魂的	soulless
没有父亲的	fatherless
没有玷污	virginal
没有玷污的	virginal
没有理由	panic, unfounded
没有理由的	panic, unfounded
没有理的	unfounded
没有疑问	unproblematic
没有疑问的	unproblematic
没有的	none
没有目标	aimless
没有目标的	aimless
没有精神	despondent, soulless
没有精神的	despondent, soulless
没有组织	unorganized
没有组织的	unorganized
没有结婚	unwed
没有结婚的	unwed
没有自信	unsure
没有自信的	unsure
没有草皮	skinned
没有草皮的	skinned
没有被利用的	unemployed
没有被听到	unheard
没有被听到的	unheard
没有被雇用的	unemployed
没有观察到	unobserved
没有观察到的	unobserved
没有记录	unwritten
没有记录的	unwritten
没有负伤	unhurt
没有负伤的	unhurt
没有负担	unencumbered
没有负担的	unencumbered
没有责任	unanswerable
没有责任的	unanswerable
没有遗嘱	intestate
没有遗嘱的	intestate
没有铺砌	unpaved
没有铺砌的	unpaved
没有防卫	unguarded, unprotected
没有防卫的	unguarded, unprotected
没有阻挡	unobstructed
没有阻挡的	unobstructed
没有阻碍	unencumbered
没有阻碍的	unencumbered
没有降低	undiminished
没有降低的	undiminished
没有障碍	unobstructed
没有障碍的	unobstructed
没有鞋	shoeless
没有鞋的	shoeless
没有饱和	unsaturated
没有饱和的	unsaturated
没有香味	unsavory, unsavoury
没有香味的	unsavory, unsavoury
没有骨气	spineless
没有骨气的	spineless
没有魅力	unglamorous
没有魅力的	unglamorous
没气力	flabby, flaccid
没气力的	flabby, flaccid
没法辩解	inexcusable
没法辩解的	inexcusable
没注意到	overlook
没生命	inanimate
没生命的	inanimate
没用	trashy
没用的	trashy
没用的人	nit
没病	sane
没病的	sane
没礼貌	flippant
没礼貌的	flippant
没空	busy
没空的	busy
没精打采	remiss
没精打采地走	slouch
没精打采的	remiss
没精神	bloodless
没精神的	bloodless
没编成	unorganized
没编成的	unorganized
没能实现	unrealized
没能实现的	unrealized
没药	myrrh
没药树	myrrh
没落	ruined
没落的	ruined
没规矩	naughty
没规矩的	naughty
没趣	stupidest
没趣的	stupidest
没问题	alright
没问题的	alright
沥出物	leach
沥滤	leaching
沥青	bitumen, blacktop
沮丧	depressed, depression
沮丧地	despondently, dejectedly
沮丧的	depressed
沱	wailing
河	river
河内	hanoi
河口	estuary, influx
河口的	estuarine
河堤	riverbank, sandbar
河岸	riparian, riverbank
河岸的	riparian
河岸边	riverine
河床	bed
河水钻	rivers
河流	river
河流州	rivers
河流正中	midstream
河畔	riverside
河的	riverine
河豚	blowfish
河边	riverside, riverine
河边地区	riverfront
河边的	riverine
河边陆地	riverfront
河道	watercourse
河马	hippo
沸腾	boil, bubble
沸腾的	ebullient, boiling
油	oil
油嘴	bean
油嘴滑舌	sleek
油嘴滑舌的	sleek
油嘴滑舌的人	smoothie, smoothy
油嘴的	oily
油地毡	linoleum, lino
油布	tarp, oilskin
油布衣	tarpaulin
油布雨衣	oilskin
油性的	oily
油样的	unctuous
油桐	tung
油槽船	tanker
油毡	linoleum
油渣	greaves
油滑	oily
油滑的	oily, unctuous
油漆	paint, painting
油漆匠	painter
油漆的表面	paintwork
油灰	putty
油炸	fried, fry
油炸圈饼	doughnut
油炸玉米粉饼	quesadilla
油炸的	fried
油炸锅	fryer
油炸食物	fry
油煎	frying
油煎碎面包片	crouton
油田	oilfield
油画	canvas
油画颜料	oil
油的	oily, unctuous
油籽	oilseed
油绳	wick
油脂	grease
油腻	fat, greasy
油腻的	fat, greasy
油膏	salve, ointment
油船	tanker
油菜	rutabaga
油质	unctuous
油质的	unctuous
油酥点心	pastry
油门	accelerator
油鞣革	chamois
油页	batt
治国之才	statesmanship
治国才能	statecraft
治外法权	extraterritorial
治外法权的	extraterritorial
治安	police, peace
治安官	constable
治安法官	magistrate
治愈	healing, cure
治愈的	healing
治气喘有效	asthmatic
治气喘有效的	asthmatic
治理	administered
治疗	treatment, therapy
治疗学	therapeutics
治疗学家	therapist
治疗学的	therapeutic
治疗法	remedy, cure
治疗物	healer
治疗的	therapeutic, remedial
治疗精神病	psychotropic
治疗精神病的	psychotropic
治疗胸科病	pectoral
治疗胸科病的	pectoral
治病	curative
治病术土	healer
治病的	curative
治病者	healer
治肝病	hepatic
治肝病的	hepatic
治金术的	metallurgical
治金的	metallurgical
沼地	slew, marshy
沼地的	marshy
沼气	methane, miasma
沼池	fen
沼泽	swamp, marsh
沼泽地	wetland, quagmire
沼泽地区	marshland
沼泽多	swampy
沼泽多的	swampy
沼泽的	marsh, swampy
沾染	stain, taint
沾染物	contaminant
沾污	stained
沾污的	stained
沾沾自喜	smugly
沾沾自喜地	smugly
沾湿	dew
沿岸	coastal
沿岸的	coastal
沿斜坡建造	terraced
沿斜坡建造的	terraced
沿海	coastal
沿海地	littoral
沿海地区	littoral
沿海地带	seaboard
沿海岸而行	coast
沿海的	coastal
沿海航船	coaster
沿海贸易船	coaster
沿着	down, along
沿绳滑下法	abseil
沿行	follow
沿街叫卖	peddle
沿路走	trace
沿轨道运行	track
沿边擦过	sideswipe
泄出	escaped
泄密	tell
泄气	deflated
泄气的	deflated
泄水口	scupper
泄洪	sluice
泄洪道	spillway
泄漏	leak, ooze
泄漏量	spillage
泄露	revelation, divulge
泄露秘密	telltale
泄露秘密的	telltale
泉	fountain, fount
泉水	well
泉源	wellspring, wellhead
泊松	poisson
泌乳	lactation
泌尿	urinary
泌尿的	urinary
泌尿科医师	urologist
泌尿科学	urology
泌尿科学家	urologist
法	method
法人	person
法人后裔	cajun
法人团体	corporation
法人的	corporate
法令	statutory, statute
法令的	statutory
法兰克福香肠	weiner
法兰绒	flannel
法兰绒衣服	flannel
法典	codex
法典编纂	codification
法则	law
法利	farley
法务官	solicitor
法国号	pretzel
法国标致	peugeot
法国棍子面包	baguette
法国白兰地	cognac
法国雷诺公司	renault
法学	jurisprudence
法学家	jurist
法学家的裁决	fatwa
法官	judge
法官席	tribunal
法官意见	dictum
法官的	judicial, judiciary
法官的地位	judgeship
法官的意见	dictum
法官的职权	judgeship
法定	legal, statutory
法定人数	quorum
法定价格	assize
法定决议票数	quorum
法定地	legally
法定权利	legal
法定的	legal, statutory
法宝	trump, talisman
法寻	farthing
法庭	judicial, tribunal
法庭的	judicial
法庭监守官	bailiff
法律	law, legal
法律上	legally
法律上的	juridical
法律上认可	legalize, legalise
法律体系	jurisprudence
法律原则	jus
法律学	jurisprudence
法律学者	jurist
法律的	legal
法律管辖权	jurisdiction
法律著作家	jurist
法律认可	legalization
法律许可	lawful
法律许可的	lawful
法律顾问	counselor, counsel
法拉第	faraday
法比奥	fabio
法网	dragnet
法老	pharaoh
法耶	faye
法蒂玛	fatima
法衣	gown
法西斯主义	fascism
法西斯主义者	fascist
法西斯党员	fascist
法规	code, statute
法警	bailiff
法郎	franc
法院	court
法院命令	writ
法院文本	transcript
法院的	forensic, judiciary
法雷尔	farrell
泛光	floodlight
泛函性	functionality
泛基督教主义	ecumenism
泛滥	fresh
泛滥平原	floodplain
泛灰	graying
泛灰色	graying
泛神论	pantheism
泛论	generalise
泛音	harmonic, overtone
泛黄	yellowing
泠漠	lethargic
泠漠的	lethargic
泡	steep, infuse
泡一泡	dunk
泡制	infusion, infuse
泡沫	bubble, foam
泡沫层	foaming
泡沫材料	foam
泡沫的	foamy, barmy
泡泡沙	seersucker
泡腾	effervescent
泡腾剂	effervescent
泡腾的	effervescent
泡菜	pickle
波	wave
波义耳	boyle
波函数	wavefunction
波列罗舞	bolero
波列罗舞曲	bolero
波前	wavefront
波动	wave, fluctuation
波动的	undulate, rolling
波哥大	bogota
波士尼亚	bosnia
波尔卡舞	polka
波尔图	porto
波希米亚人	bohemian
波希米亚人的	bohemian
波希米亚语	bohemian
波希米亚语的	bohemian
波形	waveform
波形曲线	squiggle
波托贝洛	portobello
波斯尼亚	bosnia
波段	band
波浪	wave
波浪形鬈发	marcel
波浪状	wavy, waving
波浪状的	wavy, waving
波浪起伏	lumpy
波浪起伏的	lumpy
波特曼	portman
波状	corrugated
波状外形	contoured
波状外形的	contoured
波状弯曲	undulation
波状热	brucellosis
波状的	corrugated
波纹	ripple, ruffle
波纹的	corrugated
波纹管	bellows
波莉	polly
波萝	pineapple
波西亚	portia
波道	airwave
波长	wavelength
波音	boeing
泥	mud
泥刀	trowel
泥土	earth, clay
泥坑	quagmire, wallow
泥料	pug
泥沼	mire, moss
泥泞	muddy, sloppy
泥泞的	muddy, sloppy
泥流	mudslide
泥浆	slurry, slop
泥滩	mudflat
泥潭	quagmire, lair
泥炭	turf
泥炭色	peat
泥煤	peat
泥煤似	peaty
泥煤似的	peaty
泥状沉淀	sludge
泥瓦匠	mason
泥的	slimy
泥盖木屋	hogan
泥罨剂	poultice
泥膏剂	pasta
泥铲	trowel
泥鳅	loach
注	pour
注下	downpour
注入	infuse, inject
注入水	water
注入物	infusion
注入的	injected
注册	register, registration
注册器	logger
注册的	registered
注出	outpouring
注定	fate, destine
注定完蛋	accursed
注定完蛋的	accursed
注定的	doomed
注射	injection, inject
注射剂	injection
注射器	syringe, squirt
注射者	injector
注意	see, look
注意到	observe
注意力	attention
注意力分散	distraction
注意地	attentively
注意散漫	preoccupation
注意的	attentive, watchful
注明日期	date
注水器	injector
注油	lubrication
注满	flood, brim
注目	rivet
注视	eye, watch
注解	comment, note
注释	commentary, explanation
注释器	interpreter
注释的	exegetical
注释者	commentator
注销	cancellation, canceled
注销戳	cancellation
泪汪汪	tearfully
泪汪汪地	tearfully
泪汪汪的	weeping
泪滴	tear
泪珠	teardrop
泪珠状物	teardrop
泰丝	tess
泰勒	taylor
泰河	tay
泰然自若	aplomb
泰然自若的	contained
泰迪玩具熊	teddy
泵	pump
泵送	pumping
泸清器	cleanser
泻出	effusion
泻根	bryony
泻根属植物	bryony
泻水坡	weathering
泻法	catharsis
泻流	effusion
泻湖	lagoon
泻药	purge, cathartic
泼	splash
泼妇	shrew, vixen
泼洒	douse
泼溅	dash
泽特	sethe
泽维尔	xavier
泽鳄	mugger
洁净的	immaculate
洁白	white
洁白的	lily
洋地黄	foxglove
洋娃娃	doll
洋李	prune
洋槐	acacia
洋洋得意	jauntily
洋洋得意地	jauntily
洋派	exoticism
洋琴	dulcimer
洋甘菊	chamomile, camomile
洋红	magenta
洋葱	onion
洋蓍草	yarrow
洋铁罐的	canned
洒	sprinkle, spill
洒了香水	scented
洒了香水的	scented
洒水	aspersion, watering
洒水器	sprinkler
洒水车	sprinkler
洒香水于	perfume
洗	wash
洗不掉	indelibly
洗净	cleansing
洗净剂	cleaner
洗剂	lotion
洗劫	sack, loot
洗发	shampoo
洗发剂	shampoo
洗口药	mouthwash
洗头	shampoo
洗好的衣服	laundry
洗手间	restroom
洗氧器	scrubber
洗海水澡	bathing
洗涤	wash, washing
洗涤剂	detergent
洗涤器	syringe
洗涤塔	scrubber
洗涤物	washing
洗液	lotion
洗清	wash
洗澡	wash, bathe
洗炼	baptise
洗烫	laundering
洗盆浴	tub
洗矿槽	lauder
洗碗工	dishwasher
洗碗机	dishwasher
洗礼	baptism, baptismal
洗礼仪式	christening
洗礼的	baptismal
洗礼盘	font
洗脑	brainwash
洗脸台	commode
洗脸盆	lavatory
洗衣	launder
洗衣人	washer
洗衣作	laundry
洗衣店	laundry
洗衣房	laundry
洗衣机	washer
洗衣板	washboard
洗过	washed
洗过的	washed
洛伊斯	lois
洛佩斯	lopez
洛克	locke
洛厄尔	lowell
洛可可式	rococo
洛可可式的	rococo
洛可可风格	rococo
洛奇波尔	lodgepole
洛弗尔	lovell
洛拉	lola
洛林	lorraine
洛根	logan
洛里	lori
洛雷塔	loretta
洞	hole, cave
洞室	grotto
洞察	insight
洞察力	insight
洞穴	den, burrow
洞穴探险	caving
洞窟	cavern
津贴	allowance, pension
津贴的	subsidiary
洪亮	resonant, rotund
洪亮的	resonant, rotund
洪水	flood
洪水浸没	flooded
洪水浸没的	flooded
洪水的	cataclysmic
洲	continent, continental
洲的	continental
洲际	intercontinental
洲际的	intercontinental
活	live
活下来	survive
活力	energy, juice
活动	activity, action
活动中	afoot
活动中的	afoot
活动停止期间	layoff
活动化	mobilization
活动天窗	trapdoor
活动房屋	prefab
活动扳手	screwdriver
活动法	mobilization
活动物体	mobile
活动的东西	movable, moveable
活动过多	hyperactivity
活动过度	hyperactive
活动过度的	hyperactive
活动过强	hyperactivity
活动顶棚车	lowry
活动领域	ballpark
活化	activation
活化作用	activation
活化剂	activator
活命主义者	survivalist
活塞	piston
活塞阀键	piston
活性	competence
活性化	activated
活性化的	activated
活报剧	revue
活接头	union
活板门	trapdoor
活柱	plunger
活梯	stepladder
活死人	undead
活泼	alive, lively
活泼地	briskly, sprightly
活泼快乐	playfulness
活泼的	alive, lively
活灵活现	graphically
活灵活现地	graphically
活版印刷	typographical
活版印刷的	typographical
活瓣	valve
活生生	animated
活生生地	animatedly
活生生的	animated
活的	live
活着	alive
活着的	alive
活组织检查	biopsy
活跃	activity, active
活跃地	actively
活跃季节前	preseason
活跃季节前的	preseason
活跃的	active
活跃起来	brisk
活门	valve
活页夹	binder
活页文选	pamphlet
洼地	howe, bottomland
派	appoint, appointment
派人	send
派任	appoint
派任的	appointed
派克大衣	parka
派兵驻守	garrison
派别	persuasion, faction
派生	derivative
派生物	derivative
派生的	derivative
派系	clique, factional
派系分裂倾向	factionalism
派遣	mission
派遣代表团	delegation
派遣的	detached
流	current, stream
流亡	exiled
流亡的	exiled
流亡者	refugee
流产	abortion
流产的	abortive
流体	liquid, fluid
流体静力学	hydrostatic
流体静力学的	hydrostatic
流体静力的	hydrostatic
流光	streamer
流入	income, feed
流入物	inflow
流出	issue
流出物	effluent, outflow
流出的	effluent
流出的血	gore
流利	easily
流利地	easily
流利的	fluent, voluble
流动	flow, running
流动人口	hobo
流动商贩	chapman
流动地	fluidly
流动性	mobility, liquidity
流动的	running, fluid
流动证券	floater
流口水	water
流口水弄湿	slobber
流向	direction
流域	valley, watershed
流干	drain
流度	fluidity
流感	flu
流挂	sagging
流放	transport, exile
流放地	presidio
流明	lumen
流星	meteor, meteoric
流星体	meteoroid
流星的	meteoric
流氓	gangster, rascal
流氓行为	hooliganism, knave
流氓软件	malware
流水	glide
流水声	bicker
流水槽	launder
流汗	perspiration, perspire
流沙	quicksand
流沙区	quicksand
流泄	flow
流注	affluence, disgorge
流泪	water
流泪地	tearfully
流泪的	tearful
流派	genre
流浪	planetary, rove
流浪汉	vagrant, canter
流浪癖	wanderlust
流浪的	planetary, migratory
流浪者	tramp, rover
流涎	salivate
流溢	flush
流溢水路	spillway
流状	fluidity
流畅	smooth, smoothly
流畅地	smoothly
流畅的	smooth, fluent
流程	flow
流线	streamline
流线型	streamline
流线型的	streamlined
流线的	streamlined
流苏	fringe, tassel
流血	blood, bleed
流血的	bloodied
流行	obtain, popular
流行于	pervade
流行性感冒	flu, influenza
流行病	epidemic
流行病学	epidemiological, epidemiologic
流行病学家	epidemiologist
流行的	popular, going
流行词	buzzword
流言	buzz, gossip
流质	fluidity
流通	current, pass
流通的	current
流逝	lapse
流逝的	passing
流量	flow
流露	telegraph, radiate
流音	liquid
流鼻涕	snotty, runny
流鼻涕的	snotty, runny
浅	shallow, fleet
浅层	superficially
浅桃红色	magnolia
浅水	shoal
浅水长涌	groundswell
浅淡	lightness
浅滩	ford, shallow
浅灰色	grayish
浅灰色的	grayish
浅甲沟炎	runaround
浅的	shallow, fleet
浅盘	pan
浅窝	dell
浅绿色	aquamarine
浅色	tint, undertone
浅薄	flimsy, dilettante
浅薄的	flimsy, dilettante
浅裂纹	checking
浅见	nearsighted
浅见的	nearsighted
浅黄褐色	cinnamon
浅黄褐色的	cinnamon
浆	lymph
浆果	berry
浆栎	acorn
浆栎果	acorn
浆液	serum, sera
浆硬	starch
浆硬的	starched
浆糊	paste, starch
浆糊状	starchy
浆糊状的	starchy
浆糊的	starchy
浇上焦糖	caramelized
浇上焦糖的	caramelized
浇注	pouring
浇铸	mould, casting
浇铸成型	cast
浊度	troubling
浊的	cloudy
浊音	dullness
测井	logging
测光模式	metering
测向	sensing
测地学	geodesic
测地学的	geodesic
测地线	geodesic
测地线的	geodesic
测定	determination
测定体积	volumetric
测定体积的	volumetric
测定口径	calibrate
测定时间	minute
测定气压的	barometric
测定类型	type
测度	measure
测径规	caliper
测微计	micrometer
测深	plumbing, fathom
测深锤	plummet
测知	sensing
测绘	mapping
测试	test
测谎器	polygraph
测量	measure, survey
测量员	surveyor
测量土地	survey
测量深度	fathom
测量的	metric, metrical
测验	examination, exam
测高仪	altimeter
济急的人	lifesaver
济慈	keats
济贫院	workhouse
浏览	scan, browse
浏览书本的人	browser
浏览程序	browser
浏览者	skimmer
浑名	epithet
浑沌	chaos
浑浊	muddy
浑浊度	troubling
浑浊的	muddy
浑身湿透	sodden
浑身湿透的	sodden
浓	thick
浓厚	rich, dense
浓厚地	densely
浓厚的	rich, dense
浓咖啡	espresso
浓地	thickly
浓密	densely, bushy
浓密地	densely
浓密头发	thatch
浓密的	bushy
浓密短硬	stubby
浓密短硬的	stubby
浓度	concentration
浓浓	thick
浓浓地	thick
浓浸膏	quintessence
浓烟	smother
浓的	thick
浓粥	mush
浓粥状	mushy
浓粥状的	mushy
浓缩	concentrate
浓缩牛肉汁	bovril
浓缩的	concentrated
浓香	aroma
浣熊	raccoon, coon
浣熊毛皮	raccoon
浩劫	perdition
浪子	stray, vagabond
浪涌	surging
浪漫	romantic
浪漫主义	romanticism
浪漫主义精神	romanticism
浪漫史	romance
浪漫地	romantically
浪漫的	romantic
浪漫的地方	arden
浪端的白泡沫	whitecaps
浪花	spray
浪荡	vagabond
浪荡子	rep
浪荡的	vagabond
浪费	spend, waste
浪费地	lavishly
浪费的	wasteful, expensive
浪费的人	spendthrift
浪费者	prodigal
浪费量	wastage
浮	flotation
浮力	buoyancy
浮动	float
浮动地	freely
浮动的	floating
浮动诊胎法	repercussion
浮华	flashy, glitz
浮华的	flashy
浮在表面	supernatant
浮在表面的	supernatant
浮夸	turgid, overblown
浮夸的	turgid, overblown
浮子	bob
浮扬性	buoyancy
浮木	driftwood
浮标	buoy
浮渣	scum
浮游	pelagic
浮游动物	zooplankton
浮游植物	phytoplankton
浮游生物	plankton
浮游的	pelagic
浮游选矿	flotation
浮燥	fickle
浮燥的	fickle
浮现	emerge
浮现的	emergent
浮石	pumice
浮码头	pontoon
浮筒	pontoon
浮肿	bloated, edema
浮肿的	bloated
浮舟	float
浮藻	scum
浮货	flotsam
浮起	waterborne
浮起的	waterborne
浮选	flotation
浮集	flotation
浮雕	boss, relief
浮雕的	raised
浮雕装饰	bossy
浮雕装饰的	bossy
浴	bath
浴室	bathroom, bath
浴巾	washcloth
浴盆	tub
浴缸	bathtub
浴缸里的水	bathwater
浴衣	bathrobe
海	sea
海上	maritime, nautical
海上劫掠	piracy
海上掠夺	piracy
海上救助	salvage
海上旅行者	seafarer
海上的	maritime, nautical
海丝特	hester
海中	submarine
海中女神	calypso
海中怪兽	leviathan
海中的	submarine
海事	maritime
海事的	maritime
海产	marine
海产的	marine
海伍德	heywood
海伦	helen
海伦娜	helena
海关	custom
海军	navy, naval
海军上将	admiral
海军上校	captain
海军人员	navy
海军军力	navy
海军准将	commodore
海军少尉	ensign
海军工厂	dockyard
海军的	naval
海员	sailor, seaman
海员式沙司	marinara
海员的	maritime
海味	seafood
海啸	tsunami, groundswell
海因茨	heinz
海图	chart
海塘	seawall
海外	overseas
海外的	overseas
海岸	coast, shore
海岸的	coastal
海岸线	coastline, shoreline
海岸警备队	coastguard
海峡	channel
海市蜃楼	mirage
海床	seabed
海底	marine, seabed
海底悬崖	canyon
海底生物	submarine
海底生物的	benthic
海底电报	cable
海底的	marine
海德	hyde
海恩斯	haynes
海报	poster
海拔	height, elevation
海星	starfish
海景	seascape
海景画	marine
海曼	hyman
海栖的	pelagic
海水	water
海水似	briny
海水似的	briny
海洋	sea, ocean
海洋学	oceanographic, oceanography
海洋学家	oceanographer
海洋的	salty, oceanic
海洛因	heroin
海浪	sea
海涅	heine
海港	seaport
海湾	bay, gulf
海滨	shore, seaside
海滨地区	beachfront
海滨游憩胜地	riviera
海滨的	seaside, littoral
海滩	beach
海燕	petrel
海牛	manatee
海狸	beaver
海甘蓝	cole
海登	hayden
海的	marine, maritime
海盗	pirate, viking
海盗罪	piracy
海盗船	rover
海盗行为	piracy
海盘车	asteroid
海石竹	thrift
海绵	sponge
海绵构造的	spongy
海绵状	spongy
海绵状的	spongy
海绵状的东西	sponge
海绵肿	fungal
海绵般吸收	sponge
海绵质	spongy
海绵质的	spongy
海耶斯	hayes
海草	seaweed, kelp
海草灰	kelp
海葵	anemone
海蒂	heidi
海蓝宝石	aquamarine
海藻	algae, seaweed
海蛰	jellyfish
海蜇	jellyfish
海螺壳	conch
海角	cape, ness
海豚	dolphin
海象	walrus
海豹	seal
海豹群	rookery
海贝壳	seashell
海边	seaside
海边小溪崖	coombe
海边的	seaside
海运	shipping
海难	shipwreck
海面	offshore
海面下	undersea
海面下的	undersea
海面的	offshore
海马	hippocampus, seahorse
海鲂	dory
海鲜	seafood
海鳝	moray
海鸟	seabird, guillemot
海鸟粪	guano
海鸠	guillemot
海鸥	mew
海龟	turtle
浸	dip, soak
浸一浸	dunk
浸剂	tea
浸取	leaching
浸提	leaching
浸析	leaching
浸染工	dipper
浸水	liquor, soggy
浸水的	soggy
浸没	flooded
浸没的	flooded
浸油	oiled
浸油的	oiled
浸泡	soak, douse
浸渍	steep
浸渍过	varnished
浸渍过的	varnished
浸湿	sop
浸满水	waterlogged, afloat
浸满水的	waterlogged, afloat
浸煮器	digester
浸礼	baptism
浸礼会教友	dipper
浸蚀	etching
浸透	saturate, saturation
浸透的	saturate
涂	apply
涂上泥	slime
涂以朱红色	vermilion
涂以松节油	turpentine
涂以树胶	gum
涂以灰泥	plaster
涂以焦油	tar
涂以瓷釉	enamel
涂以肥皂泡	lather
涂加猪油	lard
涂墨水于	ink
涂复	coating
涂层	coating
涂布	spreading
涂抹	daub, obliterate
涂抹了的	covered
涂树脂于	resin
涂橡胶于	rubber
涂水银于	quicksilver
涂污	deface
涂油	anoint, lubricate
涂油于	oil
涂油的	oiled
涂油膏	anoint
涂油膏于	salve
涂油过多的	overstuffed
涂浆	washing
涂清漆于	varnish
涂漆	paint, painting
涂漆于	lacquered
涂漆的	varnished
涂瓷釉于	enameled, enamelled
涂用黄油	buttery
涂用黄油的	buttery
涂着肥皂	soapy
涂着肥皂的	soapy
涂红棕色于	umber
涂脂于	grease
涂药器	applicator
涂赭色于	ochre
涂载体空心柱	scot
涂过	coated
涂饰	finishing
涂鸦	doodle
涂黄油于	butter
涂黑	denigration
消光	extinction
消减	pare
消化	digest, digestive
消化不良	indigestion, dyspepsia
消化作用	digestion
消化力	digestion
消化的	digestive
消去	elimination
消声	silencing
消声器	muffler, silencer
消失	disappear, vanish
消失了	disappeared
消失了的	disappeared
消失的	disappeared
消弱	sap
消息	information, word
消息传送	messaging
消振器	absorber
消效作用	antagonism
消散	lift, scatter
消极	negative, passive
消极地	negatively
消极性	negativity
消极的	negative, passive
消毒	disinfectant, disinfect
消毒剂	disinfectant
消毒的	disinfectant, sterile
消沉	low
消沉的	low
消没	vanishing
消没的	vanishing
消溶	dissolving
消溶的	dissolving
消火栓	hydrant
消灭	kill, destroy
消灭了的	extinct
消灭者	destroyer, extinguisher
消炎痛	indomethacin
消瘦	pine, peak
消瘦的	angular, skinny
消磨	while
消耗	consume, waste
消耗体力	punishing
消耗体力的	punishing
消耗品	consumable
消耗性	expendable, consumptive
消耗性的	expendable, consumptive
消耗物	expendable
消耗的	exhaustive
消耗量	consumption
消肿	repercussion
消胀	falling
消费	consumption, consume
消费的	consumptive, consuming
消费税	excise
消费者	customer, consumer
消费量	consumption
消退	repercussion, subsidised
消退的	regressive
消逝	die
消遣	recreational, amuse
消遣的	recreational
消防站	firehouse
消防队员	firefighter, fireman
消除	elimination, banish
消除器	suppressor
消音器	silencer, muffler
消音器内爆炸	banging
消音装置	silencer
涉及	refer, touch
涉及多方的	multilateral
涉及隐私	personal
涉及隐私的	personal
涉水	ford, wade
涉水的	wading
涉水者	paddler, wader
涉水而过	squatter, squelch
涉泥浆者	paddler
涉猎	dip, dabble
涉禽	wader
涉过	ford
涌	stream
涌入	invading
涌出	well
涌料	flushing
涌流	current
涌起	comb, upsurge
涌进	flood
涎	saliva, slobber
涎液	spittle
涎的	salivary
涝	waterlogged
涝的	waterlogged
涟波	ripple
涟漪	ripple, dimple
涡动	swirl
涡旋	vortex
涡流	whirlpool, vortex
涡轮增压器	turbo
涡轮机	turbine
涡轮螺桨飞机	turboprop
涤气器	scrubber
涤罪	purgatory, purification
涤罪的	purgatory
润以油脂	baste
润滑	lubricant, lubrication
润滑作用	lubrication
润滑剂	lubricant
润滑油	lubricant, lube
润滑物	lubricant
润滑的	lubricant
润肤霜	moisturizer
润色	embellish, embellishment
润饰	retouch
涨	up
涨价	appreciate, hike
涨水	swollen
涨水的	swollen
涨潮	flood, flux
涨的	up
涨落	fluctuation
涮	swill
液体	fluid, liquid
液体地	fluidly
液体容器	decanter
液体晃动	slosh
液体的	liquid
液化	liquefy, liquidation
液化的	liquefied
液态氧	lox
液氧	lox
涵洞	culvert
淀帚	policeman
淀粉	starch, starchy
淀粉的	starchy
淋喷头	showerhead
淋巴	lymph, lymphatic
淋巴性	lymphatic
淋巴性的	lymphatic
淋巴液	plasma
淋巴球	lymphocyte
淋巴瘤	lymphoma
淋巴的	lymphatic
淋巴管	lymphatic
淋巴组织瘤	lymphoma
淋巴细胞	lymphocyte
淋巴腔	geode
淋巴腺	lymphatic
淋巴腺瘤	lymphoma
淋浴	shower
淋湿	shower
淋病	gonorrhoea, gonorrhea
淋盘	tray
淌	drool
淌口水	drivel, slaver
淌口水弄脏	slaver
淑女	lady
淘气	monkey, mischievous
淘气地	mischievously
淘气姑娘	kitten
淘气小孩	puck
淘气的	mischievous
淘气鬼	urchin
淘汰	selection
淘洗	pan
淡	dilute
淡入	fade
淡出	fade
淡味	mild
淡味的	mild
淡季	slack, offseason
淡度	dilution
淡棕色	maple, beige
淡棕色的	beige, fallow
淡水	freshwater
淡水的	freshwater
淡漠	apathy
淡漠的	apathetic
淡灰色	greyish, putty
淡灰色的	greyish
淡然	indifferently
淡然地	indifferently
淡的	dilute
淡紫色	orchid, mauve
淡紫色的	mauve, lavender
淡红色	damask
淡红色的	damask
淡色	blonde
淡色的	blonde
淡草绿色	pistachio
淡菜	mussels
淡褐色	hazel
淡褐色的	hazel
淡黄	yellowish
淡黄的	yellowish
淡黄色	canary, jasmine
淡黄色的	primrose
淤塞	silt, stagnation
淤泥	silt, silty
淤泥的	silty
淤积	pool
淤血	gore
淫妇	cunt
淫猥	filth
淫画	erotica
淫秽	obscene, bawdy
淫秽作品	pornographic
淫秽作品的	pornographic
淫秽地	obscenely
淫秽的	obscene, bawdy
淫秽的语言	obscenity
淫荡	lewd, sensuality
淫荡的	lewd
淫诲	obscenity
淬火	hardening
淬火迟的	chilled
深	deep
深不可测	abysmal, unfathomable
深不可测的	abysmal, unfathomable
深仇	rancor, rancour
深信	convinced
深信不疑	truthfully
深信不疑地	truthfully
深信不疑的	trusting
深信的	convinced
深信着	faithfully
深信着地	faithfully
深入	deep
深入地	deep
深入的	embedded
深切	profoundly
深切地	profoundly
深切注意	mindful
深切注意的	mindful
深刻	deeply, profound
深刻地	deeply
深刻的	profound
深化	deepen
深厚	profound
深厚的	profound
深坑	pit
深处	deep, depth
深奥	depth, abstract
深奥的	abstract
深平底锅	saucepan
深底	recessed
深底的	recessed
深度	depth
深思	reflect, speculate
深思熟虑	deliberate
深思熟虑地	reflectively
深思熟虑的	deliberate
深思的	thoughtful
深恨	rancorous
深恨的	rancorous
深情	affectionate
深情的	affectionate
深染	ingrained
深染的	ingrained
深棕色	nigger
深植	implant
深沉	deeply
深沉地	deeply
深深	profoundly, dearly
深深地	profoundly, dearly
深渊	deep, gulf
深爱	devoted
深爱的	devoted
深的	deep
深紫红色	prune, mulberry
深紫红色的	claret
深红色	crimson, cardinal
深红色的	cardinal, crimson
深色	dark, darkness
深色的	dark
深蓝色	ultramarine
深虑	forethought
深蚀刻	rotting
深褐色	brunette, sepia
深褐色的	brunette
深谋远虑	foresight, calculating
深谋远虑的	calculating
深谷	clough
深邃	abyss
深长的伤口	gash
深颜色	saturate
深颜色的	saturate
混	goof
混乱	confusion, mix
混乱信息	gibber
混乱状态	perplexity
混乱的	upset, chaotic
混入	intermingle, mingling
混凝土	concrete
混凝土的	concrete
混合	mixture, blend
混合体	conglomerate
混合器	mixer, blender
混合成	composite
混合成的	composite
混合机	blender
混合物	mix, compound
混合画	montage
混合的	compound, hybrid
混合者	mixer, blender
混合肥料	composted
混合语	hybrid
混合语的	hybrid
混和器	shaker
混响	reverb, reverberation
混在一起	lump
混成	blending
混成曲	potpourri
混战	scuffle, scrimmage
混日子	drone, dawdle
混时间	doodle
混杂	jam, jumble
混杂物	hodgepodge, mishmash
混杂的	promiscuous
混杂行话	pidgin
混杂语言	pidgin
混汞法	amalgamation
混沌	chaos
混沌的	chaotic
混洗	shuffle
混浊状态	muddle
混浊的	turbid
混淆	mixture, confusion
混淆的	promiscuous, confusing
混炼	milling
混种	interbreed
混血人	coloured
混血儿	hybrid
混血儿的	mongrel, mulatto
混账东西	motherfucker
混进	mingling
混频	mixing
混频器	mixer
淹死	drown
淹水	inundation
淹没	flow, flood
淹没的	flooded
淹溺	drowning
添上	superimpose
添写	insert
添加	add
添加物	additive, accretion
添加的	additive
添后缀	suffix
添字首音	prosthesis
添饰	tag
清偿	acquittal
清净	kosher
清净的	kosher
清凉	refrigerant
清凉剂	refrigerant, freshener
清凉的	refrigerant
清单	bill
清嗓	hawk
清帐	accounting
清扫	clearing
清扫夫	sweeper
清扫工	scavenger
清扫工作	cleanup
清教	puritanism
清教主义	puritanical, puritanism
清教主义的	puritanical
清教徒	puritan, puritanical
清教徒的	puritan, puritanical
清明的	lucid
清晰	clear
清晰可见	apparent
清晰可见的	apparent
清晰地	clear
清晰度	definition
清晰性	clarity
清晰的	coherent, defined
清楚	clear, clearly
清楚地	clearly
清楚明白	unequivocally
清楚明白地	unequivocally
清楚的	clear
清洁	clean, cleaning
清洁剂	cleaner, detergent
清洁器	cleanser
清洁地	clean
清洁工	cleanser, scrubber
清洁工人	cleaner
清洁的	cleanly
清洗	rinse, cleaning
清洗器	purifier
清洗法	cleansing
清淡	insipid, lite
清淡的	insipid, lite
清漆	varnish
清澈	lucid, limpid
清澈响亮	clarion
清澈响亮的	clarion
清澈的	lucid, limpid
清点存货	inventory
清爽	spanking, refreshingly
清爽地	refreshingly
清爽的	spanking
清理	clean
清白	clean, purely
清白地	purely
清白无瑕	untainted
清白无瑕的	untainted
清白无辜者	innocence
清白的	clean
清真寺	mosque
清秀	comely
清秀的	comely
清算	liquidate, liquidation
清算人	liquidator
清算人办公室	receivership
清算人职能	receivership
清脆	ringing
清脆的	ringing
清脆的短音	blip
清蛋白	albumin
清道夫	orderly, scavenger
清醒	consciousness, disenchantment
清醒度	lucidity
清醒的	conscious
清除	clearance, cleanup
清除器	scavenger
清除的	scavenging
清除障碍	clear
清零	reset
清静	loneliness
渍	soaking
渎圣行为	sacrilege
渎神	profanity
渎职	malpractice, misconduct
渐减	decrement
渐升	gradient
渐升的	gradient
渐变	shadow, shade
渐增	increasingly, gather
渐增地	increasingly
渐增的	gradual
渐愈	convalesce, convalescence
渐愈的	convalescent
渐消失的	evanescent
渐渐倾斜	shelve
渐渐康复	convalesce
渐渐消失	merge
渐渐渗入	encroaching
渐渐渗入的	encroaching
渐渐破坏	undermine
渐缩	tapered
渐缩的	tapered
渐缩管	reducer
渐降	gradient
渐降的	gradient
渔业	fishery
渔夫	fisherman, fisher
渔猎法监督官	warden
渔船	fisherman, fisher
渗入	filter, infiltrate
渗入者	infiltrator
渗入过滤	infiltration
渗出	sweat, seep
渗出液	percolate
渗出物	seepage
渗开	percolate
渗析	dialysis
渗流	ooze, seep
渗液	cataclysm
渗滤	infiltration
渗漏	seepage
渗色	bleeding
渗透	shot, filter
渗透作用	osmosis
渗透性	permeability, osmosis
渗透性的	permeable, osmotic
渗透物	infiltrate
渗透率	permeability
渗透的	shot, saturated
渠	trench
渡口	ferry
渡渡鸟	dodo
渡船	ferry
渡蜜月	honeymoon
渡鸦	raven
渣滓	faecal, dregs
渣滓的	faecal, fecal
温习	review
温厄	winge
温和	soft, gently
温和主义者	centrist
温和地	gently, soft
温和的	soft, gentle
温哥华	vancouver
温妮	winnie
温室	greenhouse, conservatory
温尼伯	winnipeg
温床	nursery
温度	temperature
温度计	thermometer
温情	warmth
温文	gracefully
温文地	gracefully
温文有礼	debonair
温文有礼的	debonair
温斯顿	winston
温暖	warm, warmth
温暖地	warmly
温暖的	warm
温暖舒适	cosy
温暖舒适的	cosy
温柔	gently, mild
温柔可爱地说	coo
温柔地	gently, softly
温柔的	mild, fond
温泉	thermal
温泉浴场	spa
温泉的	thermal
温热	tepid, distemper
温热的	tepid
温莎	windsor
温迪	wendy
温顺	meek, docile
温顺地	meekly
温顺的	meek, docile
港	harbour, haven
港区	dockland
港口	port
港口住宅区	dockland
港口城市	seaport
港口工人	longshoreman
港湾	fleet, estuary
港湾的	estuarine
渴望	long
渴望地	longingly, wistfully
渴望的	eager, anxious
渴望获得	acquisitive
渴望获得的	acquisitive
游	swim
游伴	playmate
游击手	shortstop
游击队	guerrilla
游击队员	guerilla
游动	gliding
游动的	nomadic, gliding
游历	travel, journey
游客	visitor, traveler
游戏	play
游戏围栏	playpen
游戏室	playroom
游戏时间	playtime
游戏者	player
游手好闲	mike, loaf
游手好闲的人	loafer, deadbeat
游标	cursor
游民	bummer
游泳	swim, swimming
游泳池边	poolside
游泳者	swimmer, bather
游泳衣	swimsuit
游牧	nomadic, nomad
游牧生活	nomadic
游牧生活的	nomadic
游牧的	nomadic, nomad
游牧部落	horde
游牧部落一员	nomad
游玩	play
游码	rider
游离	dissociate, dissociative
游离的	dissociative, nomadic
游移不定	vacillate, wobble
游艇	yacht
游艇所有者	yachtsman
游艇驾驶者	yachtsman
游荡	wander, fool
游荡的	vagrant, truant
游荡者	bum, straggler
游蛇属黑蛇	racer
游行	parade, pageant
游行者	marcher
游行领队	beadle
游览	visit, tourism
游览圆	excursion
游览的	touring, sightseeing
游记	itinerary
游说	lobby
游说议员	lobby
游说议员者	lobby
游过	swim
渺小	peanut
渺小的	peanut
湍流	turbulence
湖	lake
湖岸	littoral, lakeshore
湖岸的	littoral
湖滨	waterside
湖畔	lakefront
湖边	lakeside, lakefront
湖边平地	lakefront
湮没	oblivion
湮灭	annihilation
湿	wet
湿地	wetland, marsh
湿地的	marshy, swampy
湿壁画	fresco
湿壁画技法	fresco
湿度	humidity
湿式保暖服	wetsuit
湿材	greenwood
湿气	wet, moisture
湿润	humid, wetness
湿润器	humidifier
湿润的	humid
湿润粉糊	masa
湿疹	eczema
湿的	wet
湿粘	clammy
湿粘的	clammy
湿软	squishy
湿软的	squishy
湿透	soak, drenched
湿透地	soaking
湿透的	drenched
湿透的东西	sop
溃烂	ulcerative, fester
溃疡	ulcer, sore
溃疡形成	ulceration
溃疡性的	ulcerative
溃疡的	ulcerative
溃败	rout
溅	splash, spatter
溅出	spill
溅射	sputtering
溅开	spray, splash
溅污	blob
溅泼声	slosh
溅湿	splash, dabble
溅落	splashed
溅迸	squirt
源	fountain
源于	root
源发站	originator
源头	headwaters
源泉	well
源程序	source
源自太阳	solar
源自太阳的	solar
溜冰	skate, skating
溜冰场	rink
溜冰板	skateboard
溜冰者	skater
溜掉	shirk
溜走	escape
溜达	toddle
溢值	overflow
溢出	spill, flood
溢出物	spillage
溢出的	escaping, overflowing
溢洪道	spillway
溢落的东西	overspill
溢血	haemorrhage
溪沟	gulley
溪谷	valley
溴化物	bromide
溶剂	solvent
溶化	dissolved
溶化分离法	liquidation
溶化的	dissolved
溶液	solution
溶离法	liquidation
溶胞	lysis
溶解	solve, dissolve
溶解作用	dissolution
溶解力	solvency
溶解度	solubility
溶解的	soluble
溺死	drowned
溺爱	pet, spoil
溺爱地	fondly
溺爱有加的	overprotective
溺爱的	doting
滂沱大雨	drench
滋事	affray
滋养	nutrient, nourish
滋养品	nourishment
滋养地	nutritionally
滋养多	nourishing
滋养多的	nourishing
滋养物	nutrient
滋养的	nutrient, nutritional
滋味	flavor, relish
滋扰	disturb
滋补	tonic, restorative
滋补的	tonic, restorative
滋补药酒	chartreuse
滋长	nurturing
滑	slip, slide
滑倒	slip
滑冰	skate
滑动	slip, slide
滑动器	slider
滑动垫木	skid
滑坡	coast
滑板运动员	skateboarder
滑槽	chute
滑的	slippery
滑石	talcum
滑石粉	talcum
滑移	slippage
滑程	slippage
滑稽	funny, comic
滑稽人物	funny
滑稽剧	farce
滑稽动作	antic
滑稽可笑	funnily
滑稽可笑地	funnily
滑稽地	comically, ludicrously
滑稽地模仿	travesty
滑稽场面	shtick
滑稽愚蠢	zany
滑稽愚蠢的	zany
滑稽戏	mime, burlesque
滑稽模仿	travesty
滑稽的	funny, comic
滑稽的人	comic
滑翔	glide
滑翔员	glider
滑翔机	glider
滑落	slide
滑行	slip
滑行的	sliding
滑车	tackle, pulley
滑轮	pulley
滑过	slip, skate
滑运道	chute
滑道	slide
滑雪	ski
滑雪术	skiing
滑雪板	snowboard
滑雪橇	ski
滑雪的人	skier
滑雪运动	skiing
滑雪道	piste
滑顺	gliding
滑顺的	gliding
滔滔不绝地说	bubble
滔滔不绝说出	spout
滗析器	decanter
滚	roll
滚光机	tumbler
滚刀	hob
滚动	roll
滚圆	rounded
滚圆的	rounded
滚木球	bowl
滚柱	roller
滚滑	skid
滚烫	scalding
滚烫的	scalding
滚球	grounder
滚筒	roller
滚轴	roller
滚返	rollback
滚雪球般增长	snowball
滚齿刀	hob
滞光	afterglow
滞水	backwater
滞留	detention, stagnation
满	fullness
满口	mouthful
满场的人	roomful
满屏幕	flooding
满座	packed
满座的	packed
满怀希望	sanguine
满怀希望的	sanguine
满意	content, satisfactory
满意地	approvingly
满意的	content, satisfactory
满房间	roomful
满是烟	smoky
满是烟的	smoky
满是血	gory
满是血的	gory
满是针刺	prickly
满是针刺的	prickly
满期	terminate, fulfil
满杯	bumper
满清官吏	mandarin
满溢	brim
满满一口喝下	swig
满的	filled
满盈	flush
满盈的	flush
满盘	tray
满脸苦相	martyred
满脸苦相的	martyred
满腹牢骚	grumble
满腹牢骚的	disgruntled
满茶杯	teacup
满足	fill, content
满足地	contentedly, complacently
满足地看	gloat
满足感官	luscious
满足感官的	luscious
满足的	content, pleased
满足的注视	gloat
满身湿透	bedraggled
满身湿透的	bedraggled
滤	percolate, sieve
滤光器	filter
滤器	colander
滤掉	leach
滤毒罐	canister
滤水	draining
滤水的	draining
滤泡	crypt, follicle
滤波器	filter
滤清器	cleaner
滤网	sieve
滤过	filter
滤过性病毒	virus
滤过液	percolate
滤过的	strained, filtered
滤饼刮刀	scraper
滥	indiscriminately
滥写	scribble
滥用	abuse
滥用者	abuser
滨水区	waterfront
滨螺	winkle
滩	waterfront
滩头堡	beachhead
滴	drop
滴下	drip, weep
滴下物	dripping
滴水	weeping
滴水嘴	gargoyle
滴水的	weeping
滴注	instill, instil
滴答响	tick
滴答响的东西	ticker
滴答地响	patter
滴答地记录	tick
滴答声	tick
滴管	dropper
漂亮	pretty, smart
漂亮地	nicely, beautifully
漂亮女孩	cutie
漂亮的	pretty, smart
漂亮的人	prettiness
漂亮话	nifty
漂泊	vagrant, squander
漂泊于	rove
漂泊无定的人	erratic
漂泊的	vagrant, vagabond
漂泊者	rover, vagrant
漂洗	rinsed
漂洗工	fuller
漂流	drift
漂流圆木	sawyer
漂流地	adrift
漂流木	driftwood
漂流物	float, drift
漂流的船货	flotsam
漂流者	drifter
漂浮	swim, float
漂浮物	floater
漂浮的	floating
漂浮着	adrift
漂浮着的	adrift
漂浮者	floater
漂清	rinse
漂游	ride
漂白	bleach, blanch
漂白剂	bleachers, bleach
漂白的	bleached
漂石	boulder
漂积海草	wrack
漂移	drifting
漂移的	drifting
漂网渔船	drifter
漆	lacquer
漆刷	paintbrush
漆器	lacquer
漆布	linoleum
漆料	vehicle
漆树	sumac
漆膜收缩龟裂	crawling
漆黑	inky
漆黑的	inky
漏	leak, leakage
漏做	neglect
漏出	leak
漏出物	leakage
漏处	leak
漏接	bobble
漏斗	funnel
漏斗状的东西	funnel
漏气	leakage
漏水	leakage
漏水或进水的	waterlogged
漏泄	leaking
漏洞	leak
漏球	fumble
漏电	leakage
漏的	leaky, leaked
漏踢	bobble
演习	maneuver, manoeuvre
演出	show
演出主持人	showman
演出剧目表	playlist
演出小组成员	panelist
演出时间	playtime
演出期	stanza
演出用	acting
演出用的	acting
演出的	presentational
演出者	impresario
演剧	histrionic
演剧的	histrionic
演化	evolution, evolutionarily
演化地	evolutionarily
演变	transmutation
演员	histrionic, impersonator
演员的	histrionic
演员阵容	cast
演哑剧	mum
演唱	sing
演奏	played
演奏爵士乐	jazz
演奏音乐	spiel
演得过火	ham
演戏	acting
演播室	studio
演算	figure
演练	drilling
演绎	deductive, deduction
演绎出	deduce
演绎的	deductive
演艺业	showbusiness
演艺人员	entertainer
演艺巨星	megastar
演讲	talk, speech
演讲台	rostrum
演讲术	oratory
演讲稿撰写人	speechwriter
演讲者	lecturer, orator
演说	speak, address
演说者	orator
演进	evolutionarily
演进地	evolutionarily
漠不关心	indifferent, indifference
漠不关心地	nonchalantly
漠不关心的	indifferent, unconcerned
漠然	looseness
漠视	disregard
漩涡	swirl, gulf
漫不经心	inadvertently
漫不经心地	inadvertently
漫不经心地奏	strum
漫不经心地弹	strum
漫不经心的	inadvertent
漫射	diffusion
漫射体	diffuser
漫无目的	aimlessly
漫无目的地	aimlessly
漫步	wander, roam
漫步的	rambling
漫步者	rambler
漫游	range
漫游于	rove
漫游癖	wanderlust
漫游的	peripatetic, peregrine
漫游者	ranger
漫画	cartoon, caricature
漫画制作者	animator
漫画家	cartoonist
漫画手法	caricature
漫谈	ramble
漫长	lengthy
漫长的	lengthy
漫骂	invective, inveigh
漫骂的	invective
漱	rinse
漱口	gargle
漱口剂	mouthwash
漱口药	gargle
潇洒	smartly, stylish
潇洒地	smartly
潇洒的	stylish, rakish
潘罗斯	penrose
潜伏	lurk, latency
潜伏处	hideaway
潜伏性	latent
潜伏性的	latent
潜入水中	submerge
潜力	potential
潜台词	subtext
潜在	possible
潜在地	potentially
潜在性	potential
潜在意识	subliminal, subconscious
潜在意识的	subliminal
潜在的	possible
潜在的意思	subtext
潜心于	involve
潜态	abeyance
潜意识	subconsciously, subconscious
潜意识地	subconsciously
潜意识的	subconscious
潜望镜	periscope
潜水	dive
潜水服	armor, armour
潜水者	diver
潜水艇	submarine
潜流	undercurrent
潜移默化	osmosis
潜行	creep, lurk
潜行以觅食	prowl
潜行追踪	stalking
潜逃	abscond, elope
潜随猎物者	stalker
潜鸟	loon
潦草	scratchy
潦草地书写	scribble
潦草地写	scrawl
潦草的	scratchy
潦草的写法	scribble
潦草的笔迹	scrawl
潮	tide, wet
潮汐	tide, tidal
潮汐涨落	tiding
潮汐的	tidal
潮流	swim
潮湿	wet, damp
潮湿的	damp, moist
潮湿的空气	wha
潮热	hectic
潮热病人	hectic
潮热的	hectic
潮的	wet
潮退	ebb
潺潺而流	bicker
澄清	clear, fine
澄清报告	clarification
澄清槽	settler
澄清的	clear
澎湃	surge, insurgent
澎湃的	insurgent
澡堂	bathhouse
澳大利亚人	wallaby
激光	laser
激光器	laser
激动	transport, emotion
激动不安	flustered
激动不安的	flustered
激动人心	stirring
激动人心的	stirring
激动地	wildly
激动的	inflammatory, feisty
激励	power
激励器	actuator
激励的	incentive
激励者	actuator
激励话	prod
激发	wake, inspire
激发兴趣	compelling
激发兴趣的	compelling
激发因素	motivator
激发性	motivational
激发性欲	aphrodisiac
激发性欲的	aphrodisiac
激发性的	motivational
激发感情	provocative
激发感情的	provocative
激增	explosion, explode
激怒	anger, provoke
激怒了	incensed
激怒了的	incensed
激怒人	exasperating
激怒人的	exasperating
激怒的	exasperate
激情	passion
激愤	enraged
激昂	heat
激昂地	passionately, heatedly
激昂的	ablaze, heated
激活	activation
激活剂	activator
激流区	backwash
激浪	bore
激烈	strongly, violent
激烈争论	fireworks
激烈分子	zealot
激烈地	strongly, violently
激烈的	violent, drastic
激烈的论战	melee
激烈言词	exclamation
激烈质问	heckle
激烈质问者	heckler
激烈辩论	agitated
激烈辩论的	agitated
激磁	exciting
激素	hormone
激素的	hormonal
激荡期	storming
激起	stir
激起行为的人	motivator
激越	exaltation
激越的	agitated
激进	radical
激进主义	activism, radicalism
激进主义分子	activist
激进分子	radical
激进化	radicalization
激进地	militantly
激进的	radical
激酶	kinase
濒临毁灭	perilous
濒临毁灭的	perilous
濒临灭绝	endangered
濒临灭绝的	endangered
濒死苦闷	agony
瀑布	fall
瀑布状物	cascade
灌	pour
灌唱片	disc
灌木	shrub
灌木一样	bushy
灌木一样的	bushy
灌木一般	shrubby
灌木一般的	shrubby
灌木丛	chaparral
灌木丛生	scrubby
灌木丛生的	scrubby
灌木修剪法	topiary
灌木林	shrubbery
灌木的	shrubby
灌木篱墙	hedgerow
灌木繁茂	shrubby
灌木繁茂的	shrubby
灌木茂密	bushy
灌木茂密的	bushy
灌泥浆于	slush
灌注	prime
灌溉	irrigation, irrigate
灌肠剂	enema
灌肠法	enema
灌足酒	greased
灌足酒的	greased
灌输	implant, imbue
火	fire
火一般红	aflame
火一般红的	aflame
火光	firelight
火力	firepower
火器	firearm
火室	firebox
火山	volcano, volcanic
火山作用	volcanism
火山口	crater
火山岩	volcanic, lava
火山的	volcanic
火山石	lava, crater
火怪	salamander
火成	igneous
火成的	igneous
火战	firefight
火把	torch
火星	spark, flake
火枪	musket
火枪车	musketeer
火柴	match
火柴制造者	matchmaker
火柴盒	matchbox
火油	kerosene
火炉	stove, burner
火炉烟囱	stovepipe
火炬	torch
火炬之光	torchlight
火炮	artillery
火烈鸟	flamingo
火烧似	lurid
火烧似的	lurid
火热	seething
火热的	seething
火焰	flame, blaze
火焰似	flamboyant
火焰似的	flamboyant
火焰炸弹	firebomb
火球	fireball
火的	igneous
火盆	brazier
火箭	rocket
火绒盒	tinder
火腿	ham
火舌	flame
火舌回闪	flashback
火花	spark, sparkle
火药	powder, gunpowder
火葬	cremation, crematorium
火葬场	crematorium
火葬的	crematorium
火蜥蜴	salamander
火车	train
火车头	locomotive
火车头的	locomotive
火辣辣	smartly
火辣辣地	smartly
火鸡	turkey
火鸡叫声	gobble
灭亡的原因	bane
灭活	inactivation, inactivate
灭滴灵	metronidazole
灭火剂	extinguisher
灭火器	extinguisher
灭绝	extinct
灭绝人性	dehumanize
灭绝的	extinct
灭菌	sterilize
灭迹	obliterate, obliteration
灯	light, lamp
灯丝	heater, filament
灯塔	lighthouse, beacon
灯头	burner
灯心草篓	frail
灯油	kerosene
灯火	lamplight
灯火熄灭	blackout
灯火管制	blackout
灯笼	lantern
灯笼裤	knickers
灯罩	chimney, lampshade
灯芯	wick
灯芯绒	corduroy
灯芯绒做	corduroy
灯芯绒做的	corduroy
灯芯绒裤子	corduroy
灰	ash
灰分	ash
灰分评价	docking
灰化	incinerate, incineration
灰发的	hoary
灰姑娘	cinderella
灰尘	dust
灰尘多	dusty
灰尘多的	dusty
灰心	dejected, dejectedly
灰心地	dejectedly
灰心的	dejected
灰斑	greyness
灰格子呢披衣	maud
灰汁	lye
灰泥	plaster, mortar
灰烬	ash, cinder
灰熊	grizzly
灰白	gray
灰白的	gray
灰的	ashy, ashen
灰胡桃	butternut
灰色	grey, gray
灰色的	grey, gray
灰质粘土	adobe
灰黄色	sallow
灰黄色的	sallow
灵	anima
灵丹妙药	panacea
灵化	sanctification
灵厄	ringe
灵巧	facility
灵巧地	deftly, adroitly
灵巧的	feat, skilful
灵性	spirituality
灵感	inspiration
灵敏	sensitive, alert
灵敏度	sensitivity
灵敏的	sensitive, alert
灵机一动	brainstorm
灵柩	coffin
灵气	anima
灵活	flexible, slick
灵活地	slick
灵活地移动	ease
灵活性	flexibility
灵活的	flexible
灵活的男子	tarzan
灵物	psychic
灵狮	lowe
灵车	hearse
灵长目动物	primate
灵长类	primate
灵验	efficacious
灵验的	efficacious
灵魂	soul, spirit
灵魂的	psychic
灶	oven
灶台	hearth
灶的	focal
灼伤	sears
灼热	glowing, scorching
灼热的	glowing, scorching
灾变	cataclysmic
灾变的	cataclysmic
灾祸	disaster
灾难	calamity, tragedy
灾难性	calamitous
灾难性的	calamitous
灾难的	catastrophic
灿烂	brilliant, splendid
灿烂地	brilliantly
灿烂的	brilliant, splendid
炉	kiln
炉床	hearth
炉栅	grate
炉格	grate
炉渣	cinder
炉火	fire
炉灶	cooker
炉灶面	cooktop
炉篦	grate, rooster
炉缸	hearth
炉边	hearth, fireside
炊事用具	cooker
炊具	cookware
炎	inflammation
炎性的	inflammatory
炎热	fervent, torrid
炎热的	fervent, torrid
炎症性	inflammatory
炎症性的	inflammatory
炎的	inflammatory
炒	browned
炒菜锅	wok
炒蛋	omelette, omelet
炒过	parched
炒过的	parched
炖	stew, jug
炖杂烩	scouse
炖水果	sass
炖煮	stewed
炖煮的	stewed
炖熟	braised
炖熟的	braised
炖蛋锅	poacher
炖锅	saucepan
炙	roast
炙烤的人	roaster
炙的	broiled
炙过	grilled
炙过的	grilled
炫目	glaring, glitz
炫目的	glaring
炫耀	display, parade
炫耀地	ostentatiously
炫耀的	garish, showy
炫耀自己	prank
炭	char
炭化	charing
炭疽	anthrax
炭黑色	soot
炮	canon
炮兵	artillery
炮兵军士	bombardier
炮击	bombardment, bombard
炮弹	shot
炮战	firefight
炮手	gunner
炮术	artillery
炮火	gunfire
炮烙刑	stake
炮舰	gunboat
炮艇	gunboat
炮轰	shell, cannon
炮长	gunner
炮门	porthole
炸	blast
炸弹	bomb
炸成褐色	browned
炸毁	dynamite
炸肉排	cutlet
炸肉片	cutlet
炸药	explosive
点	point
点亮	lighten
点头	nod
点头示意	beck
点头表示	nod
点心	refreshment, snack
点心苹果	pippin
点数	tally
点滴	dribble
点火	inflame, ignition
点火者	lighter
点灯工人	lighter
点燃	light, fire
点状	punctual
点状的	punctual
点球大战	shootout
点着	alight
点着的	alight
点符	glyph
点线机	roulette
点缀	spot
点缀品	ornament
点蜡烛	candlelit
点蜡烛的	candlelit
炻器	stoneware
炼丹家	alchemist
炼丹术	alchemy
炼丹的	alchemical
炼制业者	refiner
炼焦器	coker
炼狱	purgatory
炼金术	alchemy
炼金术士	alchemist
炼金药	elixir
炼钢工人	steelworker
炼钢炉	converter
炼韧	anneal
炽烈	afire
炽烈的	afire
炽热	fiery, molten
炽热的	fiery, molten
炽燃	blazing
炽燃的	blazing
烂	rot
烂泥	slime, slush
烂醉如泥	pickled, inebriated
烂醉如泥的	pickled, inebriated
烃	hydrocarbon
烈士	martyr
烈妇	heroine
烈性啤酒	stout
烈性子的人	spitfire
烈火	blaze
烈酒	bingo
烘	toast
烘干	kiln
烘托	foil
烘烤	roast
烘烤器	roaster
烘烤的	roast
烘烤过	barbecued
烘烤过的	barbecued
烘焙	bake
烘焙的	baked
烘箱	oven
烘肉卷	meatloaf
烘脆	crisp
烙制	poker
烙印	burn, brand
烙饼	pancake
烛光	candlelight
烛花	snuff
烟	smoke
烟味辣椒	chipotle
烟囱	chimney
烟堆	smokestack
烟头	butt
烟幕	smokescreen
烟晶	cairngorm
烟洞	flue
烟火	rocket, firework
烟火信号弹	firework
烟火具	firework
烟火的	pyrotechnic
烟灰缸	ashtray
烟熏	smoking
烟熏剂	smoke
烟碱	nicotine
烟碱酸	niacin
烟管	flue
烟草	tobacco
烟草商	tobacconist
烟蒂	stub, stump
烟道	flue
烟酸	niacin
烟雾	cloud, smog
烟雾剂	aerosol
烟雾弥漫	hazy, smoggy
烟雾弥漫的	hazy, smoggy
烤	bake, grill
烤宽面条	lasagna, lasagne
烤干	baking
烤架	grill
烤火	toasted
烤焙用具	broiler
烤焦	sear, singe
烤的	grilled, roasted
烤的碎面包片	crouton
烤箱	oven
烤肉	barbecue, roast
烤肉串配蔬菜	kebab
烤肉叉子	skewer
烤肉师傅	broiler
烤肉店	rotisserie
烤肉架	barbeque
烤肉野餐	barbeque
烤肉铺	rotisserie
烤过	roast
烤过的	roast
烤面包	bake, toast
烤面包器	toaster
烤面包炉	toaster
烤面饼	crumpet
烤饼	scone
烦	bothered
烦人	boring, bored
烦人的	boring, bored
烦恼	trouble, worry
烦恼地	teasingly, worryingly
烦恼的	distraught, agonising
烦扰	bother, burden
烦燥	fretful, fidgety
烦燥的	fretful, fidgety
烦的	bothered
烦躁	fret
烦躁不安	fidget
烦躁的	whiny
烦闷	annoyed, discomfort
烦闷的	annoyed
烧	burn, burning
烧伤	burn
烧制	fire
烧嘴炉	burner
烧坏	burnout
烧尽	burnout
烧成灰	incinerate, incineration
烧杯	beaker
烧毁	burn
烧水壶	teakettle
烧滚	boiled
烧滚的	boiled
烧火	fire
烧火的人	burner
烧灼	sizzle
烧烤	barbecue
烧焦	scorch, singe
烧瓶	flask
烧窑	kiln
烧肉叉	broach
烧蚀	ablation
烫伤	scald
烫发	permanent
烫平	iron, smooth
烫洗	scald
烫衣	launder
热	hot, heat
热中	craziness
热切	pressing, eagerly
热切希望	hanker
热切期望	solicitous
热切期望的	solicitous
热切的	pressing
热切的注视	glower
热力学	thermodynamics, thermodynamic
热力学的	thermodynamic
热区	hotspot
热带	tropical
热带地区	tropics
热带的	tropical
热带草原	savanna, savannah
热度	heat, temperature
热得难受	sweltering
热得难受的	sweltering
热心	hot, eager
热心地	enthusiastically, warmly
热心家	enthusiast
热心的	hot, eager
热心者	zealot
热忱	cordial, ardor
热忱的	cordial
热情	passionate, tropical
热情地	passionately, fervently
热情洋溢	ebullient
热情洋溢的	ebullient
热情的	passionate, tropical
热敷	foment
热望	long
热望的	eager, longing
热果子酒	bishop
热核	thermonuclear
热核武器	thermonuclear
热核武器的	thermonuclear
热核的	thermonuclear
热水瓶	thermos
热水的	hydrothermal
热浴	stew
热点	hotspot
热炼	cooking
热烈	passionate, fierce
热烈地	fervently, ardently
热烈欢迎	ovation
热烈的	passionate, fierce
热烈讨论	agitated, harangue
热烈讨论的	agitated
热爱	passion, devotion
热牛奶咖啡	cappuccino
热病	fever
热的	hot
热线	hotline
热线服务电话	helpline
热线电话	hotline
热衷	zealous, zeal
热衷于	eagerly
热衷的	zealous
热裂法炭黑	thermals
热诚	zeal, zealous
热诚的	zealous
热量	thermal
热量的	thermal
热门	pop
热门的	pop
热闹	busy
热闹的	busy
烹任学	gastronomic
烹任学的	gastronomic
烹调	cook
烹调术	cookery
烹调法	cuisine, cookery
烹调用	culinary
烹调用炉	cookstove
烹调用的	culinary
烹调过度的	overcook
烹调风格	cuisine
烹饪	cooking
烹饪用具	cookware
烽火	beacon
焊	welding
焊口	crater
焊合	seam, solder
焊接	weld
焊接剂	solder
焊接处	weld
焊接工	welder
焊接的	fabricated
焊机	welder
焊条	electrode
焊牢	weld
焊的	welding
焊钳	forcep
焓	enthalpy
焕发青春	bloom
焖	stew
焖熟	braised
焖熟的	braised
焙	baking, broiled
焙烧炉	roaster
焙的	broiled
焙盘	tureen
焚化	incinerate, incineration
焚化炉	incinerator
焚尸炉	crematorium, incinerator
焚烧	flame
焚烧炉	incinerator
焚烧装置	incinerator
焚香	incense
焦	parched
焦化	burned
焦噪	fretful
焦噪的	fretful
焦头烂额	scorched
焦急	fuss, nervously
焦急地	nervously
焦急的	vexed
焦油	tar
焦油的	tar
焦炭	coke
焦点	focus
焦点的	focal
焦烧	scorching
焦燥	fuss
焦的	parched
焦糖	caramel
焦虑	anxiety
焦虑地	worryingly, pensively
焦虑的	alarmed
焦距	focus
焦躁	peeve
焰火	skyrocket
然后	then
然而	however, though
煅烧炉	incinerator
煎	fry
煎熬	ordeal
煎蛋卷	omelet, omelette
煎蛋饼	omelet
煞费苦心	painstakingly
煞费苦心地	painstakingly
煞车声	screech
煞风景	unpleasant
煞风景的	unpleasant
煤	coal
煤井	colliery
煤仓	bunker
煤尘	smut, grime
煤屑	breeze
煤气	gas
煤气厂	gasworks
煤气灯	gaslight
煤气灯光	gaslight
煤油	kerosene
煤渣	cinder
煤烟	soot
煤烟熏黑	sooty
煤烟熏黑的	sooty
煤玉	jet
煤田	coalfield
煤矿	colliery
煤矿工	pitman
煤矿工人	collier
煤车	tram
照亮	light
照例	customarily
照做	comply
照准	sighting
照字面	verbatim
照字面的	verbatim
照射	exposure
照射量	exposure
照常套	conventionally
照惯例	conventionally
照批发方式	wholesale
照料	care, tend
照料或梳洗	groomed
照料者	caregiver
照旧	unaltered
照旧的	unaltered
照明	illuminate, illumination
照明灯	spotlight
照明设备	lighting
照片	picture, photo
照相	photo, photograph
照相复制	photocopying, photocopied
照相师	cameraman
照相术	photography
照相机	camera
照相机快门	shutter
照相的	photo, photographic
照看	mother
照看婴孩	babysit
照看孩子者	childminder
照耀	shine, beam
照老例	conventionally
照自然状态	crudely
照规定饮食	diet
照顾	watch, attend
照顾性	compassionate
照顾性的	compassionate
照顾者	caretaker, minder
煨	simmer
煮咖啡器	coffeemaker
煮器	boiler
煮得欠熟	undercooked
煮得欠熟的	undercooked
煮沸	boil
煮沸的	boiled
煮熟的程度	doneness
煮皂锅	cauldron
煮锅	skillet
煮饭	cook
煽动	fan, egg
煽动叛乱者	firebrand
煽动叛逆罪	sedition
煽动性	seditious
煽动性的	seditious
煽动的	inflammatory, incendiary
煽动者	demagogue, incendiary
煽动行为	demagoguery
煽动骚乱	sedition
熄	douse
熄火	burnout
熄灭	out
熄灭的	out
熄灭者	extinguisher
熊	bear
熊市	bearish
熏	fume
熏以煤烟	soot
熏制	blackened, smoked
熏制室	smokehouse
熏制的	blackened, smoked
熏烟	smudge
熏烧	smoldering
熏猪肉	bacon
熏肉薄片	rasher
熏脏	smoky
熏脏的	smoky
熏衣草	lavender
熏陶	edify, edification
熏鲑鱼	lox
熔凝	fused
熔凝的	fused
熔化	melt, flux
熔化物	melt
熔化的	molten, fused
熔合	fusion
熔合物	fusion
熔固器	blaster
熔岩	lava
熔接	welding
熔核	nugget
熔渣	slag
熔炉	forge, furnace
熔炼	smelting
熔融	fusion
熔铸工	smelter
熙熙攘攘	bustling
熙熙攘攘的	bustling
熟习	habituation
熟人	contact
熟化	cured, ripening
熟化的	cured
熟友	familiar
熟思	deliberation
熟悉	familiar
熟悉内情	hip
熟悉内情的	hip
熟悉内情者	insider
熟悉森林的人	woodsman
熟悉的	familiar
熟睡	asleep
熟睡地	asleep
熟练	skilled, experienced
熟练地	skilfully, expertly
熟练工人	journeyman
熟练技术	knack
熟练技术工	artisan
熟练控制	manipulated
熟练的	skilled, experienced
熟虑	deliberation
熟记	memorize, memorise
熟读	peruse, perusal
熟食品	deli
熟食店	deli, delicatessen
熨	iron
熨斗	iron
熨烫	ironing
熬汁	extractive
熬炼	cooking
熵	entropy
燃尽	burnout
燃料	fuel
燃料剂	wildfire
燃烧	burn, burning
燃烧中	aflame
燃烧中的	aflame
燃烧体	blazer
燃烧室	firebox
燃烧弹	incendiary
燃烧性	combustible
燃烧性的	combustible
燃烧的	burning, flaming
燃烧着	afire
燃烧般	ardent
燃烧般的	ardent
燃着	catch
燕子	swallow
燕尾提举力	coattails
燕雀	songbird
燕鸥	tern
燕麦	oats, oat
燕麦属植物	oats
燕麦片	oatmeal
燕麦田	oat
燕麦粥	oatmeal, oats
燧石	flint, flinty
燧石的	flinty
爆发	explosion, explode
爆发地	explosively
爆发点	flashpoint
爆炸	explode, explosion
爆炸了	exploded
爆炸了的	exploded
爆炸品	explosives
爆炸声	detonation
爆炸物	explosives
爆炸的	explosive
爆破音	explosive
爆竹	cracker, maroon
爆管	booster
爆米花	popcorn
爆聚	implosion
爆裂	crack, burst
爆裂似	splitting
爆裂似的	splitting
爆裂声	crack
爆轰	detonation
爆震	detonation
爆震内燃机	knocking
爆震波	shockwave
爪	hand
爪甲	onyx
爪钩	grappling, grabber
爬	climb, creep
爬上	mount
爬到桅顶	masthead
爬升	climb
爬虫	reptile
爬虫类	reptile, reptilian
爬虫类的	reptile, reptilian
爬行	crawl, scramble
爬行动物	reptile, reptilian
爬行的	reptile, creepy
爬行者	crawler, creeper
爱	love
爱乐团体	philharmonic
爱乐团体的	philharmonic
爱争论	contentious
爱争论的	contentious
爱交际	clubby
爱交际的	clubby
爱人	lover, honey
爱出风头	swanky
爱出风头的	swanky
爱吵架	cantankerous
爱吵架的	cantankerous
爱哭	leaky
爱哭的	leaky
爱哭的人	crybaby
爱嘲笑	cynically
爱嘲笑地	cynically
爱国	patriotic
爱国主义	patriotism
爱国主义者	patriot
爱国心	patriotism
爱国的	patriotic
爱国精神	patriotism
爱国者	patriot
爱奥尼亚	ionic
爱奥尼亚式	ionic
爱奥尼亚式的	ionic
爱奥尼亚方言	ionic
爱奥尼亚的	ionic
爱好	love
爱好和平	pacific
爱好和平的	pacific, peaceful
爱好学问	studious
爱好学问的	studious
爱好者	lover, amateur
爱好者杂志	fanzine
爱好音乐	philharmonic
爱好音乐的	philharmonic
爱尔兰	eire
爱尔兰人	paddy
爱开玩笑	facetious
爱开玩笑的	facetious
爱德华	edward
爱德温	edwin
爱情	love
爱惜	sparingly
爱惜地	sparingly
爱慕	love
爱慕者	worshipper
爱打听	nosy, enquiring
爱打听的	nosy, enquiring
爱打扮的人	toff
爱打架	scrappy
爱打架的	scrappy
爱打趣	playful
爱打趣的	playful
爱批判	censorious
爱批判的	censorious
爱抚	caress, fondle
爱护	cherish
爱挑剔	fussy
爱挑剔的	fussy
爱挑衅的	aggressive
爱挖苦的人	satirist
爱探听	nosey
爱探听的	nosey
爱斯基摩人	husky
爱梦想	dreamily
爱梦想地	dreamily
爱泼斯坦	epstein
爱清洁	cleanly
爱清洁的	cleanly
爱炫耀	pompous
爱炫耀的	pompous
爱畜	cosset
爱神	eros
爱称	diminutive
爱立顺	anson
爱童癖	pedophilia
爱管闲事	pragmatic
爱管闲事的	pragmatic
爱管闲事的人	busybody, pragmatist
爱而近	elgin
爱讲闲话	chatty
爱讲闲话的	chatty
爱说奉承话	smarmy
爱说奉承话的	smarmy
爱说话	communicative, gab
爱说话的	communicative, communicable
爱调戏	flirtatious
爱调戏的	flirtatious
爱踢的马	kicker
爱追根究底	inquiring
爱追根究底的	inquiring
爱马的人	phillip
爱默想	contemplative
爱默想的	contemplative
爱默生	emerson
爵士	knight
爵士乐	jazz
爵士乐的	jazz
爵士白	ajax
爵士的	jazzy
父亲	father
父亲的	paternal, fatherly
父亲的身分	fatherhood
父亲身份	paternity
父子相传	patrilineal
父子相传的	patrilineal
父性	fatherhood
父权	affiliation, paternity
父权制	patriarchy
父死后出生	posthumously
父母	parent
父母亲	parent
父母亲的	parental
父母的	parental
父母身分	parenthood
父系	paternal, patrilineal
父系的	paternal, patrilineal
父系社会	patriarchy
父系血统	paternity
爷爷	grandpa, grandad
爸爸	dad
爹爹	dad
爽快	refreshing, exhilarating
爽快地	crisply, cheerily
爽快的	refreshing, exhilarating
爽朗	chipper
爽朗的	chipper
片	piece, patch
片刻	moment, minute
片剂	tablet
片断	snatch, snippet
片断的	fragmentary, fragmented
片断的知识	smattering
片段	segment, fragment
片状剥落	exfoliating
片皮机	splitter
片面	unilateral
片面的	unilateral
版	print, edition
版图	territory
版式	format
版本	version, edition
版权	copyright
版画复制	printmaking
版画复制匠	printmaker
版面	appearance, layout
牌价	quotation
牌子	brand
牌楼	gate
牙	dens
牙买加	jamaican
牙买加人	jamaican
牙买加人的	jamaican
牙买加的	jamaican
牙买加胡椒	allspice
牙冠定着术	pivoting
牙列	denture
牙刷	toothbrush
牙医师	dentist
牙周病学	periodontal
牙周病学的	periodontal
牙周的	periodontal
牙周膜的	periodontal
牙垢	tartar
牙弓内缩	contraction
牙弓过宽	distraction
牙根	fang
牙牙学语	babble
牙痛	toothache
牙的	dental
牙科	dentistry
牙科医生	dentist
牙科学	dentistry
牙科技术	dentistry
牙签	toothpick
牙膏	toothpaste
牙齿	tooth
牙齿周围	periodontal
牙齿周围的	periodontal
牙齿的	dental
牛	cattle, neat
牛仔	cowboy
牛仔布	jean, denim
牛仔裤	jean, jeans
牛叫声	moo
牛头刨床	shaper
牛奶	latte
牛奶什锦早餐	muesli
牛奶公司	dairy
牛奶商	milkman
牛市场	rodeo
牛拉货车	trek
牛排	steak
牛排餐厅	steakhouse
牛栏	bullpen, byre
牛棚	stable
牛槽	manger
牛痘	vaccine
牛痘的	vaccine
牛痘苗	vaccine
牛的	bovine
牛的上部腰肉	sirloin
牛皮癣	psoriasis
牛皮纸	kraft, vellum
牛皮纸的	vellum
牛羊脂	suet
牛肉	beef
牛肉干	jerky
牛肉清汤	bouillon
牛肉香肠	frankfurt
牛脂	suet
牛草	timothy
牛虻	gadfly
牛蛙	bullfrog
牛车旅行	trek
牛轭	yoke
牛郎	cowboy
牛里脊肉	sirloin
牛顿	newton
牛饮	swig
牝鹿	roe
牟取暴利	profiteering
牡丹	peony
牡蛎	oyster
牡蛎壳	shuck
牡鹿	stag
牢固	firm
牢固地	securely
牢固的	firm
牢房	cage
牢牢地抓住	clench
牢牢抓住	clench
牢狱	bastille
牢记	remembered
牢骚	grouse
牦牛	yak
牧主	herdsman
牧人	pastoral, herd
牧人的	pastoral
牧场	grass, pasture
牧场工人	rancher
牧师	minister
牧师住宅	manse
牧师住所	parsonage
牧师助理	beadle
牧师执职	ministration
牧师的	cleric, pastoral
牧师职位	stall
牧歌	pastoral, idyllic
牧歌的	idyllic, bucolic
牧民	bucolic
牧民的	bucolic
牧牛人	cattleman
牧童	cowboy
牧羊人	shepherd
牧羊犬	shepherd
牧羊狗	sheepdog
牧草	pasture
牧草地	grassland
物	thing
物主	owner
物主身份	ownership
物产	produce
物体	object
物力论	dynamism
物化	reification
物品	article
物料	materiel
物物交换	barter
物理	physics
物理伦琴当量	rep
物理学	physics
物理学家	physicist
物理治疗	physiotherapy
物理现象	physics
物理疗法	physiotherapy, physio
物理疗法家	physiotherapist
物理过程	physics
物的	thingy
物神	fetish
物种形成	speciation
物色人才的人	headhunter
物质	matter, material
物质上	materially
物质供应	provisioning
物质化	materialize, materialise
物质性	materiality
物质的	material, physical
物资	material
牲畜	livestock
牲畜围栏	stockyard
牲畜栏使用费	yardage
牲礼	offering
牲粉	glycogen
牵制	pin, containment
牵制的	diversionary
牵就	humor
牵引	traction, tow
牵引力	traction
牵引器	tractor
牵引的	trailing, pulled
牵引肌	protractor
牵引量	haulage
牵强附会的	strained
牵涉	involve
牵线木偶	marionette
牵连	implication
牵连的	incriminating
特丽萨	theresa
特产	specialty
特价商品	bargain
特伦托河	trent
特伦特	trent
特使	envoy
特免	privilege
特免权	dispensation
特兰西瓦尼亚	transylvania
特写	feature
特别	particularly, particular
特别创造说	creationism
特别受喜爱	favorite
特别受喜爱的	favorite
特别地	extra, specially
特别好	banner
特别好的	banner
特别快车	limited
特别恩典	privilege
特别指明	specialize
特别的	particular, special
特别的事情	phenom
特制	prepared
特制品	speciality
特制的	prepared
特加指明	specialise
特化	specialise
特发	idiopathic
特发的	spontaneous
特大	super
特大之物	whopper
特大号	outsize
特大号的	outsized
特大型	oversize
特大的	super
特大超级市场	hypermarket
特定	specifically
特定区域	location
特定地	specifically
特尔斐	delphi
特应性的	idiosyncratic
特异	differential
特异体质的	idiosyncratic
特异反应	idiosyncrasy
特异性	specificity
特异性体质	idiosyncrasy
特异的	differential
特征	feature, characteristic
特征值	eigenvalue
特征发生	stigmatization
特征的	diagnostic
特性	quality, specific
特性因数	characterization
特性描述	characterization
特性的	characteristic
特性论	ethology
特惠关税率	preferential
特惠的	preferential
特意	expressly
特意地	expressly
特意的	designed
特技	stunt
特技人	stuntman
特技替身演员	stuntman
特技飞行	aerobatic
特技飞行的	aerobatic
特拉维斯	travis
特指	designated
特指的	designated
特效药	specific
特有	characteristic
特有型式	patterning
特有特性	personality
特有的	characteristic
特有财产	peculiar
特权	freedom, privilege
特权的	prerogative
特殊	special, specific
特殊化	specialization
特殊地	exceptionally
特殊场合的	occasional
特殊待遇	perquisite
特殊性	distinctiveness, particularity
特殊的	special, specific
特殊的气味	tang
特殊神宠论	particularism
特殊阶段	incarnation
特洛伊城	troy
特点	behaviour, accent
特种技能	speciality
特立尼达拉岛	trinidad
特等品	imperial
特等纸板	cardboard
特等舱	stateroom
特级品	super
特色	characteristic
特蕾西	tracy
特许	concession, charter
特许权	royalty
特许权所有人	concessionaire
特许权获得者	concessionary
特许状	charter
特许的	patent
特许经营权	franchise
特许证持有人	franchisee
特质	peculiarity, idiosyncratic
特质的	idiosyncratic
特超声速的	hypersonic
特里斯坦	tristan
特里萨	teresa
特长	forte
牺牲	sacrifice
牺牲品	victim
牺牲的	sacrificial
牺牲者	victim, prey
犀牛	rhinoceros, rhino
犁	plough, plow
犁刀	coulter
犁沟	furrow
犁田	furrowed
犁耕	plowed
犁过的地	plough
犁雪机	snowplow
犬	canine
犬儒主义	cynicism
犬儒学派	cynic
犬儒学派的	cynic
犬儒学派的人	cynic
犬吠声	yip
犬牙	fang
犬的	canine
犬科	canine
犬科的	canine
犬齿	canine
犯	sin, commit
犯乱伦罪的	incestuous
犯了罪	criminal
犯了罪的	criminal
犯人	prisoner, criminal
犯叛国罪	treasonous
犯叛国罪的	treasonous
犯大错	bumble
犯杀人罪	murder
犯杀人罪的	bloodstained
犯法	offence
犯法的	transgressive
犯法者	lawbreaker
犯渎圣罪	sacrilegious
犯渎圣罪的	sacrilegious
犯罪	crime, offence
犯罪上	criminally
犯罪地点	venue
犯罪学	criminology
犯罪学学者	criminologist
犯罪学家	criminologist
犯罪性	criminality
犯罪的	guilty
犯罪者	perpetrator, culprit
犯罪行为	criminality
犯罪集团成员	mobster
犯规	foul
犯规的	illegal
犯错	mistake
犯错的	mistaken
犯错误	err
犰狳	armadillo
状况	circumstance
状态	state
状语	adverbial
状语的	adverbial
犹太人	israelite
犹太人区	ghetto
犹太人的	israelite
犹太人集会	synagogue
犹太初等学校	yeshiva
犹太教	synagogue
犹太教会堂	synagogue
犹太教教士	rabbi
犹太教的割礼	circumcision
犹太老板	goldberg
犹太高等学校	yeshiva
犹豫	hesitate
犹豫不决	indecisive
犹豫不决的	indecisive
犹豫不定	hesitant
犹豫不定的	hesitant
犹豫地	uncertainly, haltingly
犹豫的	halting, faltering
狂	madness, mania
狂乱	frantic, fury
狂乱的	frantic
狂人	maniac
狂吠	howl
狂吠声	yap
狂吹	rage
狂吼	rave
狂喊着说	howl
狂喜	ecstasy, ecstatic
狂喜的	ecstatic
狂喜的人	ecstatic
狂女	madwoman
狂妄	conceit
狂妄的话	sass
狂妄野心	hubris
狂怒	mad, furious
狂怒的	furious, infuriate
狂怒的人	fury
狂想	vagary, maggot
狂想家	crackpot
狂想的	conceited
狂文	extravaganza, rhapsody
狂暴	wild, fury
狂暴地	wild
狂暴的	turbulent, berserk
狂暴的行为	ferocity
狂欢	spree, revel
狂欢作乐	revel
狂欢者	reveler, reveller
狂欢节	carnival, jubilee
狂热	crazy, enthusiastic
狂热分子	zealot
狂热地	enthusiastically, wildly
狂热地说	rhapsodize
狂热爱好者	aficionado
狂热的	crazy, enthusiastic
狂热者	fan
狂热而侠义	quixotic
狂热而侠义的	quixotic
狂犬病	rabies
狂犬病的	rabid, hydrophobic
狂笑	guffaw
狂行	extravaganza
狂言	extravaganza
狂跳乱撞	ramp
狂躁	mania
狂躁地	maniacally
狂闹	daft, binge
狂闹的	daft
狂风	gale
狂风声	bluster
狂风暴雨	blustery
狂风暴雨的	blustery
狂饮	hell
狄伦	dylan
狄克逊	dixon
狄龙	dillon
狍	roe
狐	tod
狐狸	fox
狐猴	lemur
狐臭	bo
狒狒	baboon
狗	dog
狗仔队	paparazzi
狗儿	doggie
狗吠声	bay
狗屋	kennel
狗窝	doghouse
狗舍	kennel
狗鳕	hake
狙击	nick
狙击兵	sniper
狠打	lambast
狠揍	baste
狠毒	malevolence
狠狠地打	paste
狡滑的人	coon
狡猾	subtle, sly
狡猾地	slyly, archly
狡猾的	subtle, sly
狡猾的人	fox, weasel
狡猾的的	cunning
狡计	guile
狡诈	crafty, artfully
狡诈地	artfully
狡诈的	crafty, cunning
狡辩	chicanery
狩猎	shoot, hunting
狩猎者	shooter
独一无二	unique
独一无二的	unique
独创能力	originality
独力	unassisted
独力的	unassisted
独占	exclusive, monopolize
独占事业	monopoly
独占的	exclusive
独唱	solo
独唱特写镜头	aria
独唱的	solo
独唱者	soloist
独奏	solo
独奏的	solo
独奏者	soloist
独居	solitary
独居的	solitary
独居者	solitary
独断	assertively, dictatorial
独断地	assertively
独断的	dictatorial
独有	particular
独有的	particular
独木舟	canoe
独桅小船	hoy
独特	individual, unique
独特地	uniquely, individually
独特的	individual, unique
独生子	singleton
独白	monologue
独白场面	monologue
独石	monolithic
独石的	monolithic
独立	independent, independence
独立件	separate
独立制片人	indie
独立国	sovereignty, sovereign
独立地	independently
独立存在	substantive
独立存在的	substantive
独立性	independence
独立派	separatist
独立的	independent
独立自主	autonomously
独立自主地	autonomously
独立自主者	independent
独立证据	corroboration
独脚戏	monologue
独自	alone, respectively
独自地	alone, respectively
独自的	alone
独裁	authoritarian, despotism
独裁主义	authoritarian, authoritarianism
独裁主义的	authoritarian
独裁政府	autocracy
独裁政权	dictatorship
独裁政治	autocracy
独裁权	dictatorship
独裁的	authoritarian
独裁统治	autocracy
独裁者	dictator, autocrat
独裁者之职位	dictatorship
独裁者的	dictatorial
独身	celibate, celibacy
独身主义	celibate
独身主义的	celibate
独身主义者	celibate
独身状态	celibacy
独身生活	celibacy
独身的	celibate, unmarried
独身者	celibate
独轮车	wheelbarrow
狭口大肚酒杯	snifter
狭小	narrowness
狭小空间	coop
狭小通道	catwalk
狭小部分	small
狭尖的背脊	razorback
狭板	stave
狭海峡	kyle
狭窄	narrow
狭窄地	narrowly
狭窄的	narrow
狭窄部分	narrow
狭道	guts, defile
狭长土地	panhandle
狭长小船	gondola
狭长港湾	arm
狭长的一行	windrow
狭长裂口	slit
狭隘	illiberal
狭隘的	illiberal
狮子	lion
狮子座	lion
狱卒	jailer
狱友	cellmate
狱吏	turnkey
狺吠	yelp
狼	wolf
狼人	werewolf
狼吞虎咽	stuff, wolf
狼吞虎咽地吃	gorge
狼吞虎咽的	voracious, ravenous
狼牙棒	mace
狼狈	discomfiture
狼疮	lupus
狼的	lupine
狼蛛	tarantula
猎人	hunter
猎兔	rabbit
猎取	poaching
猎取人头者	headhunter
猎场	shooting
猎场看守人	gamekeeper
猎海豹	seal
猎物	quarry
猎犬	hunter, hound
猎狐	hunting
猎获	bag
猎豹	cheetah
猎食	hunt
猎鸟	wildfowl, snipe
猎鸟者	birder
猎鹰	falcon
猕	rhesus
猕猴	macaque
猖獗	rampant
猖獗的	rampant
猛兽	killer
猛冲	storm, fling
猛击	drive
猛吃	cram
猛咬	snap
猛地落下	precipitate
猛增	zoom
猛射	fusillade
猛扑	snap, pounce
猛扭	wrench
猛投	sock, hurl
猛抛	precipitate
猛抬	toss
猛拉	sweep, jerk
猛挥鳍	fin
猛推	shove, thrust
猛掷	hurl
猛揍	whale
猛撞	crash
猛撞的	crashing
猛攻	storm, slam
猛攻运动员	rusher
猛涨	rocket
猛烈	violence, strong
猛烈地	strong
猛烈抨击	slam, blast
猛烈炮轰	strafe
猛烈的	violent, fierce
猛烈的抨击	slam
猛然	slam
猛然关上	slam
猛然地	headlong
猛然掉落	slump
猛犸	mammoth
猛犸似	mammoth
猛犸似的	mammoth
猛砍	slash
猛砍者	slasher
猛禽	raptor
猛禽的巢	aerie
猛绞	wrench
猛落	flop
猛跌	nosedive
猜	guessing
猜对	guessing
猜忌	jealousy
猜想	allow
猜测	guess, imagine
猜疑	suspiciously, leery
猜疑地	suspiciously
猜疑的	leery
猝发	instantaneous
猝发的	instantaneous
猝变	cataclysm
猞猁	lynx
猥亵	obscene, filth
猥亵的	obscene, indecent
猥亵者	molester
猥亵行为	sodomy
猩猩	orangutan
猩红色	scarlet
猪	pig
猪仔	piglet
猪似	porcine
猪似的	porcine
猪圈	sty
猪尾	pigtail
猪栏	sty
猪油	lard
猪油渣	crackling
猪的	porcine
猪的一胎	farrow
猪肉	pork, pig
猪脚	trotter
猪舍	pigsty
猪鬃	bristle
猪鼻蛇	adder
猫	cat
猫一样	feline
猫一样的	feline
猫叫	meow
猫叫声	meow, mew
猫味	puss
猫头鹰	owl
猫头鹰叫	hoot
猫的	feline
猫眼石	opal
猫科	feline
猫科动物	feline
猫科的	feline
猫鼬	mongoose
献	donated
献出	dedicate
献殷勤	court
献殷勤地	gallantly
献祭	offer
献祭的	sacrificial
献给上帝	sacred
献给上帝的	sacred
献身	devote, dedicated
献身的	dedicated
献身者	devotee
献辞	dedication
献酒	libation
猴子	monkey
猴子一般	simian
猴子一般的	simian
猿	monkey
獠牙	tusk
獴狐猴	mongoose
獾	badger
獾皮毛	badger
玄关	hallway
玄学	metaphysics, metaphysic
玄武岩	basalt
率	rate
率直	frank, straightforward
率直地	outright, bluntly
率直的	frank, straightforward
率真	openness
率领	captain
玉	jade
玉制	jade
玉制的	jade
玉桂子	allspice
玉米棒子的芯	corncob
玉米淀粉	cornstarch, cornflour
玉米片	cornflake, cornmeal
玉米田	cornfield
玉米秆	cornstalk
玉米穗轴	corncob
玉米粉	cornflour
玉米粉蒸肉	tamale
玉米糊	polenta
玉米芯	corncob
玉米面包	cornbread
玉米饼	tortilla
玉蜀黍	corn
玉蜀黍淀粉	cornstarch
玉蜀黍粉	cornmeal
玉蜀黍色	maize
玉蜀黍色的	maize
玉黍螺	periwinkle
王	wang, wong
王位	kingship
王位标识	regalia
王候般	princely
王候般的	princely
王公	maharajah
王冠	crown
王后	queen
王国	kingdom, realm
王妃	princess
王子	prince
王子的	princely
王安电脑公司	wang
王室	royal
王室守林人	ranger
王室的	royal
王室的特权	regalia
王尔德	wilde
王座	throne
王族成员	royalty
王朝	dynasty, dynastic
王朝的	dynastic
王权	crown
王权的标记	regalia
王牌	trump
玛丽	mary, marie
玛丽安	marianne
玛克辛	maxine
玛杰里	margery
玛格丽塔	margarita
玛格利特	margaret
玛瑙	agate
玛西亚	marcia
玛里琳	marilyn
玩	play
玩世不恭的人	cynic
玩乐	ploy
玩伴	playmate
玩具	toy
玩具小屋	dollhouse
玩具房	playhouse
玩味	relish
玩家	gamer
玩弄	toy
玩弄女性的人	womanizer, seducer
玩忽	niggle
玩忽职守	truancy, derelict
玩忽职守的	derelict
玩忽职守者	derelict, truant
玩戏法	juggle
玩杂耍的人	showman
玩板球者	cricketer
玩水	dabble
玩滚球的人	bowler
玩物	plaything
玩独木舟	canoeing
玩球戏的人	bowler
玩笑	play
玩耍	game
玩腻了	blase
玩腻了的	blase
玩跷跷板	seesaw
玫瑰	rose
玫瑰园	rosary
玫瑰油	otto
玫瑰红色	rosy
玫瑰红色的	rosy
玫瑰色	rose
玫瑰色的	rose
玫瑰花	rose
玫瑰花坛	rosary
玫瑰花形	rosette
玫瑰花的	rose
环	link, ring
环保人士	environmentalist
环保的	environmental
环切术	circumcision
环境	environment, circumstance
环境保护论	environmentalism
环境卫生	sanitation
环境形成	situational
环境形成的	situational
环境的	environmental
环境论	environmentalism
环孢菌素	cyclosporin
环形	annular
环形公路	beltway
环形排列	cirque
环形物	ring
环形的	annular
环扣	becket
环旋	gyration
环氧	epoxy
环氧的	epoxy
环流	circulation
环状	ringed
环状物	doughnut
环状珊瑚岛	atoll
环状的	circular, endless
环状面	circumference
环礁	atoll
环礁湖	lagoon
环绕	zone, surround
环绕航行	circumnavigate
环行山	crater
环路	beltway
环道	circuit
环面	torus
现世	secular, mundane
现世主义	secularism
现世主义者	secularist
现世地	temporally
现世的	secular, mundane
现今	nowadays
现代	modern
现代东西	modernity
现代主义	modernism
现代主义作家	modernist
现代主义者	modernist
现代人	modern
现代作风	modernism
现代化	modernization, modernize
现代化了	streamlined
现代化了的	streamlined
现代化的	updated
现代思想	modernism
现代性	modernity
现代派	mod
现代派的	mod
现代状态	modernity
现代的	modern
现代风格	stylish
现代风格的	stylish
现任	incumbent
现任的	incumbent
现在	now
现在的	now
现场	spot, scene
现场的	spot
现场采访活动	footwork
现存	existing, living
现存的	existing, living
现实	real, practical
现实主义	realistic, realism
现实主义的	realistic
现实主义者	realist
现实化	realization
现实地	realistically
现实政治	realpolitik
现实的	practical, realistic
现役	commissioned
现役的	commissioned
现成的	existing
现时	nowadays
现款	ready
现状	actuality
现用文件表	aft
现行	actual
现行的	actual
现象	phenomenon, phenomenal
现象学	phenomenological, phenomenology
现象学的	phenomenological
现象的	phenomenal
现象论	phenomenological, phenomenology
现象论的	phenomenological
现货买卖	spot
现货买卖的	spot
现金	cash
现金流转	cashflow
玳瑁壳	tortoiseshell
玷污	spot, pollution
玷污神圣	profanity
玷辱	dishonor
玻利维亚	bolivian
玻利维亚人	bolivian
玻利维亚人的	bolivian
玻利维亚的	bolivian
玻璃	glass
玻璃丝	fiberglass
玻璃仪器	glassware
玻璃器具	glassware
玻璃器皿	glassware
玻璃工场	glasshouse
玻璃杯	glass
玻璃状	glassy
玻璃状的	glassy
玻璃窗	casement, glazing
玻璃纤维	fiberglass, fibreglass
玻璃纸	cellophane
玻璃装配业	glazing
玻璃质	glassy
玻璃质的	glassy
玻璃酒杯	wineglass
玻璃钟琴	harmonica
玻璃鱼缸	fishbowl
珀斯	perth
珀西	percy
珀西瓦尔	percival
珊瑚	coral
珊瑚礁	cay
珊瑚色	coral
珍	jen
珍品	curiosity
珍奇	rare
珍奇地	uniquely
珍奇的	rare
珍妮	jeanne
珍惜	treasured
珍爱	treasure, cherish
珍珠	pearl
珍珠似	pearly
珍珠似的	pearly
珍种家鸽	magpie
珍视	prize
珍贵	precious
珍贵之物	gem
珍贵的	precious
珍闻	titbit
珍馐	tidbit
珐琅	enamel
珠光瘤	cholesteatoma
珠子	bead
珠宝	jewelry, jewel
珠宝商	jeweler, jeweller
珠宝箱	cassette
珠宝类	jewelry
珠宝饰物	ouch
珠灰色	pearl
珠状	beaded
珠状的	beaded
珠缘	beadwork
珠蚌	mussel
珠饰细工	beadwork
珩	plover
珩科鸟	plover
班	squad
班卓琴	banjo
班宁	banning
班尼特	bennett
班扬	bunyan
班机	liner, airliner
班森	benson
班级	class, remove
班达	banda
球	ball
球体	sphere
球剂	globule
球员	guys
球场中央部分	midfield
球场管理员	groundsman
球座	tee
球形	round, global
球形的	round, global
球形门拉手	doorknob
球拍	racket
球果	cone
球棍	mallet
球棒	club
球棒的使用	batting
球状	globular, spherical
球状物	ball, globe
球状的	globular, spherical
球的	spherical
球童	caddie
球茎	bulb
球茎状	bulbous
球茎状的	bulbous
球茎的	bulbous
球门	goalmouth
球门柱	goalpost
球门的横木	crossbar
球面	sphere, spherical
球面的	spherical
理事	senator, commissioner
理事之职务	directorate
理事会	directorate
理光头的男人	skinhead
理发	haircut, hairdressing
理发师	barber, hairdresser
理发店	barbershop
理工专科学校	polytechnic
理工学院	poly
理应	behoove
理性	rational
理性主义者	rationalist
理性地	rationally
理性的	rational
理性论	rationalism
理性论者	rationalist
理想	idea, ideal
理想主义	idealistic, idealist
理想主义的	idealistic, idealist
理想主义者	idealist
理想化	idealize, idealization
理想化事物	idealization
理想化地	poetically
理想化地表现	idealised
理想化的	idealized, sublimate
理想地	ideally
理想境况	groove
理想的	ideal, perfect
理所当然	behoove, deservedly
理所当然地	deservedly
理所当然的	deserved
理智	reason
理智地	intellectually
理查兹	richards
理查德	richard
理查森	richardson
理由	why, reason
理由充分	justly
理由充分地	justly
理疗	physiotherapy, physio
理疗医师	physiotherapist
理疗学家	physiotherapist
理疗家	physiotherapist
理解	understand, read
理解者	knower
理解能力	savvy
理论	theory
理论上	theoretical, theoretically
理论上地	abstractly
理论上的	theoretical
理论地	theoretically
理论家	theorist, ideologue
理论工作者	theorist
理论的	theoretical
理财	economy
琐事	trifle, trivia
琐屑	niggling
琐屑的	niggling
琐物	froth
琐碎	trivial, petty
琐碎的	trivial, petty
琐细	futile
琐细的	futile
琢	peck
琢石者	stoner
琢磨	spell
琢面	facet
琥珀	amber
琥珀似	amber
琥珀似的	amber
琥珀色	amber
琥珀色的	amber
琳妮	lynne
琳达	linda
琴	lyre
琴形物	lyre
琵琶类乐器	lyre
琶音	arpeggio
琼	joan
琼斯	jones
琼脂	agar
瑕疵	flaw
瑜伽派教师	yogi
瑜珈	yoga
瑞典式自助餐	smorgasbord
瑞利	rayleigh
瑞士罗氏	roche
瑞香	daphne
瑟瑟声	rustle
瓜	melon
瓜分	partition
瓢虫	ladybird, ladybug
瓦	watt
瓦内萨	vanessa
瓦器	crockery
瓦数	wattage
瓦斯	gas
瓦格纳接地法	wagner
瓦片	tile
瓦片迭盖	scaled
瓦片迭盖的	scaled
瓦特	watt, watts
瓦特数	wattage
瓦状叠覆	tiled
瓦状叠覆的	tiled
瓦类	tiling
瓦莱丽	valerie
瓦解	collapse, overthrow
瓦解的	disintegrating
瓮	urn
瓶	vase, flask
瓶子	bottle
瓶帽	capsule
瓶状体	pitcher
瓶装	bottled
瓶装的	bottled
瓶颈	bottleneck
瓷	porcelain
瓷制	porcelain
瓷制的	porcelain
瓷器	porcelain
瓷漆	lacquer
瓷砖	tile
瓷釉	enamel
甘兰	cabbage
甘愿	willing
甘愿的	willing
甘油三酯	triglyceride
甘油三酸酯	triglyceride
甘美	honey, luscious
甘美的	honey, luscious
甘草	licorice
甘蓝菜	kale
甘蔗	sugarcane
甘露	nectar, manna
甚	much
甚为	terribly
甚多的	numerous
甚远	far
甚远地	far
甜	sweet
甜如蜜	honeyed
甜如蜜的	honeyed
甜料	sweetener
甜玉米	sweetcorn
甜瓜	melon
甜的	sweet
甜美	sweetly
甜美地	sweetly
甜美饮料	nectar
甜菜	beet
甜菜根	beetroot
甜蜜	sweet, honey
甜蜜的	honey
甜言蜜语	sugar
甜食	confectionery, sweetie
甜食商	confectioner
生	raw
生下来已死	stillborn
生下来已死的	stillborn
生了气	irritated
生了气的	irritated
生于河岸	riparian
生于河岸的	riparian
生产	bring, produce
生产力	productivity
生产品	produce
生产多	fertile
生产多的	fertile
生产物	product
生产率	productivity
生产的	yielding, generative
生产者	producer
生产能力	productivity
生产能力过利	overcapacity
生产能力过剩	overcapacity
生产节拍	tact
生产过剩	overproduction
生产量	yield
生仔	foal
生前的	previous
生动	live
生动地	graphically
生动场面	tableau
生动的	live
生化	biochemistry
生厌	weary
生双胞胎	twin
生叶	leave
生吃的水果	eater
生后的	postnatal
生命	life
生命力	vitality
生命的	vital
生命短促的人	ephemera
生命线	lifeline
生地	metropolis
生坏疽	gangrene
生境	habitat
生存	live, life
生存性	survivability
生存的	existent
生存者	survivor
生存能力	viability
生客恐怖	xenophobia
生小牛	calve
生小狗	pup
生小猪	pig
生态区域	ecoregion
生态学	ecological, ecology
生态学的	ecological
生态学研究者	ethologist
生态学者	ecologist
生态旅游	ecotourism
生态的	ecological
生态系	ecosystem
生态系统	ecosystem
生息地	haunt
生意	business
生意合伙人	connexion
生成	production
生成物	resultant
生成的	generating, generated
生成过多的	exuberant
生手	apprentice, freshman
生效	efficiently, inure
生斑	fox
生日	birthday
生有羽毛	feathery
生有羽毛的	feathery
生机	vitality, viability
生机的根源	lifeblood
生来	inherently
生来地	inherently
生来的	inherent, innate
生根	root
生根的	rooted
生殖	get
生殖力	fecundity
生殖力旺盛	fecund
生殖力旺盛的	fecund
生殖器	genitalia, phallic
生殖器的	phallic, genital
生殖的	reproductive, genetic
生殖细胞	germ
生殖能	fecundity
生气	angry, cross
生气勃勃	exuberant, snappy
生气勃勃的	exuberant, snappy
生气的	angry, cross
生气蓬勃	spunky
生气蓬勃的	spunky
生水垢	scale
生泡	blistering
生活	life
生活上必需的	vital
生活制度	regime
生活困苦	want
生活方式	lifestyle
生活条件差	disadvantaged
生活条件差的	disadvantaged
生活的	vital
生活者	liver
生活艰苦	needy
生活艰苦的	needy
生活费	alimony
生活资料	sustenance
生涯	career
生父不明的	fatherless
生牙	teething
生物	organism, mortal
生物伦理学	bioethics
生物分离	isolation
生物力学	biomechanics, biomechanical
生物化学	biochemistry, biochemical
生物化学家	biochemist
生物化学的	biochemical
生物区	biota
生物区的	biotic
生物医学	biomedical
生物反馈	biofeedback
生物固体	biosolids
生物圈	biosphere
生物多样性	biodiversity
生物学	biological, biology
生物学家	biologist
生物学的	biological
生物层	biosphere
生物工艺学	biotechnology
生物恐怖活动	bioterrorism
生物技术	biotech, biotechnology
生物机器人	cyborg
生物柴油	biodiesel
生物武器	bioweapon
生物气溶胶	bioaerosol
生物治理	bioremediation
生物燃料	biofuel
生物物理学的	biophysical
生物的	biologic, biotic
生物碱	alkaloid
生物科学	bioscience
生物群落区	biome
生物质	biomass
生物过泸器	biofilter
生物量	biomass
生理	physiologic
生理学	physiological, physiology
生理学上	physiological
生理学上的	physiological
生理学家	physiologist
生理学方面	physiologically
生理学的	physiological
生理学者	physiologist
生理机能	physiology, physiological
生理机能的	physiological
生理的	physiological, physiologic
生疏	strange, raw
生疏的	strange, raw
生疥疮	itchy
生疥疮的	itchy
生病	ill
生病的	ill
生癌	cancerous
生癌的	cancerous
生的	raw
生皮	rawhide
生皮鞭	rawhide
生硬	curt, ponderously
生硬地	ponderously
生硬的	curt, ramrod
生育	breeding
生育力	fertility
生脓	fester
生芽	germination
生苔	fur
生苔的	mossy
生菜	lettuce
生薄膜	film
生虱	lousy
生虱的	lousy
生蛆	grubby
生蛆的	grubby
生计	keep
生辉	brightly
生辉地	brightly
生还	survive
生还者	survivor
生锈	rusty, rust
生锈的	rusty
生长	grow, develop
生长在海中	submarine
生长在海中的	submarine
生长物	grower
生长的	vegetative
生长过大	overgrown
生长过大的	overgrown
生长过度	overgrowth
生霉	mildew
生面团	dough
生面团似的	doughy
生魂	wraith
生鱼片	sashimi
甥女	niece
用下水道排	sewer
用不完	inexhaustible
用不完的	inexhaustible
用丛毛装饰	tuft
用丝带装饰	ribbon
用书信进行	epistolary
用书信进行的	epistolary
用以绑缚之物	binder
用伞遮掩	umbrella
用作储备的	reserved
用作感化	penitentiary
用作感化的	penitentiary
用俚语说	slang
用信号联络	semaphore
用信号通知	signal
用假动作诱使	juke
用光	expenditure
用公式表示	formulate
用兵上	tactical
用兵上的	tactical
用具	outfit, appliance
用冲浪板滑水	surfboard
用凝固汽油炸	napalm
用几何学	geometrically
用出租车送	taxi
用凿子修琢	broach
用划线器划	scribe
用刹车刹住	spoke
用刺棒驱赶	goad
用刺网捕	gill
用刻痕计算	notch
用刻纹装饰	sculptured
用刻纹装饰的	sculptured
用剑刺	dagger
用力	forcibly, headlong
用力举起	heave
用力吸	sniff
用力咀嚼	munch
用力地	forcibly, headlong
用力地放下	plonk
用力打	wipe
用力打下去	swat
用力投掷	hurl
用力拉	tug
用力拉的人	strainer
用力拖拉	haul
用力挥击	swipe
用力推	thrusting
用力擦洗	scrub
用力的	forced
用力的投掷	hurl
用功	diligent, studious
用功的	diligent, studious
用动力推动	powered
用动力推动的	powered
用劲打击	swat
用化学	chemically
用华丽文体写	overwrite
用压路机碾	steamroll
用双关语说服	pun
用反手击	backstroke
用反语	ironical
用反语的	ironical
用口哨演奏	whistle
用口头	vocally
用合成法合成	synthesise
用吉普车运	jeep
用吊钩吊上	sling
用听诊器诊断	stethoscope
用吸尘器打扫	vacuum
用咖哩粉调味	curry
用咖啡调味	mocha
用咖啡调味的	mocha
用咖喱烧	curried
用咖喱烧的	curried
用哼声表示	hum
用唧筒抽水	pump
用喇叭吹出	trumpet
用喉音说	throat
用嘴整理	preen
用围巾围	scarf
用图画表示	pictorial
用图画表示的	pictorial
用图表表示	graphically
用图说明	picture
用圆凿削	gouge
用土堆防卫	mound
用土填	loam
用坏	trite
用坏的	trite
用塞子塞住	stopper
用塞条嵌入	tent
用填片填	shim
用墙围住	wall
用壁垒围绕	rampart
用声音	vocally
用大写字母写	capitalise
用大写字母印	capitalise
用大字体书写	engross
用大折刀切	jackknife
用大锤打	sledgehammer
用大镰刀割	scythe
用天蓬遮盖	canopy
用夹板固定	splint
用套索捉	noose
用姜调味	ginger
用姿势表达	gesticulate
用子弹打	pellet
用字母标明	letter
用完	finish
用宝石装饰	jeweled, jewelled
用宝石装饰的	jeweled, jewelled
用密码书写	cypher
用对话表达	dialogue
用封泥封	lute
用小书写体	minuscule
用小书写体的	minuscule
用小树枝装饰	sprig
用尖声说	squeal
用尖物刺穿	spike
用尽	spend
用尽一切	exhaustively
用尽一切地	exhaustively
用尽了	impoverished
用尽了的	impoverished
用尽的	spent
用工具加工	tool
用巫术医治	powwow
用巴掌打	cuff
用布帘覆盖	drape
用帆布篷遮盖	tilt
用帆眼圈系牢	hank
用帐篷遮盖	tent
用带束	gird
用带缚	fillet, filet
用幕遮盖	veiled
用幕遮盖的	veiled
用干胶片封	wafer
用平底锅烹调	griddle
用弓拉琴	bow
用心	scrupulously
用心地制作	elaborate
用意	mean
用战利品装饰	trophy
用战壕围住	trench
用战斧斩	tomahawk
用截断机切	guillotine
用户	user, consumer
用户标签	nametag
用户标识符	identifier
用户电报	telex
用户电视电报	teletext
用户直通电报	telex
用户组	group
用手	manually
用手势	gestural
用手势的	gestural
用手势谈话	gesticulate
用手工造	handcraft
用手指拨弄	finger
用手推车运	trolley
用手法治疗者	chiropractor
用手肘推开	elbow
用手采摘	handpick
用手铐铐住	mit
用打字机打	type
用投石器投掷	sling
用披肩裹	shawl
用拇指翻旧	thumb
用拉链扣上	zipped
用拉链扣上的	zipped
用拖把洗擦	mop
用拖网捕鱼	trawl
用拖鞋打	slipper
用拟声唱法唱	scat
用拨火棍搅动	rabble
用拳猛击	punch
用挂毯装饰	tapestry
用指弹	fillip
用指轻弹	flip
用挖泥机疏浚	dredge
用探针探测	probe
用推土机清除	bulldoze
用支柱支撑	strut, stanchion
用支索撑住	guy
用数字表示	numerically
用数字表示的	numerical
用数量表示	quantify
用文火焖烧	smoldering
用文火煮	coddle
用斧削或砍	ax
用断头台斩首	guillotine
用无线电发送	radio
用旧	worn
用旧的	worn
用星号标	star
用显微镜检查	microscopy
用暗销接合	dowel
用暴力对付	savage
用曳网围捕	seine
用曳网捕鱼	seine
用木材建造	timber
用木瓦盖	shingled
用机枪扫射	strafe
用机械	mechanically
用机械装置	mechanize
用杂酚处理	creosote
用条板制造	slat
用杵捣	pestle
用板条做	slatted
用板条做的	slatted
用板覆盖	board
用柏油铺成	asphalt
用柏油铺成的	asphalt
用栅栏围住	stockade
用栅栏围护	palisade
用标准校验	standardise
用标准检验	standardize
用树篱围	hedge
用桨划	paddle
用桩撑	stake
用梁支承	beam
用棉塞塞	tampon
用棉束填满	flock
用棍棒打	club
用槌磨	pestle
用槽引水	flume
用模子做	moulded
用模版印刷	stencil
用橡胶制造	rubber
用正餐	dine
用步枪射击	rifle
用步测	pace
用母乳喂养	breastfeeding
用氯仿麻醉	chloroform
用氯处理	chlorination
用氰化物处理	cyanide
用水泥涂	cement
用水洗	bathe
用水管浇	hose
用沙袋打	sandbag
用油灰填塞	putty
用油防水	oiled
用油防水的	oiled
用法	usage
用泛光灯照亮	floodlight
用泛光照明	floodlit
用泛光照明的	floodlit
用泥土覆盖	mould
用泥铲涂	trowel
用津贴拉拢	pension
用浆糊粘	paste
用测径规测量	caliper
用浓烟熏	smudge
用浓盐水处理	brine
用浮石磨光	pumice
用海绵擦拭	sponge
用涡轮给增压	turbocharged
用混凝土浇筑	concrete
用清水漂洗掉	rinsed
用渗滤壶煮	percolate
用潜水艇攻击	submarine
用火炉烤	stove
用火焰传送	flame
用火箭运载	rocket
用灯装饰	illuminate
用灰泥涂抹	mortar
用灰泥结合	mortar
用烛光照明	candlelit
用烛光照明的	candlelit
用烟熏	reek
用煤车运载	tram
用熏衣草熏	lavender
用爪子抓	paw
用爪抓	claw
用犁耕田	plough
用独木舟运	canoe
用猎枪射击	shotgun
用现代方法	modernise
用珍珠做	pearl
用珍珠装饰	pearly
用珍珠装饰的	pearly
用珍珠镶	pearl
用珠装饰	bead
用球拍打	racket
用球棒打	bat
用甜言蜜语骗	wheedle
用电脑处理	computerized
用电脑处理的	computerized
用电视播放	televise
用留声机放音	phonograph
用留声机灌音	phonograph
用皮鞭打	thong
用盐腌	salt
用眼	ocular
用眼的	ocular
用矛刺	spear
用矛刺杀	pike
用短剑刺	dirk
用短波发射	shortwave
用短语表达	phrase
用石膏处理	gypsum
用砖做	brick
用砖做的	brick
用砖瓦砌成	mason
用砖瓦覆盖	tiled
用砖瓦覆盖的	tiled
用砖砌	brick
用砖造	brick
用硫磺处理	sulfur
用硫酸处理	vitriol
用碎片组成	chipped
用碎片组成的	chipped
用碱水洗	buck
用磨刀石磨	hone
用移动车移动	dolly
用立法规定	legislate
用符号表现	symbolize
用符号表示	symbolise
用符咒	charm
用策略	manoeuvre
用篙撑船	punt
用篙撑船的人	punter
用篱笆围	hurdle
用篱笆围住	fence
用粉笔写	chalk
用粗锉刀锉	rasp
用粘土填塞	tamp
用糖煮	candy
用纸包装	paper
用纸糊	paper
用纹章装饰	emblazon
用线锯锯	jigsaw
用绞盘拉	winch
用统计的方法	statistically
用绳子拴住	tethered
用绳子捆扎	corded
用绳子捆扎的	corded
用绷带包扎	bandaged
用编条做成	wattle
用网捕	net
用羽毛盖上	fledge
用羽毛装饰	feather, plume
用羽毛覆盖	feathered
用羽毛覆盖的	feathered
用耙子扒垄	raking
用肘轻推	nudge
用肩推挤	shoulder
用胶画颜料画	distemper
用胶粘	gum
用脉冲调制	pulse
用脑力	intellectual
用脑力的	intellectual
用脚后跟传球	heel
用脚尖走	toe
用脚踏动	pedal
用腰带束缚	girdle
用膝盖碰	knee
用膳	mess
用臂钳住	clinch
用臭味赶	stink
用船运输	barge
用芦苇盖	reed
用花装饰	flower
用花装饰的	flowered
用茅草覆盖	thatch
用草盖的屋顶	thatch
用药治疗	medicate
用药程式	modality
用蒸馏法提取	distil
用薄泥浆填塞	grout
用薄绸制成	chiffon
用薄绸制成的	chiffon
用虹吸管吸出	siphon, syphon
用虹吸管输送	syphon
用蜡上光	beeswax
用蜡纸印	stencil
用血沾污	sanguine
用血涂	blood
用袜带系紧	garter
用襁褓包	swaddle
用角触	horn
用解剖刀切开	scalpel
用言辞	verbal
用言辞的	verbal
用言辞表达	word
用警戒线围住	cordon
用警棍打	truncheon
用计	maneuver
用计算机处理	computerise
用计算机控制	computerization
用计谋处理	finesse
用证书批准	certificate
用证书证明	certificate
用词	wording
用词不当	misnomer
用诗写成	poetical
用诗写成的	poetical
用诗表达	verse
用诡计取得	intrigue
用诡计蒙骗者	dodger
用诡计逃脱者	dodger
用语	parlance, diction
用语索引	concordance
用调料烤	barbeque
用谚语表达	proverb
用象征表示	emblem
用货车搬运	van
用足尖触	scuff
用车床加工	lathe
用车装载	cart
用车辆运载	vehicular
用车辆运载的	vehicular
用连字符连接	hyphen
用连枷打	flail
用连枷脱粒	flailing
用量	dosage
用金属丝捆扎	wire
用金属板固定	plate
用金属箔装饰	tinsel
用金钱买得	venal
用金钱买得的	venal
用针缝	needle
用钉子钉上	sprig
用钉钉牢	nail
用钩子的人	hooker
用钩捞取	fish
用钩针编织	crochet
用钩针编织的	hooked
用钳子钳起	tong
用铁包	iron
用铁练锁住	chain
用铁路运输	railroad
用铅版印	stereotyped
用铅版印的	stereotyped
用铅笔写或涂	pencil
用铆钉固定	rivet
用链锯割	chainsaw
用锄耕地	hoe
用锉刀做	file
用锌镀	galvanized
用长弹毛做	shoddy
用长弹毛做的	shoddy
用长笛奏	flute
用长针脚粗缝	baste
用阀调节	valve
用除草铲挖掘	spud
用陷阱捕	gin
用雪撬搬运	sleigh
用雪橇搬运	sledge
用雪覆盖	snow
用雪貂打猎	ferret
用韵诗表达	rhyme
用颤声唱出	quaver
用颤声说	trill
用颤音唱	trill
用颤音唱的歌	warble
用餐	feed
用餐者	diner
用饰带装饰	filet
用香料按摩	aromatherapy
用香焚	incense
用马刀砍	saber, sabre
用马刺策前进	spur
用马刺驱马	spur
用马梳梳	curry
用马车运载	dray
用骨架撑起	boned
用骨架撑起的	boned
用魔法	magically
用魔法地	magically
用魔法迷惑	enchanted
用鱼叉叉	harpoon
用鱼叉捉	gaff
用鱼叉捕获	harpoon
用鱼钩拖上来	gaff
用鱼雷袭击	torpedo
用鸠尾榫接合	dovetail
用麦芽作	malt
用麦芽作的	malt
用麦芽处理	malt
用鼻吸气	snuff
用鼻子拱	grout
用鼻子触	nose
用鼻拱地	rout
用鼻掘	nuzzle
用鼻音讲	twang
甩水圈	thrower
田产	homestead
田园	rural
田园剧的作者	pastoralist
田园景色	idyll
田园生活	pastoral
田园生活的	pastoral
田园的	rural
田园诗	pastoral, idyllic
田园诗的	idyllic
田园诗的作者	pastoralist
田地	field
田垄	ribbing
田埂	rand
田庄	grange
田间	field
田间的	field
田鼠	vole
由	by
由乳汁取得	lactic
由乳汁取得的	lactic
由于	with, after
由分子组成	molecular
由分子组成的	molecular
由四组成	foursome
由四组成的	foursome
由小球形成	globular
由小球形成的	globular
由恐慌引起的	panicky
由族长统治	patriarchal
由族长统治的	patriarchal
由无知产生	ignorant
由无知产生的	ignorant
由是	whereby, thereof
由曲线组成	curvilinear
由曲线组成的	curvilinear
由椎骨构成	vertebral
由椎骨构成的	vertebral
由此	thereof
由灰烬构成	ashen
由灰烬构成的	ashen
由球茎生长	bulbous
由球茎生长的	bulbous
由电视播送	televised
由疾病引起	pathological
由疾病引起的	pathological
由痉挛引起	spasmodic
由痉挛引起的	spasmodic
由直升机运送	helicopter
由直觉知道	intuit
由细菌引起	microbial
由细菌引起的	microbial
由编条做成	wattle
由编条做成的	wattle
由蒸馏得来	distilled
由蒸馏得来的	distilled
由衷的高兴	gusto
由远处	afar
由迷信引起的	superstitious
由髓组成	pithy
由髓组成的	pithy
甲	carapace, onyx
甲介形的	turbinate
甲基	methyl
甲壳	carapace
甲壳类水生物	shellfish
甲壳纲	crustacean
甲壳纲动物	crustacean
甲壳纲的	crustacean
甲安菲他明	meth
甲板	board, deck
甲板排水孔	scupper
甲烷	methane
甲状	thyroid
甲状旁腺	parathyroid
甲状的	thyroid
甲状腺	thyroid
甲状腺剂	thyroid
甲状腺旁的	parathyroid
甲状腺的	thyroid
甲状腺肿	goiter
甲状软骨	thyroid
甲状软骨的	thyroid
甲硝哒唑	metronidazole
甲硝唑	metronidazole
甲硫氨酸	met
甲种	alpha
甲胄	armour, harness
甲虫	beetle
甲醇	methanol
甲醛	formaldehyde
申戒	admonition
申报	declare
申斥	reproach, reproachful
申斥的	reproachful
申明无罪的	exculpatory
申诉案件	plea
申请	apply, application
申请书	request
申请人	applicant
申请回避的人	challenger
申请开证人	opener
申请者	applicant
申辩	excuse, allegation
电	electricity, electric
电介质	dielectric
电传	telex
电传打字机	telex
电信	wire
电信会议	teleconference
电信学	telecommunications
电信工作方式	telecommuting
电冰箱	refrigerator, fridge
电分解	electrolysis
电刑	electrocution
电力	electrically
电力地	electrically
电动	electric
电动剃刀	shaver
电动扶梯	escalator
电动的	electric
电化学的	electrochemical
电压	voltage
电台广告稿	spiel
电唱机	phonograph
电子	electronic, electron
电子伏特	ev
电子制表软件	spreadsheet
电子地	electronically
电子学	electronics
电子布告栏	bulletin
电子提词机	teleprompter
电子数据表	spreadsheet
电子的	electronic
电子表格	spreadsheet
电子计算机	computer
电子计算机化	computerization
电子邮箱	mailbox
电学	electricity
电学家	electrician
电容	capacitance
电容器	capacitor
电导	conductance
电导率	conductivity, conductance
电工	electrician
电干燥法	edn
电影	movie
电影制作人	filmmaker
电影制片术	cinematography
电影剧本	screenplay
电影剧本作家	screenwriter
电影导演	auteur
电影摄制	filmmaking
电影摄影技师	cinematographer
电影照相术	cinematography
电影的	cinematic
电影院	theatre, theater
电影院经理	exhibitor
电影院老板	exhibitor
电感	inductance
电抗	impedance
电报	wire, telegraph
电报机	telegraph
电报键	tapper
电文	text
电晕	corona
电机	electromechanical, dynamo
电机学	electromechanical
电机学的	electromechanical
电机的	electromechanical
电极	electrode
电枢	armature
电梯	elevator
电梯机器房	penthouse
电死	electrocution
电气化	electrification
电气化学	electrochemical
电气化学的	electrochemical
电气工人	electrician
电气干扰	jammer
电气技师	electrician
电汇	telegraph
电池	cell, battery
电波	airwave
电波不透过	opacity
电泳	electrophoresis
电流	electricity
电流不足	undercurrent
电源	mains
电灯泡	bulb
电炉	fire
电烫	perm
电烫的头发	perm
电焊条	electrode
电的	electric, electrical
电石	carbide
电码	coded
电码的	coded
电磁	electromagnetic
电磁学	electromagnetism
电磁的	electromagnetic
电离	ionize, ionization
电离作用	ionization
电线	wire
电缆	cable
电缆管道	culvert
电网掉电	blackout
电脑	computer
电脑化	computerized, computerization
电脑化的	computerized
电脑的	computerized
电脱水法	edn
电视	television, video
电视会议	videoconferencing
电视传道者	televangelist
电视广播	telecast, airwaves
电视技师	projectionist
电视拍摄	televised
电视电话	videophone
电视的	video
电视连续短剧	miniseries
电解	electrolysis
电解液	electrolyte
电解物	electrolyte
电解质	electrolyte
电讯	telecommunication
电话	phone, telephone
电话制造	telephony
电话听筒	handset
电话学	telephony
电话局	exchange
电话推销	telemarketing
电话机	telephone
电话答录机	answerphone
电话通信	telephony
电话销售	telemarketing
电话销售员	telemarketer
电话间	booth
电路	circuit
电路学	circuitry
电路系统	circuitry
电车	trolley
电车轨道	tram
电车道	tramway
电通信	telecommunications
电镀	plate
电闸	switch
电阻器	resistor
男中音	baritone
男中音歌手	baritone
男主角	hero
男亲戚	kinsman
男人	he
男人的短衬裤	shorts
男仆	groom
男低音	bass
男低音歌手	basso
男修道院院长	abbot
男儿	manhood
男听差	bellman
男声最高音	alto
男女合校	coeducational
男女合校的	coeducational
男女平等主义	feminism
男女性爱	bedroomed
男女性爱的	bedroomed
男妓	ponce, pimp
男娼	prostitute
男子	manhood
男子假发	toupee
男子女化的	androgynous
男子女性	feminism
男子本性	masculinity
男子气	masculinity
男子气概	machismo, virility
男学生	schoolboy
男孩	he
男孩的	boyish
男小礼服	tuxedo
男工	workman
男巫	wizard
男巫士	sorcerer
男巫师	sorcerer
男巫的	wizard
男式软毡帽	trilby
男性	male
男性意象	animus
男性政体	patriarchy
男性样的	android
男性生殖力	virility
男性的	male
男性社交晚会	stag
男成员	menfolk
男教师	schoolmaster
男朋友	boyfriend
男服	menswear
男校友	alumnus
男校长	schoolmaster
男毕业生	alumnus
男演员	actor
男爵	baron
男爵夫人	baroness
男爵爵位	barony
男爵的	baronial
男爵领地	barony
男管家	butler
男风	southern
男高音	tenor
男高音的	tenor
画	picture, describe
画像	icon
画刊	pictorial
画卷	scroll
画室	studio
画家	artist, painter
画家的	painterly
画布	canvas
画底色	underpainting
画廊	gallery
画成漫画讽刺	caricature
画报	pictorial
画架	easel
画漫画	cartoon
画笔	paintbrush
画素描或速写	sketch
画详图	detail
画轮廓	contour, delineation
画面以外	offscreen
画面以外的	offscreen
画面剪辑	montage
甾族化合物	steroid
畅流	flow
畅通	expedite
畅通的	expedite
畅销	saleable
畅销书	bestseller
畅销的	saleable
畅饮	carouse
界	kingdom
界仁巧克力饼	brownie
界标	landmark, terminus
界牌	terminus
界石	mete, terminus
界线	pale
界限	limit
界面	interface
畏怯	awed
畏怯的	awed
畏惧	feared
畏缩	shy, wince
畏缩的	shy, funky
畏首畏尾	flinch
留	wear
留下	holden
留下污迹	smudged
留下足迹	track
留下阴影	shading
留传下来	transmit
留住	retain
留在记忆中	memorably
留在记忆中地	memorably
留声机	gramophone, phonograph
留存	retain
留宿	room
留心	mind
留心地	attentively, warily
留心的	alert, jealous
留意	mind, mark
留汪尼孤鸽	dodo
留神	ware, mindful
留神的	ware, mindful
留置	retention
留置权	lien
留间隔	space
畜栏	corral
畜牧	herding
畜生	beast, brute
畜生的	brute
畜生般	brutish
畜生般的	brutish
畜群	drove
略为灰色	grizzly
略为灰色的	grizzly
略图	schematic, delineation
略图的	schematic
略带桃色	pinkish
略带桃色的	pinkish
略带紫色	purplish
略带紫色的	purplish
略带红色	reddish
略带红色的	reddish
略记	jot
略读	skim
略长	longish
略长的	longish
番木瓜	papaya
番木瓜树	papaya
番椒	chilly
番泻叶	senna
番瓜	papaya
番石榴	guava
番红花	crocus
番红花属	crocus
番茄	tomato
番茄红素	lycopene
畸变	distortion, aberration
畸变的	aberrant
畸形	monstrous, anomaly
畸形人	freak
畸形儿	oaf
畸形物	freak
畸形的	monstrous, deformed
畸形的人	abnormal
畸胎	monster
畸齿校整医生	orthodontist
疏忽	neglect, negligence
疏忽地	inadvertently, negligently
疏忽的	negligent, slack
疏怠职责	default
疏散	evacuate, evacuation
疏松	puffed
疏松的	puffed
疏水的	hydrophobic
疏浚机	dredger
疏远	distant, remote
疏远的	distant, remote
疑心	doubtful, suspicion
疑心的	doubtful
疑惑	doubt
疑惑地	questioningly
疑惧	angst
疑病患者	hypochondriac
疑病症患者	hypochondriac
疑病的	hypochondriac
疑虑	misgiving, qualm
疑问	query
疑问句	interrogation
疑问号	query
疑问地	quizzically
疑问记号	obelisk
疑难	problematic, problematical
疑难的	problematic, problematical
疖	boil
疗养所	sanatorium
疗养站	sanatorium
疗养院	sanatorium, sanitarium
疗法	treatment, therapy
疗法失当	malpractice
疝	hernia
疝气	hernia
疟	malaria
疟疾	malaria
疣	wart
疤痕	scar
疥疮	itch
疥癣	mangy
疥癣的	mangy
疫病	pestilence
疫病流行	pestilence
疫苗	vaccine
疫苗的	vaccine
疮	sore
疯	berserk, nuts
疯人	lunatic
疯人院	bedlam
疯地	berserk
疯女	madwoman
疯子	madman, maniac
疯子似	crazily
疯子似地	crazily
疯狂	mad, frenzy
疯狂似	frantically
疯狂似地	frantically
疯狂地	maniacally, insanely
疯狂的	mad
疯癫	lunatic, batty
疯癫的	lunatic, batty
疯的	berserk, nuts
疯草病	loco
疱疹	herpes
疲乏	beat, tired
疲乏的	beat, tired
疲倦	weary, weariness
疲倦不堪	jaded
疲倦不堪的	jaded
疲倦地	wearily, languidly
疲倦的	weary, languid
疲劳	tire, fatigue
疲劳地	tiredly
疲惫	exhausted, exhaustion
疲惫不堪	whacked
疲惫不堪的	whacked
疲惫地走	traipse
疲惫的	exhausted, stale
疲累	tired
疲累的	tired
疲软	weakening
疲软的	weak
疵点	imperfection
疹块	blotch
疼	pain
疼痛	pain
疼痛地	sorely
疼痛的	painful
疾患	affection
疾病	disease, ill
疾病的	morbid
疾行	peg, spanking
疾行的	spanking
疾走	race
疾速	meteoric, sharpness
疾速的	meteoric
疾风	flurry
疾驰	spin, fleeting
疾驰地	fleetingly
疾驰的	fleeting
痂	scab, pip
痂的	crustal
病	disease, affection
病人	patient
病势减退	lysis
病历夹	dossier
病历表册	dossier
病原	pathogenic
病原体	pathogen
病原学	etiology, aetiology
病原的	pathogenic
病变	affection
病因学	etiology
病废	disability
病弱	sickly, invalidity
病弱的	sickly
病态	wan, morbidity
病态地	sickly
病态性恐惧	phobic
病态性恐惧的	phobic
病态的	wan, morbid
病房	ward
病期	stadium
病毒	virus, viral
病毒引起	viral
病毒引起的	viral
病毒灭活剂	via
病毒的	viral
病灶的	focal
病状	pathology
病理	pathology
病理学	pathology, pathological
病理学家	pathologist
病理学的	pathological
病理心理学	psychopathology
病理的	pathologic
病痛	ailment
病痛的	ailing
病的	morbid
病的征候	diagnostic
病菌	bug
病身	infirmity
症候	diagnostics
症状	symptom
症状学	symptomatology
症状的	symptomatic, semiotic
痉挛	jerk, cramp
痉挛引起	spastic
痉挛引起的	spastic
痉挛性	spasmodic, convulsively
痉挛性地	convulsively, jerkily
痉挛性的	spasmodic, spastic
痉挛的	spasmodic, spastic
痉笑的	sardonic
痊愈	recover, heal
痒	tickle, itch
痒的	itchy
痔	hemorrhoid
痔疮	hemorrhoid
痕迹	trail, trace
痘	pox
痘疮	pock, pockmark
痘病	pox
痛	ache, sore
痛击	crackdown
痛哭	keen
痛处	sore
痛心	harrowing
痛心的	harrowing
痛恨	abhor, abhorrence
痛恶	abomination
痛悔	contrite
痛悔的	contrite
痛惜	achingly
痛惜地	achingly
痛打	clip, thrash
痛斥	scourge
痛的	sore
痛苦	pain, painful
痛苦地	painfully
痛苦的	painful, bitter
痛苦的经验	ordeal
痛苦经历	ordeal
痛苦难忍	agonizing
痛苦难忍的	agonizing
痛觉缺失	analgesic
痛觉缺失的	analgesic
痛风	gout
痛饮	swill, swig
痛骂	rant, inveigh
痢疾	dysentery
痣	mole
痤疮	acne
痨病	consumption
痰	phlegm, sputum
痴呆	dementia, imbecile
痴呆的	demented
痴呆着看	gawk
痴子	idiot
痴愚者	moron
瘀斑形成	stigmatization
瘀紫	bruised
瘀紫的	bruised
瘘	fistula
瘘管	fistula
瘙痒	itching
瘟疫	plague, pestilence
瘢痕形成	scarring
瘢痕性	scarred
瘢痕性的	scarred
瘤	tumour, lump
瘤胃	paunch
瘦	lean, thin
瘦削	gaunt
瘦削的	gaunt
瘦弱	emaciated, weedy
瘦弱的	emaciated, weedy
瘦狗类	dogs
瘦的	lean, thin
瘦而干瘪之人	mummy
瘦肉	lean
瘦长	lanky
瘦长的	lanky
瘦长结实	wiry
瘦长结实的	wiry
瘦骨嶙峋	bony, boney
瘦骨嶙峋的	bony, boney
瘫痪	paralysis
瘫痪的	paralyzed, paralysed
瘭疽	felon
瘴毒	miasma
瘴气	malaria
瘾	addiction, craving
瘾君子	druggie
瘿	gallic
瘿的	gallic
癌	cancer
癌发生	carcinogenic
癌性的	cancerous
癌症前期	precancerous
癌症前期的	precancerous
癌的	cancerous
癔病	hysteria, hysteric
癔病患者	hysteric
癔病爆发	hysterics
癔病的	hysterical, hysteric
癖	craving
癖嗜	addiction
癖好	hobby
癖性	proclivity, predisposition
癞蛤蟆	toad
癫狂	daft, maniac
癫狂的	daft, maniac
癫狂者	lunatic
癫痫	epileptic, epilepsy
癫痫发作	seizure
癫痫性	epileptic
癫痫性的	epileptic
癫痫患者	epileptic
癫痫症	epilepsy
癫痫的	epileptic
登台	staging
登喜路	dunhill
登山	mountaineer, mountaineering
登山家	mountaineer
登山者	climber
登岸	land
登录	entry
登录库	registry
登录项	entry
登月舱	lm
登杆器	climber
登记	book
登记了	booked
登记了的	booked
登记人	booker
登记入册	accession
登记分类	cataloguing
登记名册	registry
登记员	registrar
登记器	logger
登记处	registry
登记官员	registrar
登记护士	registrant
登记簿	register
登记者	registrar
登记赌注者	bookie
登记过	registered
登记过的	registered
登陆	land
登革热	dengue
登高	ascend
白	whiteness, blanc
白云石	dolomite
白人社会	whitey
白兰地	brandy
白兰地酒	brandy
白内障	cataract
白化体	albino
白化病患者	albino
白化病者	albino
白千层属灌木	melaleuca
白发的	hoary
白喉	diphtheria
白喉带鹀	peabody
白垩	chalk
白垩的	chalky
白垩系	cretaceous
白垩系的	cretaceous
白垩纪	cretaceous
白垩纪的	cretaceous
白垩质	chiltern
白天	day
白天的	diurnal
白天音乐会	matinee
白尾鹿	whitetail
白帽队队员	whitecaps
白底	opaque
白度	whiteness
白斑狗鱼	luce
白日梦	daydream
白昼	daylight
白杨	alamo
白棉布	calico
白炽的	incandescent
白热	glowing, incandescent
白热的	glowing, incandescent
白痴	natural
白痴的	idiotic
白痴者	idiot
白眼	walleye
白种	white
白种的	white
白粉	whiting
白羊座	aires
白脱奶油面	fettuccine
白脱甜酥饼	shortbread
白腹长尾猴	mona
白色	white
白色书写板	whiteboard
白色涂料	whitewash
白色物	album
白色的	white
白色的羽毛	osprey
白花母菊	chamomile, camomile
白花花	glistening
白花花的	glistening
白英	bittersweet
白藤茎	rattan
白蚁	termite
白蛋白	albumin
白蜡	pewter
白血球过多症	leukemia
白血病	leukaemia, leukemia
白送	gratis
白送地	gratis
白里透红	blonde
白里透红的	blonde
白金	platinum
白霜	rime
白颊鸟	bunting
白骨顶	coot
白鲑	chub, whitefish
白鲸	beluga, whitefish
白鹭	egret
白鼬	ferret
百	hundred
百万	million
百万分之一	millionth
百万分之一的	millionth
百万分率	ppm
百万富翁	millionaire
百万瓦	megawatt
百个东西	hundred
百事可乐	pepsi
百人队队长	centurion
百倍	hundredfold
百倍地	hundredfold
百倍的	hundredfold
百分之一	percentile
百分度	centigrade
百分度的	centigrade
百分数	percent
百分比	percentage, percent
百分率	percent
百分率的	percentile
百升	hl
百叶窗	shutter
百合	lily
百合花	lily
百吉饼	bagel
百姓	civilian
百姓的	civilian
百岁老人	centenarian
百岁老人的	centenarian
百年	century
百年纪念	centennial
百日草	zinnia
百果馅	mincemeat
百灵鸟	lark
百科全书	encyclopedia, encyclopaedia
百科全书式	encyclopedic
百科全书式的	encyclopedic
百老汇大街	broadway
百里香	thyme
的	of
的仰卧小雪撬	luge
的兴趣	attracted
的士高	disco
的确	indeed, surely
的确地	surely
皆不	neither
皆无	nix
皇后	empress
皇后区	queens
皇太子	dauphin
皇室	royalty
皇家	royal
皇家的	royal
皇帝	emperor
皇帝派的人	imperialist
皇帝的	caesarian
皇族	royal
皈依	convert
皈依者	convert
皮	skin, peel
皮下	hypodermic, subcutaneous
皮下注射	hype, hypodermic
皮下注射器	hypodermic
皮下用	subcutaneous
皮下用的	subcutaneous
皮下的	hypodermic, subcutaneous
皮似	leathery
皮似的	leathery
皮克林	pickering
皮制	leather
皮制品	leather
皮制的	leather
皮制连帽大衣	parka
皮包	portfolio
皮匠	cobbler
皮博迪	peabody
皮商	skinner
皮埃尔	pierre
皮塔饼	pita
皮夹	wallet
皮尔斯	pears
皮尔森	pearson
皮层	cortex, cortical
皮层的	cortical
皮屑	dandruff, dander
皮带	strap, leash
皮带扣	buckle
皮条客	pimp
皮棉	lint
皮炎	dermatitis
皮特	pitt
皮特钻石	pitt
皮疹	rash
皮的	skinny
皮箱	luggage
皮纸文书	vellum
皮老虎	bellows
皮耶罗	piero
皮肤	skin
皮肤上	cutaneous
皮肤上的	cutaneous
皮肤医学	dermatology
皮肤学者	dermatologist
皮肤晒黑	frying
皮肤炎	dermatitis
皮肤病学	dermatology
皮肤病学家	dermatologist
皮肤的	dermal
皮肤科医师	dermatologist
皮肤科医生	dermatologist
皮般吞坚韧	leathery
皮般吞坚韧的	leathery
皮质	leathery, cortex
皮质甾	corticosteroid
皮质甾醇	cortisol
皮质的	leathery
皮质类固醇	corticosteroid
皮质酮	cortisone
皮质醇	cortisol
皮革	leather
皮革的	leather
皮鞋匠	shoemaker
皮鞭	thong
皱	crinkle, ruck
皱叶欧芹	parsley
皱叶甘兰	savoy
皱片	crepe
皱状的	corrugated
皱痕	crease
皱的	crumpled
皱眉	frown, scowl
皱眉头	frown
皱眉的	lowering
皱眉表示	frown
皱纹	wrinkle, corrugated
皱纹的	corrugated
皱缩	contract
皱褶	ruffle, rumple
皱起	purse
皱边	frill
皱边纸饰	frill
皲裂	chap
皿	dish
皿形钟	gong
盂	pelvis
盆	pot, basin
盆中物	plate
盆地	pan, basin
盆栽	potted, bonsai
盆栽的	potted
盈余	surplus, increment
盎司	ounce
盎格鲁人	anglian
盎格鲁人的	anglian
盎格鲁族人	anglian
盐	salt
盐卤	pickle
盐味	salted
盐味的	salted
盐度	salinity
盐性	salinity
盐水	brine
盐水似	briny
盐水似的	briny
盐水的	saltwater
盐渍	pickled
盐渍的	pickled
盐湖	saline
盐田	saline
盐的	saline
盐硝	prunella
盐腌	salted, corned
盐腌的	salted, corned
盐酸	hydrochloric
盐酸的	hydrochloric
盐酸盐	chloride
监听	monitor
监听员	monitor
监场员	observer
监守自盗	embezzlement
监察	oversee
监察专员	ombudsman
监察人	watchdog
监工	headmaster
监护	custody
监护人	keeper, guardian
监护人的职责	guardianship
监控	monitoring
监控设备	watchdog
监牢	jail
监狱	prison, jail
监狱看守	herder, gaoler
监狱看守人	warder
监狱管理员	jailer
监督	supervision, supervise
监督人	superintendent
监督员	provost
监督器	monitor
监督权	oversight
监督的	supervisory
监督者	supervisor
监禁	pound, prison
监禁的	jailed
监考人	proctor
监视	monitor, surveillance
监视器	monitor
监视程序	monitor
监造	engineer
盒	casing
盒子	box
盒式录像带	videocassette
盒式磁带	cassette
盒式磁带机	cartridge
盒状	boxy
盒状的	boxy
盒饭	bento
盔	helmet
盔甲	armor
盖	top
盖上	clothe
盖上被单	sheet
盖上邮戳	stamped
盖上邮戳的	stamped
盖世太保	gestapo
盖以硬皮	crust
盖印	impression, seal
盖印的	sealed
盖墓石板	ledger
盖子	cover
盖尔	gail
盖屋顶	roofing
盖屋顶的人	roofer
盖屋顶的茅草	thatch
盖屋顶者	thatcher
盖提	getty
盖木瓦	shingled
盖木瓦的	shingled
盖理	gary
盖瓦	tiling
盖着毛皮	furry
盖着毛皮的	furry
盖碗	tureen
盖章	seal
盖章于	stamp
盖被	comfortable
盖邮戳于	postmark
盖销	cancel
盖面	facing
盖髓术	capping
盖髓物	capping
盗匪	mobster
盗印	pirate
盗印者	pirate
盗取	pilfer
盗墓者	ghoul
盗版	pirated
盗版的	pirated
盗用	embezzlement, embezzle
盗窃	theft
盗窃罪	theft
盗窃者	burglar
盗窃行为	theft, burglary
盗贼	robber
盘	innings, spool
盘子	dish, plate
盘尼西林	penicillin
盘工	overseer
盘旋	circle, hover
盘旋上升	spiraling
盘旋的	spiral
盘曲的	crumpled
盘算	contemplate
盘管	pigtail
盘绕	coil, swirl
盘绕的	convoluted
盘踞于	castle
盘问	challenge
盘问者	catechist
盛会	pageant
盛传	rife
盛传的	rife
盛大	royal
盛大地	grandly
盛大宴会	gaudy
盛大的	royal
盛奶油的器皿	creamer
盛宴	regale
盛开	blooming
盛开的	blooming
盛开过	overblown
盛开过的	overblown
盛气凌人	domineering, domineer
盛气凌人的	domineering
盛行	prevail, prevalence
盛行很广	prevailing
盛行很广的	prevailing
盛行的	prevailing
盛衰无常	checkered, chequered
盛衰无常的	checkered, chequered
盛装	attire, prank
盛观	pomp
盛饰	emblazon
盟主权	hegemony
盟员	leaguer
盟约	league, covenant
盥洗室	john
目不识丁	illiterate
目不识丁的	illiterate
目中无人	defiant
目中无人的	defiant
目光偏狭	parochial
目光偏狭的	parochial
目光短浅	myopic
目光短浅的	myopic
目击	witness
目击者	witness, spectator
目前	now
目前的	existing
目力	eyesight
目录	list, catalogue
目录分区复制	replica
目标	end, goal
目标市场选择	targeting
目标锁定	acquire
目的	purpose, objective
目的单元	destination
目的地	destination
目的文件	destination
目的明确	motivated
目的明确的	motivated
目的论	teleological
目的论的	teleological
目瞪口呆	agape, flabbergasted
目瞪口呆地	agape
目瞪口呆的	agape, petrified
目空一切	supercilious
目空一切的	supercilious
目视	macroscopic
目视的	macroscopic
目镜	eyepiece, ocular
盯	stare
盲	sightless, blindness
盲从	bigotry, bigoted
盲从的	bigoted, slavish
盲从者	bigot
盲信	fanatic, fanatical
盲信的	fanatic, fanatical
盲点	blackspot
盲的	sightless
盲目	blind
盲目地	blindly, slavishly
盲目崇拜	fetishism, idolatry
盲目的	blind
盲目钻井	wildcat
直	straight
直到	until
直到此时	heretofore
直升机	helicopter
直升飞机	copter
直径	diameter
直径方面	diametrically
直截了当	flatly
直截了当地	flatly
直接	direct, immediately
直接下落	plump
直接下落的	plump
直接地	immediately, dead
直接存取法	dam
直接对抗	facedown
直接得来	firsthand
直接得来的	firsthand
直接的	direct, immediate
直接证明	deictic
直接证明的	deictic
直接采购	firsthand
直接采购的	firsthand
直接量	literal
直方图	histogram
直率	directly
直率地	directly
直率的	bluff, forthright
直的	straight
直示	deixis
直立	erect, vertical
直立的	erect, vertical
直系	lineage
直线	straight
直线性	linearity
直线的	linear
直线行进	straightaway
直线行进的	straightaway
直经	diameter
直肠	rectal, rectum
直肠的	rectal
直觉	instinct, intuition
直觉地	instinctively
直觉的	intuitive, instinctive
直觉的知识	intuition
直角	squarely, orthogonal
直角地	squarely
直角的	orthogonal
直言	explicit
直言不讳	explicitness
直言无讳	outspoken
直言无讳的	outspoken
直言的	explicit
直译	construe
直译程序	interpreter
直起来	straighten
直路	forthright
直辖领地	duchy
直达	through
直达的	through
直达行驶	nonstop
直达车	nonstop
直进式	deadbeat
直进式的	deadbeat
直道	straightaway
相互	mutual
相互作用	interactive
相互作用的	interactive
相互作用者	interactionist
相互依存	interdependent
相互依存的	interdependent
相互依赖	interdependent
相互依赖的	interdependent
相互关系	correlation
相互关联	interrelate
相互制约	interacting
相互影响	interactive
相互影响的	interactive
相互性	reciprocity
相互抵销	cancel
相互排斥	repel
相互的	mutual
相互矛盾	competing
相互矛盾的	competing
相交	intersect
相交成角	corner
相交的	intersecting
相会	encounter
相传	devolution
相伴	concomitant
相伴的	concomitant
相似	like
相似器官	analogue
相似处	resemblance
相似情况	analogue
相似物	likeness
相似的	like
相似的东西	similar
相依性	interdependency
相信	believe
相像	similarly
相像地	similarly
相克疗法	antipathy
相关	correlation, correlate
相关事物	belongings
相关危险	hazard
相关变量	covariate
相关性	relevance, relativity
相关物	correlate
相关率	generality
相关的	relevant, pertinent
相关语	correlative
相切	tangential
相切的	tangential
相匹敌之物	parallel
相反	opposition, reverse
相反地	counter, contrary
相反的	cross, opposite
相反的事物	converse
相同	same
相同的	same
相同的人	same
相啮合	mesh
相处得好	relate
相容地	consistently
相容的	compatible
相对	relatively, opposite
相对主义	relativism
相对主义者	relativist
相对地	relatively
相对性	relativity
相对的	opposite, relative
相对论	relativism, relativistic
相对论性	relativistic
相对论的	relativistic
相对论者	relativist
相干性	coherence
相应	accordingly, according
相应地	accordingly, according
相应的	homologous
相应而生的	consequential
相异	alien, dissimilar
相异点	dissimilarity
相异的	alien, dissimilar
相当	quite
相当可观	appreciably
相当地	properly, relatively
相当大	sizeable, sizable
相当大的	sizeable, sizable
相当大的数量	fistful
相当数量	respectable
相当数量的	respectable
相当的	considerable
相形	versus
相思鹦鹉	budgie
相扑	sumo
相持不下	deadlock
相比	compare
相混合	mix
相片	photo, photograph
相矛盾	conflicting
相矛盾的	conflicting
相称	suit, proportional
相称地	proportionately
相称的	proportional, proportionate
相符	according, correspondence
相符合	accord
相符地	pursuant
相符的	according
相等	even
相等地	equally
相等物	equivalent
相等的	even
相继	successively
相继地	successively
相联的	associative
相识者	acquaintance
相象	likeness
相适合	appertain
相遇	encounter
相邻的	adjacent
相配	match, suitable
相配合地	proportionally
相配地	suitably
相配的	suitable
相重性	multiplicity
相面术	physiognomy
盼望	expect
盾	shield
省	province, provincial
省亲	mothering
省亲回家	homecoming
省俭的人	saver
省去	omitted
省去的	omitted
省掉	spare
省略	omit, bypass
省略一部分	clipped
省略一部分的	clipped
省略了	omitted
省略了的	omitted
省略的	abbreviated
省的	provincial
眉	eyebrow, brow
眉毛	eyebrow, brow
眉注	headnote
眉目传情	ogle
眉笔	pencil
看	see, look
看一眼	peek
看上去像	supposedly
看不出	invisibly
看不出地	invisibly
看不清	blindfold
看不清的	blindfold
看不见	invisible, disappearance
看不见地	invisibly
看不见的	invisible
看不见的东西	invisibility
看不起某人	despised
看做人	personify
看到	behold
看台式教室	amphitheatre
看守	watch, guard
看守人	keeper, warden
看守员	caretaker
看守监狱的人	jailer
看守者	guardian
看得出	ostensible
看得出的	ostensible
看得清	discernible
看得清的	discernible
看得见	visible
看得见地	visibly
看得见的	visible
看护	nurse, nursing
看护病人	nurse
看星星的人	stargazer
看来似乎	seemingly
看法	attitude
看涨	bullish
看涨的	bullish
看清楚	discern
看电视者	viewer
看穿	penetrate, fathom
看穿了	blatantly
看穿了地	blatantly
看管	caretaking
看管人	caretaker
看管者	caretaker
看见	see
看轻	underestimate, underrate
看错	misread
看门人	doorman, gatekeeper
看门工	trapper
看门狗	watchdog
真	real
真品	mccoy
真实	really, real
真实地	really, true
真实性	fact
真实的	real, true
真心真意	heartfelt
真心真意的	heartfelt
真性的	genuine
真挚	sincere
真挚的	sincere
真正	very
真正地	real, indeed
真正的	very
真理	gospel
真的	real
真皮	hypodermic, epidermis
真皮的	hypodermic, dermal
真相	fact
真空	vacuum
真空吸尘器	vacuum
真空的	vacuum
真菌	fungus, fungal
真菌性口炎	thrush
真菌的	fungal
真菌类植物	fungus, fungal
真诚	sincerely, genuinely
真诚地	sincerely, genuinely
眨	wink
眨眼	blink, bat
眩晕	swimming, vertigo
眩晕的	vertiginous
眩目	glitzy
眩目的	glitzy
眩目的外表	gilt
眺望	overlook
眺望台	gazebo
眼中钉	eyesore
眼光	vision
眼前房积脓	onyx
眼影	eyeshadow
眼影粉	kohl
眼泪	tear
眼泪汪汪	weepy
眼泪汪汪的	weepy
眼炎	ophthalmic
眼炎的	ophthalmic
眼点	stigma
眼珠转动	goggle
眼球	eyeball
眼界	sight, horizon
眼界狭小	parochialism
眼白	white
眼的	ophthalmic
眼皮	eyelid
眼眶	orbit, orbital
眼眶的	orbital
眼睑	lid, eyelid
眼睛	eye
眼睛地	optically
眼睛框	bow
眼睛模糊	bleary
眼睛模糊的	bleary
眼睛的	optical, optic
眼睛瞪视	goggle
眼科	ophthalmic
眼科医师	ophthalmologist
眼科学	ophthalmology
眼科学家	ophthalmologist
眼科的	ophthalmic
眼线	setter
眼线膏	eyeliner
眼罩	blindfold
眼花	giddy, dazzle
眼花地	giddily
眼花的	giddy
眼花缭乱	dazzling, dizzy
眼花缭乱的	dazzling, dizzy
眼袋	pouch
眼镜	spectacle
眼镜商	optician
眼镜师	optician
眼镜脚	earpiece
眼镜蛇	cobra
着了魔	enchanted
着了魔的	enchanted
着地	touchdown
着弹点观察员	spotter
着急	impatient
着急的	impatient
着手	outset, embark
着火	fire
着火的	ablaze
着色	stain, coloration
着色剂	stain
着色师	colorist
着色的	stained
着迷	obsessed, obsessive
着迷地	obsessively
着迷的	obsessed, obsessive
着重	stress, emphasize
着重地	emphatically
着重的	emphatic
着陆	landfall
着陆器	lander
着魔似	obsessively
着魔似地	obsessively
睑	eyelid
睡	bed, rest
睡不着	sleepless
睡不着的	sleepless
睡在铺上	bunk
睡帽	nightcap
睡意	drowsiness, sleepiness
睡椅	couch
睡眠	rest, sleep
睡眠处	bed
睡眠状态	dormant
睡眠状态的	dormant
睡眠者	sleeper
睡着	asleep, sleeping
睡着度过	slumber
睡着的	asleep, sleeping
睡神	dustman
睡莲	waterlily
睡衣	gown, pajamas
睡衣裤	pyjamas
睡觉	sleep
督察	censorship
睫	eyelash
睫毛	lash, eyelash
睾丸	testicle, testicular
睾丸激素	testosterone
睾丸状	testicular
睾丸状的	testicular
睾丸的	testicular
睾丸鞘膜的	vaginal
睾酮	testosterone
瞄准	present, aim
瞄准线	crosshair
瞌睡	doze, lethargy
瞌睡的	drowsy
瞎	blind
瞎扯	gab, yap
瞎搞	fiddle
瞎的	blind
瞎管	meddling
瞒	jockey
瞒汇漏税	lauder
瞒过	outsmart
瞒骗	outwit, deception
瞥见	glimpse
瞧	lo
瞧不起人	contemptuous
瞧不起人的	contemptuous
瞪眼	glower, goggle
瞪眼的	goggle
瞪眼看	goggle
瞪眼表示	glare
瞪羚	ariel, gazelle
瞪视	stare
瞪视的	glaring
瞬	transient
瞬变	transient
瞬变的	transient
瞬变过程	transient
瞬息	twinkle
瞬时的	instantaneous
瞬象	snapshot
瞬间	second, moment
瞬间的	momentary, instantaneous
瞳孔	pupil
瞻养费	alimony
矍铄	hale
矍铄的	hale
矛	spear, shaft
矛尖	spearhead
矛盾	conflict, contradiction
矛盾修饰法	oxymoron
矛盾因素	contradictory
矛盾情绪	ambivalence
矛盾情绪的	ambivalent
矛盾的	contrary, ambivalent
矢量	vector
知己	confidant
知己的女友	confidante
知性上	intellectually
知晓	apprehensive
知晓的	apprehensive
知更鸟	ruddock
知觉	feeling, perception
知觉的	conscious, sensory
知识	information, knowledge
知识分子	intellectual
知识分子的	highbrow
知识宝库	thesaurus
知识界	intelligentsia
知识范围	ken
知道	know
知道内情的人	insider
知道的	aware
矩形	rectangle
矩形的	rectangular
矩形面	orthogonal
矩阵	matrix
矫形	reshaping
矫形外科医师	orthopedist
矫形外科的	orthopedic
矫形的	orthopedic
矫情	affectation
矫揉做作地说	mince
矫揉造作	mannerism
矫揉造作的	histrionic
矫正	remedy, rectify
矫正器	appliance
矫正法	orthosis
矫正物	corrective
矫正的	remedial, correctional
矫矜	smugness
矫饰	mannered, affectation
矫饰的	mannered
短	short
短上衣	jerkin
短剑	stiletto, dirk
短发	bob
短吻鳄	alligator, gator
短命	ephemeral
短命的	ephemeral
短处	shortcoming
短小	shortness, smallish
短小的	smallish
短小精悍	dapper
短小精悍的	dapper
短少	lack
短尾猫	bobcat
短工	peon, journeyman
短帷幔	valance
短弯刀	scimitar
短弯刀状物	scimitar
短弹毛	mungo
短截植物	cutback
短文	essay
短文集	sketchbook
短暂	brief, transient
短暂的	brief, transient
短期债券	shorts
短期居留者	transient
短柄小斧	tomahawk
短桨	scull
短法衣	cotta
短波	shortwave
短片	short
短的	short
短程旅行	excursion
短篇故事	novella
短纵梁	carling
短缩的	abbreviated
短缺	deficit
短网拍墙球	racquetball
短而尖的声音	beep
短而扁	snub
短而扁的	snub
短而结实	blocky
短而结实的	blocky
短衬裤	pants, underpants
短袜	sock
短裙	tutu
短裤	shorts
短评	paragraph
短语	phrase
短跑	dash
短跑选手	sprinter
短距离赛跑	sprint
短路器	crowbar
短颈野鸭	teal
矮	short
矮人	scrub, pygmy
矮妖精	leprechaun
矮子	dwarf, shrimp
矮小	pygmy, scrubby
矮小的	pygmy, scrubby
矮松	pinon
矮松果	pinon
矮林	copse, coppice
矮林多	brushy
矮林多的	brushy
矮树	shrub, scrub
矮树丛	bush
矮牵牛花	petunia
矮的	short
矮矮胖胖	chunky
矮矮胖胖的	chunky
矮种马	pony
矮糠	basil
矮胖	stocky, squat
矮胖子	stout
矮胖的	stocky, squat
矮胖的人	chunk
矮脚鸡	bantam
矮隔墙	podium
石	stone
石冢	cairn
石制	stone
石制的	stone
石化	petrochemical
石化产品	petrochemical
石化制品	petrochemical
石化制品的	petrochemical
石化的	petrochemical
石匠	stonemason
石南	briar
石南花	heather
石南荒原	heath
石印术	lithography
石块	block
石垛工	waller
石堆纪念碑	cairn
石墨	graphite
石头	stone, rock
石山	tor
石工	stonemason
石弓	crossbow
石弹	marble
石斑鱼	grouper
石方工程	stonework
石板	flagstone
石板瓦工	slater
石板色	slate
石板色的	slate
石板路	flagging
石棉	asbestos
石棺	sarcophagus
石榴	pomegranate
石榴子石	garnet
石榴石	garnet
石油	oil
石油商	oilman
石油层	pool
石油工人	oilman
石油沥青	bitumen
石灰	lime
石灰光	limelight
石灰光灯	limelight
石灰岩	limestone
石灰岩岩脊	clint
石灰石	limestone
石灰质的	calcareous
石炭酸	phenol
石版画	lithograph
石的	stone
石碑	monument
石竹科	pink
石竹科的	pink
石竹花	pink
石笋	stalagmite
石细工	stonework
石膏	plaster
石膏灰泥板	plasterboard
石膏粉	gesso
石花菜	agar
石芽	clint
石英	quartz
石蕊	litmus
石蜡	paraffin
石蜡烃	paraffin
石造物	stonework
矽藻	diatom
矾	alum, vitriol
矾油	vitriol
矿	mine
矿井	pit
矿化	mineralisation
矿化作用	mineralisation
矿区租赁面积	acreage
矿层	ledge
矿层的剥土	baring
矿工	miner
矿泉	spa
矿泉治疗地	spa
矿渣	slag
矿物	mineral
矿物学	mineralogy
矿物的	mineral
矿皮	barrow
矿石	ore
矿筛	griddle
矿脉	lode
矿苗	outcropping
矿藏	mine
矿车	tramcar
码	yard
码元	symbol
码头	dock, pier
码头前沿	dockside
码头前沿的	dockside
码头区	quayside
码头工人	docker
码尺	yardstick
码表	stopwatch
砂岩	sandstone
砂漏	hourglass
砂眼	blister, pinhole
砂矿	placer
砂矿开采地	placer
砂砾	gravel, grit
砂纸	sandpaper
砂质	chiltern
砂轮	buzzer
砂锅	marmite
砂锅菜	casserole
砌墙	walling
砌砖	brickwork
砌砖工人	bricklayer
砌砖工作	brickwork
砍	chop, hack
砍伐	lop
砍伐木材	lumber
砍伐森森	deforestation
砍倒	hew
砍入很深	gash
砍头	behead
砍成	hew
砍掉	prune
砍断	stump
砍痕	hack
砒霜	arsenic
研制兼容产品	cloning
研碎	bruise
研磨	mull
研磨工具	sharpener
研磨料	abrasive
研磨机	muller, grinder
研磨者	sharpener, grinder
研究	research, study
研究人员	researcher
研究员	boffin
研究员基金	fellowship
研究员薪金	fellowship
研究室	lab, laboratory
研究报告	memoir
研究班	seminar
研究生	graduate, postgraduate
研究生的	graduate
研究者	student
研究院	academe
研讨会	workshop
研钵	mortar
砖块	brick
砖建筑物	brickwork
砖瓦	tile
砖石部分	masonry
砧骨	anvil
砰	ping
砰击	slamming
砰地关上	slam
砰地发声	ping
砰然	bang
砰然一声	twang
砰然响	twang
砰然地	bang
砰然声	pop, slam
砰然的一击	coup
砰然落下	flop
砰的一声	thud
砰的一声掉下	thud
破产	bankrupt, bust
破产了	busted
破产了的	busted
破产的	bankrupt, insolvent
破产者	bankruptcy, bankrupt
破伤风	tetanus
破例	extraordinarily
破冰设备	icebreaker
破坏	kill, destroy
破坏份子	saboteur
破坏分子	subversive, wrecker
破坏名誉	defamation, defame
破坏名誉的	defamatory
破坏外观	deface
破坏性	subversive, ruinous
破坏性地	devastatingly
破坏性的	subversive, ruinous
破坏活动	sabotage
破坏的	destructive, disruptive
破坏的结果	ravages
破坏组织	disorganize
破坏罢工的人	fink
破坏者	rat, destroyer
破坏财产	vandalize
破布	clout
破布条	tatter
破折号	dash
破损	disrepair
破损处	breakage
破损量	breakage
破旧	shabby, battered
破旧家俱	lumber
破旧的	shabby, battered
破旧衣服	tatters
破晓	break, dawn
破火山口	caldera
破灭	overturn
破烂	tattered
破烂地	raggedly
破烂的	tattered
破片	fragment, fraction
破相	shapeless, disfigure
破相的	shapeless
破碎	break
破碎机	breaker, crusher
破碎的	shattered
破绽	rip
破衣服	tatter
破袭者	cracker
破裂	burst, fracture
破裂处	break
破裂的	cracked, ruptured
破译不出	indecipherable
破译不出的	indecipherable
破门盗窃	burgle
破除	conquering, conquered
砷	arsenic
砾岩	conglomerate
砾岩性	conglomerate
砾岩性的	conglomerate
硅	silicon
硅树脂	silicone
硅氧烷	silicone
硅石	silica
硅藻	diatom
硅藻土	tripoli
硅藻岩	tripoli
硅酸盐	silicate
硅酸酯	silicate
硒	selenium
硕士	master
硝皮匠	tanner
硝石	nitrous, nitric
硝石的	nitrous, nitric
硝酸盐	nitrate
硝酸钾饼	prunella
硫	sulphur, sulfur
硫化不足	soggy
硫化物	sulphide, sulfide
硫的	sulphuric
硫磺	sulphur, sulfur
硫磺的	sulfuric
硫酸	vitriolic
硫酸的	vitriolic
硫酸盐	sulphate, sulfate
硫酸盐化	sulphate
硫酸盐或酯	sulfate
硫酸脂	sulfate
硫酸酯	sulphate
硫黄	brimstone
硬	hard
硬书皮	hardcover
硬书皮的	hardcover
硬件	hardware
硬伤	bruising
硬化	sclerosis, hardening
硬化症	sclerosis
硬卖给	foist
硬变	cirrhosis
硬塞进	shoehorn
硬封面	hardback
硬封面的	hardback
硬封面的书	hardcover
硬币	coin
硬币投币口	slot
硬度	temper
硬式棒球	hardball
硬拉出	corkscrew
硬挤	muscled
硬挤过去	hustle
硬木	hardwood
硬木材	hardwood
硬水软化器	softener
硬的	hard
硬石蜡	paraffin
硬糖	lolly
硬纸板	hardboard
硬纸盒	carton
硬线	hardline
硬结	calloused
硬脑膜	dura
硬膜外的	epidural
硬草帽	boater
硬逼	hustle
确保	ensure, insure
确信	sure
确信地	assuredly
确信的	convinced
确凿无疑	undeniably
确凿无疑地	undeniably
确凿的	certain
确切	exactly
确切地	exactly
确切的	definite
确定	certain, certainly
确定地	certainly
确定性	conclusive
确定性的	conclusive
确定的	certain
确定的金额	assess
确定目标市场	targeting
确定路线	route
确实	sure
确实地	sure
确实性	credibility, certitude
确实有效	credibly
确实有效地	credibly
确实的	reliable, veritable
确实的事情	certainty
确实的证明	testament
确然无疑的	undisputed
确确实实	absolutely
确确实实地	absolutely
确立	establish, establishment
确认	confirm, affirm
确认的	authentic
确认认可	acknowledgment
确证	corroborate, substantiate
确证的事实	corroboration
硼	boron, boro
碉堡	pillbox
碉楼	barbican
碍事	underfoot
碍事地	underfoot
碎	asunder
碎冰船	icebreaker
碎块	shiver
碎屑	crumb, debris
碎屑的	fragmentary, trashy
碎布	rag
碎布条	shred
碎成细屑	crumbled
碎步走	mince
碎片	fragment, debris
碎片的	fragmentary, fractional
碎瓦片	crock
碎石	gravel, detritus
碎石堆	brash
碎石子	blinding
碎石构成	gravelly
碎石构成的	gravelly
碎砖	rubble
碎粉	flour
碎纸机	shredder
碎裂	disintegrate
碎麦芽	mash
碑文	epitaph, epigraph
碑铭	inscription
碗	bowl
碗柜	cupboard
碗橱	buffet
碘	iodine
碘化物	iodide
碘酒	iodine
碟	plate, dish
碧玉	jasper
碧空	azure
碧翠斯	beatrice
碰	touch
碰不着	untouchable
碰不着的	untouchable
碰损险	clashing
碰撞	hit
碰撞声	hurtle
碰撞机	collider
碰运气	hazardous
碰运气的	hazardous
碱	alkali, alkaline
碱基对	bp
碱度	alkalinity
碱性	basic
碱性的	basic
碱液	lye
碱的	alkaline
碱盐泻药	saline
碳	carbon
碳化	carbonated
碳化物	carbide
碳化的	carbonated
碳化钙	carbide
碳氢化合物	hydrocarbon
碳水化合物	carbohydrate
碳酸	carbonated
碳酸氢盐	bicarbonate
碳酸水	soda
碳酸的	carbonated
碳酸盐	carbonate
碳酸钠	soda
碳酸钾	potash
碾	grind
碾碎	scrunch, contusion
碾碎机	runner, crusher
碾碎的	crushing
碾碎的干小麦	bulgur
碾磨	mill
磁体	magnet
磁化系数	susceptibility
磁学	magnetism
磁导率	permeability
磁带	tape
磁带录音	taping
磁性	magnetism
磁的	magnetic
磁盘	disk
磁盘操作系统	dos
磁铁	magnet
磁阻	reluctance
磅	pound
磅税	poundage
磋商	negotiation
磋商会	consultation
磋商者	negotiator
磕头	kowtow
磨	grind, whet
磨伤	gall
磨光	grind, burnish
磨光发亮	burnish
磨光机	grater
磨刀石	hone
磨坊	mill
磨床	grinder
磨快	whet
磨损	wear
磨损了	frazzled
磨损了的	frazzled
磨损处	abrasion
磨损的	battered
磨擦	grind, grate
磨擦者	grater
磨木机	grinder
磨杵	muller
磨炼	chasten
磨牙	molar
磨牙低尖	talon
磨石	millstone
磨破	frazzle, frayed
磨碎	grind, molar
磨碎的	molar
磨粉	crocus
磨练	hone
磨细	mill
磨耗	erosion, attrition
磨蚀	abrasion
磨轮	buzzer
磨难	millstone
磷	phosphorus
磷光体	phosphor
磷光性	phosphorescent
磷光性的	phosphorescent
磷光的	phosphorescent
磷火	wildfire
磷酸化	phosphorylation
磷酸化作用	phosphorylation
磷酸盐	phosphate
磷酸酯	phosphate
礁	reef
示众	pillory
示例	sample
示威	demonstrate
示威运动	manifestation
示意	hint
示指	forefinger
示教	demonstration
示教者	demonstrator
示范	demonstrate, demonstration
示范的	exemplary
示踪	labeled
示踪的	labeled
示速器	speedo
礼仪	formal, protocol
礼仪用	state
礼仪用的	state
礼仪的	formal
礼品	present
礼堂	auditorium
礼拜	church
礼拜仪式	liturgy, liturgical
礼拜仪式的	liturgical
礼拜堂	salem
礼拜式	chapel, cult
礼拜者	worshipper
礼服	robe
礼炮	salute
礼物	gift
礼节	ceremony, formality
礼让	courtly, comity
礼让的	courtly
礼貌	manner, courtesy
社交	social
社交名流	socialite
社交圈	circle
社交性	sociality
社交活动	sociability
社交界	society
社交的	social
社交聚会	soiree
社交行为	sociality
社会	social, society
社会主义	socialism
社会主义化	socialization
社会主义的	socialist
社会主义者	socialist
社会主义运动	socialism
社会党党员	socialist
社会化	socialization, socialisation
社会团体	caste
社会学	sociology
社会学家	sociologist
社会学的	sociological
社会工作	casework
社会工作者	caseworker
社会心理的	psychosocial
社会思潮	ethos
社会政治	sociopolitical
社会政治的	sociopolitical
社会文化	sociocultural
社会文化的	sociocultural
社会环境	milieu
社会生态学	ecology
社会的	social
社会组织	organism
社会经济学	socioeconomic
社会经济学的	socioeconomic
社会经济的	sociometric
社会统计学	sociodemographic
社会统计学的	sociodemographic
社会趋势	climate
社区	community
社区地	communally
社团	corporate
社团主义者	corporatist
社团的	corporate
社论	leader
社论撰写人	editorialist
社论栏	shirttail
社论的	editorial
祈佑	bless
祈愿	supplication
祈求	invoke
祈祷	prayer, pray
祈祷室	vestry
祈祷文吟诵人	cantor
祖代	progenitor
祖传	ancestral
祖传动产	heirloom
祖传的	ancestral
祖传的财物	patrimony
祖先	father, stock
祖先的	ancestral
祖先遗留物	heritage
祖国	motherland, fatherland
祖宗	ancestor, forebear
祖师爷	granddaddy
祖母	grandmother
祖父	grandfather
祖父母	grandparent
祖鲁人	zulu
祖鲁语	zulu
祝愿	wish
祝福	bless, blessing
祝贺	celebrate, congratulate
祝贺的	congratulatory
祝贺词	congratulations
祝贺语	congratulations
祝酒人	toaster
神	divine, deity
神仙	immortal
神入	empathy, empathize
神入的	empathic
神化	apotheosis
神圣	holy, sacred
神圣化	hallowed, sanctification
神圣化的	hallowed
神圣地	blessedly
神圣的	holy, sacred
神圣的东西	holy
神圣的义务	sanctity
神圣罗马帝国	sri
神奇	marvellous, supernatural
神奇的	marvellous, supernatural
神学	theology
神学上	theological
神学上地	theologically
神学上的	theological
神学地	theologically
神学家	divine
神学者	theologian
神学院	seminary
神学院学生	seminarian
神射手	marksman
神志丧失	unconsciousness
神志丧失的	unconscious
神志昏迷	delirious
神志昏迷的	delirious
神性	deity, divinity
神感	inspirational
神感的	inspirational
神授的能力	charisma, charismatic
神智健全	sane, sanity
神智健全的	sane
神权国	theocracy
神权政治	theocracy, theocratic
神权政治的	theocratic
神枪手	sharpshooter
神游	fugue
神灵	manitou
神父	priest
神的	divine
神示	leading
神秘	mystery, mysterious
神秘主义者	mystic
神秘之事	occult
神秘化	mystification
神秘地	mysteriously, uncannily
神秘学	occult
神秘教	mysticism
神秘的	mysterious, mystic
神秘的气氛	mystique
神秘的记号	rune
神童	wunderkind
神经	nervous, neural
神经中枢	neural
神经中枢的	neural
神经元	nervousness, neuron
神经原	neuron
神经外科医师	neurosurgeon
神经外科学	neurosurgery
神经心理学	neuropsychological
神经机能病	neurosis
神经生理	neurophysiological
神经生理学	neurophysiological
神经生理学的	neurophysiological
神经生理的	neurophysiological
神经病	neuropathy
神经病学	neurology, neurologic
神经病学上	neurological
神经病学上的	neurological
神经病学家	neurologist
神经病学者	neurologist
神经症	neurosis, neurotic
神经症患者	neurotic
神经症的	neurotic
神经的	nervous, neural
神经科医师	neurologist
神经系统	neural
神经系统的	neural
神经系统科学	neuroscience
神经紧张	nervous
神经紧张的	nervous
神经细胞	neuron
神经肌肉	neuromuscular
神经肌肉的	neuromuscular
神经节	ganglion
神经衰弱	nervosa
神经质	neurotic, nervously
神经质地	nervously
神经质的	nervous, neurotic
神经过敏	jitter, nervousness
神经过敏症	neuroticism
神经过敏的	nervous
神经递质	neurotransmitter
神经错乱的	insane
神经键	synapse
神经麻木	stolid
神经麻木的	stolid
神翠鸟	halcyon
神职	ecclesiastical
神职人员	clergy, priesthood
神职的	ecclesiastical
神色	look
神裁判法	ordeal
神论	torah
神话	myth, mythology
神话学	mythological
神话学的	mythological
神话式	mythical, mythic
神话式的	mythical, mythic
神话的	mythical, mythic
神谕	oracle
神谕处	oracle
神酒	nectar
神韵	verve
神风对队员	kamikaze
神风特攻队	kamikaze
神鹰	condor
神龛	shrine
票	ticket
票据交换	clearing
票据交换所	clearinghouse
票据持有人	bearer
票据清算	clearing
票面	par
票面价值	par
票面的	par
票面金额	denomination
祭仪	cult
祭典日	fiesta
祭司	priest
祭司的	priestly
祭司职	priesthood
祭品	sacrifice
祭器台	credence
祭坛	altar
祭坛帏帘	frontal
祭坛装饰	altarpiece
祭师	druid
祭祀	sacrifice
祷告	patter, praying
祷告文	liturgy
祷辞	prayer
祸根	bane
禀赋	temperament
禁令	ban, prohibition
禁卫军	lifeguard
禁忌	taboo
禁忌的	taboo
禁戒	abstinence
禁欲	abstinence, austere
禁欲主义	asceticism
禁欲的	austere, ascetic
禁欲者	ascetic
禁止	bar, ban
禁止使用	taboo
禁止出入港口	embargo
禁止出版	suppress
禁止器	inhibitor
禁止性	prohibitive
禁止性的	prohibitive
禁止接近	taboo
禁止的	prohibitive, illicit
禁止者	inhibitor
禁止进入	padlock
禁猎	preserve
禁猎地	preserve
禁运	embargo, contraband
禁运的	contraband
禁酒	temperance
禁闭	wall
禁闭室	brig
禁闭房	glasshouse
福佑	bliss
福克斯	fawkes
福克纳	faulkner
福利	welfare
福利的	welfare
福尔摩斯	holmes
福尔马林	formalin
福布斯	forbes
福特汽车	ford
福神	mascot
福禄考	phlox
福音	gospel
福音主义	evangelism, evangelicalism
福音书作者	evangelistic
福音书作者的	evangelistic
福音传道	evangelism, evangelization
福音传道者	evangelist, evangelistic
福音传道者的	evangelistic
福音派信徒	evangelical
福音派教会	evangelical
福音派教会的	evangelical
福音派的教义	evangelicalism
禹	yu
离位	dislocated
离位的	dislocated
离判	disaffection
离别	parting
离别的	parting
离去	out, away
离去的游人	goer
离合器	clutch
离奇	uncanny, offbeat
离奇有趣	quaint
离奇有趣的	quaint
离奇的	uncanny, offbeat
离奇的东西	whimsy
离婚	divorce
离婚的	divorced
离婚者	divorcee
离子	ion
离子化	ionization
离子的	ionic
离岸距离	offing
离开	leave, off
离开原位	dislodge
离开固定位置	unsettle
离开正路	aberration
离开正道	errant
离开正道地	astray
离开正道的	errant
离开着	afield
离开者	leaver
离心	centrifugal
离心机	centrifugal
离心的	centrifugal
离散	discrete
离散的	discrete
离析	segregation
离解	dissociation
离解作用	dissociation
离轨	excursion
离间	alienate, alienation
离题	discursive, digression
离题的	discursive, irrelevant
禽	birds
禽鸟舌喉炎	pip
禾本	grass
秀丽	dainty
秀丽的	dainty
私下	privately
私下地	privately
私下知悉	privity
私人	personal, private
私人印戳	cachet
私人的	personal, private
私党	junta
私刑	lynch
私刑处死	lynching
私利	expediency
私卖	bootleg
私吞	pocket
私商	interloper
私奔	elope
私室	sanctum
私家侦探	spotter, snoop
私房屋主	homeowner
私有	proprietary
私有化	privatisation, privatize
私有地	demesne
私有的	proprietary
私生	bastard, illegitimate
私生子	bastard
私生的	bastard, illegitimate
私立	private
私立的	private
私罚	lynch
私语	whispered, whispering
私运	smuggle
私通	intrigue
私通的	extramarital
秃	baldness
秃头	bald
秃头的	bald
秃鹫	vulture
秉公	impartially
秋	autumnal
秋分	equinox
秋天	fall
秋天的	fall
秋波	leer
秋海棠	begonia
秋海棠属植物	begonia
秋的	autumnal
秋葵	okra
秋葵荚	okra
种	species
种子	seed
种子的	seminal
种实	fruit
种族	race, ethnic
种族主义	racism
种族主义的	racist
种族主义者	racist
种族优越感的	ethnocentric
种族偏见	racism
种族划分	ethnicity
种族化	racialized
种族化的	racialized
种族发育的	phylogenetic
种族歧视	racism, racist
种族歧视主张	racism
种族灭绝	genocide, genocidal
种族灭绝的	genocidal
种族的	ethnic, racial
种族隔离	apartheid
种植	grow, plant
种植园	plantation
种植机	planter
种植者	planter, cropper
种田	farm
种痘	vaccination
种种	myriad, variously
种种的	various, myriad
种类	kind, sort
种系	bloodline
种系发生	phylogenetic
种系发生的	phylogenetic
种质	germplasm
种马	stallion
科	department
科兹摩	cosmo
科南	conan
科学	science, scientific
科学家	scientist
科学工作者	boffin
科学的	scientific
科学考察	safari
科学记数法	scientific
科尔德沃特	coldwater
科尔曼	coleman
科德沃特	coldwater
科恩	cohen
科技	technologically
科技地	technologically
科摩	como
科斯特洛	costello
科朗	cola
科林	colin
科目	subject
科莱特	colette
科西嘉岛	corsica
科赫	koch
秒	second
秘书	secretary
秘书之职	secretariat
秘书处	secretariat
秘书的	secretarial
秘传	esoteric
秘传的	esoteric
秘密	private, inside
秘密从事	undercover
秘密从事的	undercover
秘密件	confidential
秘密会议	conclave
秘密地	privately, quietly
秘密地消灭	burke
秘密地除去	burke
秘密情报网	grapevine
秘密政党	mafia
秘密状态	secrecy
秘密的	private, inside
秘密监视人	spotter
秘密结社	cabal
秘密行动	stealth, underplay
秘教	esoteric
秘教的	esoteric
秘结	constipation
秘藏	treasure
秘诀	secret, recipe
租	lease
租借	tenant
租借地	holding
租出	rent, lease
租回	tenancy
租地人	lessee
租屋人	lessee
租得	lease
租户	renter
租期	lease
租用	hire, rent
租用的	rented
租用者	charterer
租约	lease
租船人	freighter
租费	rental
租赁	rental, tenancy
租赁人	renter
租赁权	leasehold
租赁的	rental
租金	hire, rent
租金收入	rental
秤锤	counterweight
秧苗	seedling
秩序	cosmos
积习	inveterate
积习的	inveterate
积习难改	incorrigible
积习难改的	incorrigible
积云	cumulus
积分	integral
积分仪	integrator
积分器	integrator
积分电路	integrator
积压	backlog
积压的工作	backlog
积垢	crud
积存	depot
积成堆	mound
积木	brick
积木式的	modular
积极	positive, active
积极分子	active
积极地	actively
积极的	positive, active
积欠	arrears
积水垢	fur
积累	fund
积累而成	add
积聚	gather, accumulate
积聚物	accumulation
积聚者	accumulator
积蓄	garner, stockpile
积雪	snow
积雪场	snowpack
称	term
称分量	weigh
称号	label
称呼	name, style
称王	lord
称谓	prefix
称赞	admire, praise
称赞的	complimentary
称重量	heft
称量	weighing
称颂	eulogy
移交	tradition
移交的事物	remit
移位	displacement, shifting
移位变化	metastasis
移位器	shifter
移位操作	shifting
移位的	dislocated
移住	settling
移入	immigrant
移入其他容器	decant
移入的	immigrant
移入选民	colonizer
移养	naturalize
移动	move
移动吊车	jenny
移动的	mobile, locomotive
移动的人	mover
移动群	horde
移动车	dolly
移后扣减	carryover
移地发育	colonization
移头器	shifter
移居	immigration, passage
移居国外	expatriate
移居国外者	expatriate
移居外国	emigration
移居的	emigrant, peregrine
移居者	migrant, transplant
移带器	shifter
移往	migration, migrate
移情	empathy, empathize
移情作用	empathy
移情作用的	empathetic
移情的	empathic
移植	transplant, transplantation
移植于	colonize
移植术	transplantation
移植法	implantation, grafting
移植片固定模	stent
移植生长	establish
移民	immigrant, immigration
移民于	populate
移民于殖民地	colonise
移民区	colony
移民的	immigrant
移民者	settler
移民队	colony
移生	colonization
移置	displace
移行	carryover
移转	aversion, jib
移转者	remover
移送	evoke
移项	transpose, transposition
稀奇	fantastic, fanciful
稀奇的	fantastic, fanciful
稀少	seldom, infrequent
稀少地	sparsely
稀少的	seldom, infrequent
稀度	dilution
稀有	singularity
稀疏	sparse, sparsely
稀疏地	sparsely
稀疏的	sparse
稀疏的少量	scattering
稀稀落落	sparse
稀稀落落的	sparse
稀粥	gruel
稀罕	rare, unique
稀罕的	rare, unique
稀薄	tenuous, sparse
稀薄的	tenuous, sparse
稀释	dilute, attenuate
稀释度的	dilution
稀释的	dilute, attenuate
程序	process, program
程序上	procedural
程序上的	procedural
程序中断	pi
程序化	programmed
程序化的	programmed
程序员	programmer
程序机	scheduler
程序组	suite
程序编制	programming
程序装置	sequencer
程序设计	programming
程序设计员	programmer
程序语句	statement
程度	degree, extent
程度较大	more
程度较大的	more
程式化	stylized
程式化的	stylized
程控	programmed
程控的	programmed
稍微	little, rather
稍息	lull
稍睡	nap
稍老	elderly
稍老的	elderly
稍许	jot, fractionally
稍长	longish
稍长的	longish
税	tax
税制	taxation
税务局	revenue
税收	revenue
税收检查员	taxman
税款	tax
税赋	scot
稚虫	nymph
稠度	consistency
稳健	moderate, sane
稳健性	robustness
稳健的	moderate, sane
稳固	solid, steady
稳固的	solid
稳定	steady, stable
稳定剂	stabilizer
稳定化	stabilizing
稳定器	stabiliser
稳定地	steadily
稳定性	stability
稳定水平	plateau
稳定的	steady, stable
稳定的进程	tenor
稳当	steadfastness
稳流板	stabilizer
稳重	sober
稳重的	sober
稷	millet
稻	rice, paddy
稻草	straw
稻草人	scarecrow
稻草的	straw
稻草色	straw
稻草色的	straw
稿件	posting
稿件评审	refereeing
穆哈上等咖啡	mocha
穆夫提	mufti
穆尼	mooney
穆罕默德	muhammad
穆里尔	muriel
穗	tassel
穗带	braid
穴	hole, opening
穴居人	caveman
穴居的兽	nester
穴裂口	os
究竟	ever
究竟怎样	however
穷举	exhausting
穷乡僻壤	backcountry
穷人	pauper, lazarus
穷光蛋	skint
穷光蛋的	skint
穷困	destitute, destitution
穷困的	destitute, indigent
穷境	predicament
穷的	underprivileged
空	empty, vacant
空中	aerial
空中传播	airborne
空中传播的	airborne
空中加油飞机	tanker
空中吊运车	dan
空中实力	airpower
空中客车	airbus
空中小姐	stewardess
空中悬停	hovering
空中打击	airstrike
空中的	aerial
空中航线	airway
空中补给线	airlift
空中跳台	towers
空中轮廓线	skyline
空位	room
空军	airforce
空军地勤人员	penguin
空军基地	airbase
空军士兵	airman
空前	unprecedented
空前的	unprecedented
空勤组	aircrew
空地	lung, clearing
空域	airspace
空头	shorts
空头户	shorts
空头支票	kite
空头理论	metaphysics
空幻	dreamy
空幻的	dreamy
空心石核	geode
空想	dream, ideal
空想地	fantastically, romantically
空想家	visionary
空想的	ideal, ideological
空战	dogfight
空手道	karate
空旷	open
空格	blank
空格杆	spacer
空气	air
空气动力学	aerodynamics, aerodynamic
空气动力学的	aerodynamic
空气囊	airbag
空气垫	mattress
空气流通	ventilation
空气的	aerial, airy
空气的流动	airflow
空气过滤器	inhaler
空洞	fluffy, inane
空洞乏物	inane
空洞的	fluffy, inane
空白	blank, vacant
空白点	void
空白的	blank, vacant
空白表格程序	spreadsheet
空的	empty, vacant
空的东西	empty
空着	unoccupied
空着的	unoccupied
空穴	cavity
空缺	vacancy
空腹	empty
空腹的	empty
空虚	empty, void
空虚地	vacantly
空虚的	empty, blank
空袭	airstrike
空论家	doctrinaire
空谈	closet, platonic
空谈理论	doctrinaire
空谈理论的	doctrinaire
空谈的	closet, platonic
空谈者	talker
空车	empty
空转	racing
空载	idleness
空运	wing, airborne
空运物资	airlift
空运的	airborne
空运转	idling
空速	airspeed
空闲	leisure, spare
空闲地	idly
空闲的	leisure, spare
空间	space
空间地	spatially
空间的	spatial
空隙	rift, clearance
空隙的	interstitial
穿	reeve
穿上	don
穿以便鞋	sandal
穿便衣	plainclothes
穿便衣的	plainclothes
穿入	pierce
穿刺	puncture
穿外套	coated
穿外套的	coated
穿外衣	wrap
穿好衣服	dressed
穿好衣服的	dressed
穿孔	perforate, perforation
穿孔于	perforate, perforated
穿孔的	perforate
穿孔者	borer
穿戴	guise, groom
穿戴用品	furnishings
穿戴装饰品	accessorize
穿旧	worn
穿旧了	threadbare
穿旧了的	threadbare
穿旧的	worn
穿杂色衣	motley
穿杂色衣的	motley
穿梭	shuttle
穿梭移动	shuttle
穿用	wearing
穿用的	wearing
穿用者	wearer
穿着	in
穿着花哨	garish
穿着花哨的	garish
穿破	tatty
穿破了	frazzled
穿破了的	frazzled
穿破的	tatty
穿线于	thread
穿花衣服	pied
穿花衣服的	pied
穿衣	dressing, garb
穿衣服	vest
穿衣服的	vested
穿越	through
穿过	through, across
穿透	penetrate, penetration
穿透的	penetrating
穿通	pierced
穿长袍	robe
穿雪鞋走路	snowshoe
突	papillae
突兀	quirky
突兀的	quirky
突入	intrusion
突出	outstanding, prominent
突出地	stark
突出性	highlighting
突出物	snag
突出的	outstanding, prominent
突出的地方	peninsula
突出的梁	outrigger
突出端	jag
突出部	protrusion
突出部份	overhang
突出部分	nose, ledge
突击	sally, onslaught
突击队	commando
突击队员	commando
突升	jump
突发	burst
突发的	gusty, quickie
突变	mutation, choppy
突变体	mutant
突变型	mutant
突变的	choppy
突围	sortie, breakout
突堤	jetty
突然	suddenly, short
突然一阵	gust
突然下降	toboggan
突然伸出	pop
突然出现	materialise
突然加大油门	goose
突然地	dramatically, abruptly
突然巨响	bang
突然巨响地	bang
突然抓住	seize
突然插入	interject
突然摔倒	tumbled
突然放下	plump
突然的	sudden, unexpected
突然离去	flounce
突然经过	leap
突然袭击	swoop, blitzkrieg
突然说出	ejaculate, ejaculation
突然转向	chop, swerve
突然降临于	overtake
突然震动	shuddering
突破	breach, breakthrough
突破性	groundbreaking
突破性的	groundbreaking
突袭	rush, raid
突触	synapse, synaptic
突触的	synaptic
突起	prominence, swelling
突起的	swelling
突进	dart, lunge
突进往下	plunging
突进往下的	plunging
突降法	anticlimactic
突降法的	anticlimactic
窃取	filch
窃取圣物	sacrilege
窃听	wiretap, interception
窃听器	interceptor
窃听罪	eavesdropping
窃盗	burglary
窃笑	snicker, snigger
窃笑着说	snicker
窃贼	burglar
窄街	alleyway
窍门	knack
窑	stove, kiln
窒息	choke, stifle
窒息性的	suffocating
窒息物	choker
窒息状态	smother
窒息的	stuffy
窒息而死	strangle
窖	vault
窖藏	pit
窗	casement
窗侧	reveal
窗口	window
窗台	sill, windowsill
窗子	window
窗孔	aperture
窗帘	blind, curtain
窗户	window
窗格	pane
窗玻璃	pane, windowpane
窗花格	tracery
窘境	corner, dilemma
窘迫	embarrassed, strait
窘迫的	embarrassed, strait
窝	socket, nest
窟窿	hollow
窥孔	peephole
窥探	mouse, pry
窥视	peer, peek
窥视孔	peephole, porthole
窥视者	peeper
窥视行为	snoop
窦	sinus, antral
窦炎	sinusitis
窦状隙	sinusoidal
窦状隙的	sinusoidal
窦的	antral
立	stand
立为女王	queen
立为嫡嗣	legitimate, legitimize
立交桥	flyover, overpass
立交马路	flyover
立体	stereo
立体交叉道	interchange
立体感	modelling, modeling
立体感觉	stereo
立体感觉的	stereo
立体模型	diorama
立体派	cubism, cubist
立体派画家	cubist
立体派的	cubist
立体照片	stereo
立体的	stereo
立刻	immediately
立刻地	outright
立刻的	prompt
立即	immediate, immediately
立即付款	plank
立即地	instantly
立即的	immediate
立场	standpoint
立契约	covenant
立契约的人	contractor
立契转让	deed
立定	halt
立宪	constitutional
立宪主义	constitutionalism
立宪制度	constitutionalism
立宪的	constitutional
立志于	aspire
立方	cube, cubic
立方体	cube, cubic
立方体的	cubic
立方的	cubic
立杆	upright
立案	accreditation
立法	legislation
立法地	legislatively
立法委员	legislator
立法官	legislator
立法机关	legislature
立法机关成员	legislator
立法机构	senate, legislative
立法的	legislative
立法者	legislator, lawmaker
立法院	legislature
立着	standing
立着的	standing
立誓	vow
立证	aver
立足处	foothold
立足点	footing
立遗嘱	will
立遗嘱者	testator
立金花	cowslip
立锥之地	pinpoint
立陶宛	lithuania
立顿公司	lipton
竖	lengthways
竖琴	harp
竖琴师	harpist
竖立	erect
竖立的	erect
竖立肌	erector
竖笛	clarinet
竖起	prick, perk
竖起的	cocked
站	stand, station
站住	stand
站台	platform
站岗	sentry
站得住	tenable
站得住的	tenable
站稳	footing
站立	stand, arise
站立的姿势	stance
竞争	competition, cope
竞争对手	competitor
竞争的	competitive, rival
竞争者	competitor, rival
竞技	playing
竞技场	circus, amphitheater
竞技比武大会	carousel
竞技表演	rodeo
竞相提高	leapfrog
竞赛	race, competition
竞赛者	player
竞选者	campaigner
竞选运动	campaign
竞销	competition
竟然	actually
章	chapter
章鱼	octopus
童子军团长	scoutmaster
童子军活动	scouting
童心	playfulness
童裤	panty
童话剧	panto
童话故事	fairytale
童贞	virginity
竭力主张	urge
竭尽全力	extended
竭尽全力的	extended
端	end
端庄	elegant, modest
端庄的	elegant, modest
端正	decorum, prim
端正的	prim, decorous
端点	endpoint
端粒	telomere
竹子	bamboo
竹帘	chick
竹类	bamboo
竹荚鱼	scad
竿	rod
笃信	religiosity
笃诚	religiously
笃诚地	religiously
笑	laugh, laughter
笑剧	farcical
笑剧性	farcical
笑剧性的	farcical
笑剧的	farcical
笑哈哈	laughingly
笑嘻嘻	grinning
笑声	laugh, laughter
笑容	smile
笑柄	joke, jest
笑着	laughingly
笑着地	laughingly
笑话	joke
笔	pen
笔划	stroke
笔名	pseudonym
笔尖	nib
笔法	brushwork, penmanship
笔直	straight, straightforward
笔直的	straight, straightforward
笔直线	beeline
笔记	note
笔记本	notebook, pocketbook
笔记用纸	notepaper
笔记簿	tablet
笔调	pen
笔迹	writing, handwriting
笛	flute
笛声	piping, fluted
笛声的	fluted
笛手	flutist
笛福	defoe
笞刑	whipping
笞鞭	rod
符号	sign, symbol
符号使用者	symbolist
符号化	symbolize
符号学	semiotic
符号学的	semiotic
符号学者	symbolist
符号的	symbolic
符号表示法	notation
符号论	symbolism
符号语言学	semiotics
符合	relate, correspond
符合修辞学	rhetorical
符合修辞学的	rhetorical
符合宪法	constitutionality
符合度	conformity
符合的	coincident, coincidental
符合计数器	coincidence
符合逻辑	logically
符合逻辑的	logical
符咒	spell, weird
符木	tally
笨	clueless
笨人	soft
笨大难使用	unwieldy
笨大难使用的	unwieldy
笨工匠	cobbler
笨手笨脚	fumble
笨手笨脚地做	bungled
笨拙	awkward, clumsy
笨拙地	awkwardly
笨拙地抛下	flop
笨拙地摆弄	thumb
笨拙地移动	lumber
笨拙演员	ham
笨拙的	awkward, clumsy
笨拙的人	gawk
笨拙的修补	tinker
笨拙的处理	fumble
笨拙的行动	fumble
笨的	clueless
笨蛋	put
笨重	cumbersome, ponderous
笨重地	ponderously
笨重地摔	flop
笨重的	cumbersome, ponderous
笨重的脚步声	clump
笨重的船	hulk
第一	first
第一千	thousandth
第一千的	thousandth
第一拳	leadoff
第一流	classic, crack
第一流的	classic, crack
第一流的人物	topper
第一百	hundredth
第一百万	millionth
第一百万的	millionth
第一百的	hundredth
第一的	first
第一胎生	firstborn
第一胎生的	firstborn
第三	third
第三产业	tertiary
第三产业的	tertiary
第三位	tertiary
第三位的	tertiary
第三的	third
第三纪	tertiary
第三者	stranger
第三脑室	basin
第二	second
第二位	subordination
第二名	second
第二次答辩	rejoin
第二的	second
第五	fifths
第八级天使	archangel
第十	tenths
第十二	twelfths
第十二个的	twelfths
第十二的	twelfths
第十的	tenths
第四	fourthly
第四周年	quadrennial
第四胃	maw
第戎	dijon
第无数次	umpteenth
第无数次的	umpteenth
第纳尔	dinar
笼	cage
笼头	halter
笼统讲	generalize
笼罩	cloud, invest
笼罩着雾	misty
笼罩着雾的	misty
等	wait
等业	equivocation
等于	equal
等价	equivalence
等价物	equivalent
等价的	equivalent
等位基因	allele
等体积	isometric
等体积的	isometric
等候	wait
等候的	waiting
等值	equivalence
等同	amount
等容积	isometric
等容积的	isometric
等式	equation
等待	wait
等待着	await
等比级数	growth
等离体	plasma
等离子体	plasma
等等	etc
等级	grade, rating
等级体系	hierarchy
等级制度	hierarchy
等级评定	rating
等角的	isometric
等距的	isometric
等轴的	isometric
筋斗	flip, somersault
筋疲力尽	knackered
筋疲力尽的	knackered
筋疲力竭	beaten
筋疲力竭的	beaten
筋膜	fascia
筏	raft
筏夫	rafter
筏运	raft
筐	scuttle, crate
筑坝	dam
筑城	fortification
筑堤	mound, embankment
筑堤防护	dike
筑巢	nest
筑巢的鸟	nester
筑成池塘	pond
筑树篱	hedge
筑要塞	fortress
筑防御工事	fortify
筒	canister
筒仓	silo
答复	reply
答应	engage, answer
答案	result, answer
答谢	acknowledge
答辩	reply
策划	planning, plot
策划者	plotter
策划阴谋	cabal
策略	policy, plan
策略的	resourceful, tactical
策马小跑	trot
筛	sift, sieve
筛分	screening
筛子	bolt, sieve
筛过	screened
筛过的	screened
筛选	shaker, screening
筛选人	moderator
筛骨中心部	prefrontal
筝帆	kite
筷子	chopsticks
筹划	stage
筹划者	framer
筹备	prepare
筹措资金	finance
筹款	fundraising
筹款的	fundraising
筹资开办者	floater
筹集的资金	financing
签	lot
签发	visa
签名	sign
签名于下	underwrite
签名者	signer
签名附件	signature
签字	signature
签约	signatory
签约国	signatory
签约的	signatory
签署	ink, subscribe
签署的	signatory
签署者	subscriber
签认	okay
签证	visa
简	jane
简介	intro
简便	succinctly
简便地	succinctly
简便饮食店	eatery
简写的	abbreviated
简化	red
简化了	simplified
简化了的	simplified
简化的	reduced, lite
简化论	reductionism
简单	simply, simple
简单化	simplify
简单地	simply
简单的	simple
简并	degeneracy
简并度	degeneracy
简并性	degeneration, degeneracy
简报	brief, presentation
简明	briefly, concise
简明地	briefly, concisely
简明性	simplicity
简明的	concise, laconic
简朴	simplicity, austere
简朴的	austere, homespun
简洁	clean, compact
简洁地	succinctly, tersely
简洁有力	pithy
简洁有力的	pithy
简洁的	clean, compact
简略	summary, curt
简略地	curtly
简略的	summary, curt
简直	simply
简直不	scarcely
简短	short, brief
简短地	short
简短引述	soundbite
简短的	brief
简短的笔记	jotting
简述	compendium
简陋	mean
简陋小屋	hovel
简陋小床	pallet
简陋的	mean
简陋的房子	barracks
箍	hoop
箔	foil
算入	including
算命天宫图	horoscope
算帐	reckoning
算术	arithmetic, mathematically
算术上	arithmetical
算术上的	arithmetical
算术地	mathematically
算术的	arithmetical, arithmetic
算术知识	arithmetic
算法	algorithm
算清了的	calculated
算错	miscalculation, miscalculate
箝制言论	gag
箝口物	gag
箝闭	incarceration
箝闭的	incarcerated
管	pipe, tube
管不到	untouchable
管不到的	untouchable
管乐器吹奏者	piper
管制	regulated
管口	nozzle
管子	tube
管子工行业	plumbing
管家	steward, chamberlain
管工	fitter, tubing
管弦乐曲	sinfonia
管弦乐编曲	orchestration
管弦乐队	orchestra
管弦乐队的	orchestral
管形瓶	phial
管形面点	penne
管径	caliber
管料	tubing
管材	tubing
管状	tubular
管状的	tubular
管状组织	tubing
管状面	penne
管猎犬者	huntsman
管理	control, manage
管理上的	managerial
管理不善	mismanagement, maladministration
管理人	husband, administrator
管理人员	staffs
管理人的	supervisory
管理区	precinct
管理员	manager
管理器	manager
管理地	administratively
管理处	management
管理委员	conservator
管理工作	stewardship
管理的	administrative, managerial
管理程序	supervisor
管理者	supervisor, curator
管理者的	curatorial
管理者的职位	directorship
管瓶	phial
管的	tubal
管线	pipeline
管衬	bush
管路	pipeline
管辖	police, rule
管辖区	precinct, residency
管辖区域	precinct
管辖权	jurisdiction
管辖权的	jurisdictional
管道	pipeline
管道工程管	pipework
管道系统	ductwork, tubing
管道设备	plumbing
管鼻藿	fulmar
箩	scuttle
箭	arrow
箭头	arrowhead
箭头尖	arrowhead
箭头记号	arrow
箭杆	shaft
箭状物	arrow
箭袋	quiver
箭鱼	swordfish
箱	case
箱子	bin
箴言	motto, gnome
篇	chapter, piece
篓	crate
篡位者	usurper
篡夺	usurp, usurpation
篡夺权者	usurper
篡夺者	usurper
篡改	tamper, juggle
篡改的	garbled
篮	basket
篮子	basket
篮子编织技艺	basketry
篮板球	rebound
篮球	basketball
篷	sail
篷车	van
簧舌	reed
簪	hairpin
簸	winnow
簿记	bookkeeping
簿记员	bookkeeper
簿记学	bookkeeping
米	rice, meter
米兰达	miranda
米其林	michelin
米切尔	mitchell
米利	milly
米制的	metric
米尔	mir
米尔德里德	mildred
米尔斯	mills
米尔顿	milton
米德尔塞克斯	middlesex
米德尔顿	middleton
米拉	myra
米歇尔	michel, michell
米珠的	measly
米粒状面食	orzo
米色	beige
米莉	millie
米里亚姆	miriam
米饭	rice
类	species, class
类人	humanoid
类人猿	simian
类人猿的	simian
类人的	humanoid
类似	similar
类似事例	similarity
类似于	similarly
类似处	similarity
类似物	analogue
类似的	similar
类似的另一个	another
类别	class
类别的	classificatory
类叶红素	carotenoid
类同	affinity
类同的	analogous
类固醇	steroid, steroids
类型	type, form
类型学	typological, typology
类型学的	typological
类型的	typological
类推	analogical
类推的	analogical
类星体	quasar
类星射电源	quasar
类聚效应	symbiosis
类胡萝卜素	carotenoid
类脂	lipid
类脂物	lipid
类逆戟鲸	orca
类项	category
类风湿病	rheumatoid
类风湿病的	rheumatoid
类鸦片	opioid
类鸦片活性肽	opioid
类鸦片的	opioid
类黄酮	flavonoid
籽	seed
籽苗	seedling
粉	powder
粉刷	stucco
粉刺	acne
粉末	dust, powder
粉沫	flour
粉状	mealy, powdery
粉状的	mealy, powdery
粉的	powdery
粉碎	crush, smash
粉碎机	muller
粉笔	chalk
粉红	pink
粉红的	pink
粉红色	pink
粉蜡笔	pastel
粉蜡笔画	pastel
粉质的	floured
粉饰	colour, color
粉饰灰泥	stucco
粒子	particle
粒子数增加	populated
粒子数增加的	populated
粒状	granular, grainy
粒状的	granular, grainy
粗	grossly
粗体	bold
粗俗	vulgar, coarse
粗俗地	coarsely
粗俗平庸的人	slob
粗俗的	vulgar, coarse
粗制滥造	bungle
粗劣	bungle
粗劣作品	kitsch
粗呢	duffel
粗哑	gruff
粗哑的	gruff
粗壮	thick
粗壮的	thick
粗声	raucous
粗声地	gruffly
粗声的	raucous
粗声粗气地说	rasp
粗大	massively
粗大的一头	butt
粗心	careless, negligent
粗心地	carelessly
粗心大意	negligence, carelessness
粗心大意地	negligently
粗心大意的	reckless
粗心的	careless, negligent
粗暴	rough, roughly
粗暴地	roughly, harshly
粗暴地对付	manhandle
粗暴对待	maltreatment
粗暴的	rough, rude
粗暴的人	roughneck
粗杂	crudely
粗杂地	crudely
粗毛	shag
粗汉	yahoo
粗浓	shaggy
粗浓的	shaggy
粗滤器	strainer
粗率	gruff, brusquely
粗率地	brusquely
粗率的	gruff
粗略	cursory
粗略估计	approximate
粗略的	coarse, cursory
粗短	dumpy
粗短的	dumpy
粗石	rubble
粗石堆	rubble
粗砂石	grit
粗硬	calloused
粗硬的	calloused
粗碎	crushing
粗笨	clunky, lumpy
粗笨的	clunky, lumpy
粗筛	riddle
粗粉	meal
粗粗地修补	cobble
粗糙	rough, harsh
粗糙事物	harshness
粗糙地	roughly, harshly
粗糙度	roughness
粗糙的	rough, harsh
粗糙的东西	rough
粗纱	roving
粗纸板	chipboard
粗纺	rove
粗细	weight
粗绳	rope
粗缝针脚	tack
粗而短	stubby
粗而短的	stubby
粗腐殖质	mor
粗蓝布	dungaree
粗蓝布裤子	dungaree
粗蛮	rudeness
粗话	vulgarity
粗鄙	vulgarity, boorish
粗鄙的	boorish
粗野	insolent, uncouth
粗野的	insolent, uncouth
粗野的人	provincial
粗野行为	vulgarity
粗锉	rasp
粗锉刀	rasp
粗陋	rude, humble
粗陋地	rudely
粗陋的	rude, humble
粗面粉	graham
粗面粉的	graham
粗鲁	gruff, pushy
粗鲁人	savage
粗鲁地	rudely, unceremoniously
粗鲁地处理	tousled
粗鲁悍妇	randy
粗鲁无礼	rude
粗鲁无礼的	rude
粗鲁的	gruff, pushy
粗麻布	burlap, tat
粗齿木锉	grater
粘	sticky, viscous
粘住	stick
粘住的	clingy
粘合	glue
粘合剂	adhesive
粘土	clay
粘度	viscosity
粘性	viscous, viscosity
粘性物	glue, goo
粘性的	viscous
粘果酸浆	tomatillo
粘液	slime, mucous
粘液性	mucous
粘液性的	mucous
粘液的	mucous
粘液质	phlegmatic
粘液质的	phlegmatic
粘痰	phlegm
粘的	sticky, viscous
粘着	adhere, adhesive
粘着的	adhesive
粘稠	viscosity
粘糊糊	slimy, squishy
粘糊糊的	slimy, squishy
粘紧	cling
粘结	felt
粘结剂	binder
粘结性	cohesiveness
粘胶	viscose
粘胶丝	viscose
粘胶的	viscose
粘膜	mucosa
粘膜炎	catarrh
粘膜的	mucosal
粘贴	affix, paste
粘贴簿	album
粘连	blocking
粘附	adhesion
粘鸟胶	lime
粘鸟胶于	lime
粟	millet
粥	porridge
粥样硬化	atherosclerosis
粪	shit, dung
粪便	stool
粪便的	fecal
粪坑	cesspool
粪的	mucky
粪肥	manure
粮秣征收员	forager
粮草	forage
粮食	foodstuff
粮食不足	dearth
粮食部	commissary
精	extractive
精制	refinement, purified
精制的	purified
精制碳酸钙	whiting
精制过的	refined
精力	energy
精力充沛	live
精力充沛地	energetically
精力充沛的	live
精力恢复	restored
精力恢复的	restored
精力旺盛	driving
精力旺盛地	animatedly
精力旺盛的	driving
精力旺盛的人	powerhouse
精华	elite, flower
精子	semen
精密	precision, exact
精密地	critically, minutely
精密的	precision, exact
精密的时钟	chronometer
精密细心	punctilious
精密细心的	punctilious
精密记时计	chronometer
精巧	ingenious, ingenuity
精巧地	skillfully, elaborately
精巧的	ingenious
精巧设计	ingenuity
精度	precision
精彩	wonderfully
精彩地	wonderfully
精彩场面	highlight
精心制作	craft
精心制作的	excruciating
精心策划	orchestrated
精心计划	elaborate
精心计划的	elaborate
精整工	finisher
精明	clever, shrewd
精明地	wisely
精明地处理	engineer
精明干练	shrewdly
精明干练地	shrewdly
精明强干	ably
精明强干地	ably
精明的	clever, shrewd
精明的人	whiz, whizz
精明能干	gumption
精汁	extract
精液	seminal, sperm
精液的	seminal
精湛技巧	virtuosity
精灵	fairy
精炼	fine
精炼业	refiner
精炼厂	refinery
精炼厂炼糖厂	refinery
精炼器	purifier
精炼机	refiner
精炼的	refined
精炼过	rarefied
精炼过的	rarefied
精疲力竭	cooked, spent
精疲力竭的	cooked, spent
精益求精	excelsior
精益求精的	excelsior
精确	exactly, precise
精确地	exactly
精确地找到	pinpoint
精确度	definition
精确的	precise, exact
精确计量	gauge
精神	energy, spirit
精神上	spiritual, moral
精神上的	spiritual, moral
精神不正常	psychosis
精神不集中	absentmindedly
精神不集中地	absentmindedly
精神健全	sanity
精神健全的	sane
精神充沛	peppy
精神充沛的	peppy
精神分析	psychoanalytic, psychoanalysis
精神分析学家	analyst
精神分析家	psychoanalyst
精神分析治疗	psych
精神分析的	psychoanalytic
精神分裂症	schizophrenia, schizophrenic
精神分裂症的	schizophrenic
精神力	mentality
精神勃勃	briskly
精神勃勃地	briskly
精神发泄	catharsis
精神变态	psycho, psychopathic
精神变态的	psycho, psychopathic
精神变态者	psychopathic, psychopath
精神失常	lunacy, madly
精神失常地	madly
精神好	spry
精神好的	spry
精神性	spirituality
精神愉快	euphoria, crispness
精神愉快的	euphoric
精神有点怪	screwball
精神有点怪的	screwball
精神治疗医生	psychotherapist
精神爽快	refreshment
精神疗法	psychotherapy
精神病	mental
精神病医生	psychiatrist
精神病学	psychiatric, psychiatry
精神病学家	psychiatrist
精神病学的	psychiatric
精神病患者	mental
精神病治疗	psychiatry
精神病理学	psychopathology
精神病的	mental
精神病院	madhouse, bedlam
精神的	psychic, ghostly
精神的高涨	uplift
精神神经病	psycho
精神神经病的	psycho
精神语言的	psycholinguistic
精神迟缓	backwardness
精神重振	revival
精神错乱	delirium, deranged
精神错乱地	insanely
精神错乱的	deranged, demented
精神食粮	manna
精神饱满	freshly, freshen
精神饱满的	bouncy
精简	compaction
精纺	worsted
精纺毛纱	worsted
精纺毛织物	worsted
精纺的	worsted
精练	proficiency, refinement
精练地	tersely
精练过的	refined
精细	elaborate, subtle
精细地	subtly
精细检查	overhaul
精细的	elaborate, subtle
精美	fancy
精美的	fancy
精美的食品	delicacy
精致	exquisite, refinement
精致地	delicately
精致的	exquisite
精良	polished
精良的	polished
精英主义	elitism
精英领导阶级	meritocracy
精萃	select
精萃的	quintessential
精虫	sperm
精装书	hardcover
精装本	hardback
精读	con, peruse
精选	pick, choice
精选品	choice, selection
精选的	choice
精选集	omnibus
精通	master, proficiency
精通文学	literary, literacy
精通文学的	literary
精通海事者	seaman
精通的	proficient
精锐	elite
精馏	rectify
精髓	kernel, quintessential
精髓的	quintessential
糁散器	dredger
糊	porridge
糊剂	magma, pasta
糊涂	mix, silly
糊涂事	stupidity
糊涂人	duffer
糊涂的	silly
糊涂话	drivel
糊状	soupy
糊状物	mash
糊状的	soupy
糊里糊涂	befuddled
糊里糊涂的	befuddled
糕点	cookie
糕饼	meringue
糕饼制造业	confectionery
糖	sugar
糖一般	sugary
糖一般的	sugary
糖元	glycogen
糖制	candied
糖制的	candied
糖原	glycogen
糖块	sugar
糖尿病	diabetes
糖尿病患者	diabetic
糖尿病的	diabetic
糖果	sweet, candy
糖果制造人	confectioner
糖果制造工	confectioner
糖果店	confectionery, confectioner
糖浆	syrup
糖浆剂	syrup
糖浆状	syrupy
糖浆状的	syrupy
糖浆的	syrupy
糖类	carbohydrate
糖膏	confection
糖色	caramel
糖蒿	celery
糖蔗	sugarcane
糖蛋白	glycoprotein
糖蜜	molasses, treacle
糖衣	ice, icing
糖食店	confectionery
糙面	exasperate
糙面的	exasperate
糟了	damnation
糟粕	scum
糟蹋	mar, prostitution
糟透	abject
糟透的	abject
糠	bran, chaff
系	department, tie
系上腰带	sash
系以脚带	jess
系住	moor
系列	series, spectrum
系带	bridle
系带子	lace
系数	factor
系泊	mooring
系留	mooring
系的	systematic
系紧	grapple
系结物	fastening
系统	system
系统化	systematize
系统发育	phylogenetic
系统发育的	phylogenetic
系统地	scientifically
系统学	systematics
系统的	scientific
系统陈述	formulation
系统颠簸	thrashing
系绳	tether
系综	ensemble
系缆墩	cleat
系船柱	bollard
系谱	genealogy
系谱的	genealogical
系钩线	snell
系链	tether
系马于	horse
紊乱	turbulent, inordinate
紊乱地	inordinately
紊乱的	turbulent, inordinate
紊流	turbulence
素因	disposition, predisposition
素坯	biscuit
素描	sketch
素描簿	sketchbook
素材	material
素瓷	bisque
素质	predisposition
素雅	restful
素雅的	restful
素食	vegetarian
素食主义	vegetarianism
素食的	vegetarian
素食者	vegetarian, veggie
素馨属植物	jasmine
索	rope, cord
索价过高	overpriced
索具	rigging
索尔	saul
索尔兹伯里市	salisbury
索尼	sony
索尼亚	sonia
索引	reference, index
索环	becket, grommet
索菲	sophie
索菲娅	sophia
索赔人	claimant
索非亚	sofia
索高价	holdup
紧	fast, tight
紧凑	compact
紧凑的	compact
紧压的感觉	constriction
紧固件	fastening
紧固器	spanner
紧固扳手	spanner
紧固零件	fastener
紧密	compact
紧密地	snugly
紧密的	compact
紧密行进步伐	lockstep
紧密配合	mate
紧带	bandage
紧度	tightness
紧张	tension, strain
紧张不安	fluster
紧张地	tensely
紧张性刺激	stressor
紧张症	catatonic
紧张症患者	catatonic
紧张症的	catatonic
紧张的	intense, tense
紧急	urgent, instant
紧急之事	urgency
紧急事件	emergency
紧急地	urgently
紧急情况	emergency
紧急政策	brinkmanship
紧急状况	emergency
紧急的	urgent, instant
紧急需要	emergency
紧抱	press, hug
紧拉	strain
紧接着	upon
紧握	squeeze, grip
紧握住	cinch
紧握的	tenacious
紧的	fast, tight
紧窄感	constriction
紧紧	fast, tight
紧紧地	fast, tight
紧紧跟随	tag
紧缚	brace
紧缩	retrenchment, retrench
紧缩的	succinct
紧要	vitally
紧要关头	crisis
紧要地	vitally
紧贴	cling
紧贴于	moulded
紧贴的	clingy
紧身	tighter
紧身的	tighter
紧身衣	straitjacket, leotard
紧身衣裤	tights
紧身褡	corset
紧身马褂	mandarin
紧身马褂的	mandarin
紧迫	hot, stress
紧迫地	hot
紧迫的	pressing
紧钳	clincher
紧随	heel
紧靠比赛场	ringside
紧靠比赛场的	ringside
紫外线	ultraviolet
紫外线的	ultraviolet
紫外线防护霜	sunblock
紫晶	amethyst
紫杉	yew
紫水晶	amethyst
紫石英	amethyst
紫罗兰	violet
紫罗兰色	violet
紫罗兰色的	violet
紫胶	lac
紫色	purple
紫色的	purple
紫苑属植物	aster
紫苜蓿	alfalfa
紫蓝色宝石	amethyst
累	tiredly
累人	tiresome
累人的	tiresome
累加	cumulatively
累加器	accumulator
累及	involve
累地	tiredly
累犯	recidivism
累积	pile, cumulative
累积的	cumulative
累计	accumulated
累计的	accumulated
累赘	redundancy, burdensome
累赘的	burdensome, cumbersome
累进	progressive
累进的	progressive
絮叨	iterative
絮叨的	iterative
絮絮不休地说	din
繁乱的	tangled
繁忙	pressed
繁忙的	pressed
繁殖	increase, reproduce
繁殖的	prolific
繁盛	prosperous
繁盛的	prosperous
繁茂	exuberant, luxuriant
繁茂的	exuberant, luxuriant
繁荣	boom, thrive
繁荣的	prosperous
繁重	onerous, taxing
繁重的	onerous, taxing
纂改	distort
纠正	redress, corrective
纠正性说明	reinterpretation
纠正的	corrective
纠纷	bother
纠结的一团	tangle
纠缠	knot, badger
纠缠于	entangled
纠缠在一起	mat
纠缠的	tangled
纠缠的一团	ravel
纠缠者	limpet
纠葛	litigation, imbroglio
纡曲的	tortuous, sinuous
红	red
红光焕发	glow
红利	bonus, melon
红发的人	redhead
红向移动	redshift
红外线	infrared
红外线的	infrared
红大马哈鱼	sockeye
红字标题	rubric
红宝石	ruby
红宝石色	ruby
红宝石色的	ruby
红斑	erythema
红木	rosewood
红杉	redwood, sequoia
红树	redwood
红树属树木	mangrove
红核的	rubric
红椒色	paprika
红润	ruddy, florid
红润的	ruddy, florid
红灯笼辣椒	paprika
红烧	teriyaki
红烧的	teriyaki
红猫	bobcat
红的	red
红眼鱼	rudd
红移	redshift
红粉笔	sanguine
红细胞的	globular
红肿	red
红肿的	red
红脖子	redneck
红脚鹬	redshank
红色	red
红色印刷	rubric
红色的	red
红花草	clover
红葡萄酒	claret
红衣	scarlet
红衣主教	cardinal
红衣主教会议	congregation
红衣主教团	conclave
红褐色	mahogany, russet
红褐色的	russet
红辣椒	chilli
红醋药	currant
红锆石	hyacinth
红隼	kestrel
红颜料	red
红鹤	flamingo
纤小	miniature
纤小的	miniature
纤弱	slender
纤弱的	slender
纤技术	nanotechnology
纤溶酶原	plasminogen
纤细	slight
纤细的	slight
纤细的东西	wisp
纤维	fiber, fibre
纤维制品	fiber, fibre
纤维化	fibrosis
纤维变性	fibrosis
纤维性	fibrous, fibroid
纤维性的	fibrous, fibroid
纤维性颤动	fibrillation
纤维状	fibroid
纤维状的	fibroid
纤维瘤	fibroid
纤维的	fibrous, stringy
纤维素	cellulose
纤维肌痛	fibromyalgia
纤维胶	viscose
纤路	towpath
约会	date, appointment
约会地点	rendezvous
约克斯集团	yorks
约克王朝	york
约克郡	york
约好	promissory
约好的	promissory
约定	promise, conventional
约定支付	promissory
约定支付的	promissory
约定的	conventional
约定的事情	promise
约拿	jonah
约旦	jordan
约旦河	jordan
约束	bind, constraint
约束不住	irrepressible
约束不住的	irrepressible
约束力	capability
约束性义务	mortgage
约束的	restrictive, stringent
约束行动	inhibited
约束行动的	inhibited
约束衣	camisole
约瑟	jose
约瑟芬	josephine
约翰	johann, johan
约翰卫斯理	wesleyan
约翰卫斯理的	wesleyan
约翰娜	johanna
约翰斯	johns
约翰斯顿	johnston
约翰逊	johnson
级数	progression
级联	cascade
级长	monitor
纨绔子	johnnie
纨绔子弟	buck, dude
纪元	era
纪律	discipline
纪律的	disciplinary
纪念	commemorate, commemorative
纪念品	souvenir
纪念物	memorial, monument
纪念的	commemorative
纪念碑	monument, monumental
纪念碑的	monumental
纬度	latitude
纬纱	tram
纯	pure
纯一性	homogeneity
纯一的	homogeneous
纯净	pure, purity
纯净化	sublimate
纯净化的	sublimate
纯净的	pure
纯化	purification, sublime
纯化的	rarefied
纯度	purity
纯度检验证明	hallmark
纯朴	rustic
纯朴的	rustic
纯概念性	intelligible
纯概念性的	intelligible
纯正	purity, rectitude
纯洁	white
纯洁地	innocently
纯洁的	white
纯理性	rationality
纯理论	rationalism
纯理论家	doctrinaire
纯理论者	rationalist
纯白色	lily
纯白色的	lily
纯的	pure
纯真	naive
纯真的	naive
纯碱	soda
纯种	purebred
纯种动物	purebred
纯种的	purebred
纯粹	purely, sheer
纯粹主义者	purist
纯粹哲学	metaphysical
纯粹哲学的	metaphysical
纯粹地	purely
纯粹的	sheer
纯系	clon
纯系的	homogenous
纯经济的	dollar
纯量	scalar
纯金	bullion
纱	yarn
纱似	gauzy
纱似的	gauzy
纱布	gauze
纱线	yarn
纱锭	spindle
纲要	compendium
纲领	creed
纲领性	programmatic
纲领性的	programmatic
纳丁	nadine
纳什	nash
纳塔利	natalie
纳撒尼尔	nathaniel
纳旁	napalm
纳瓦霍人	navajo
纳秒	ns, nanosecond
纳税	taxation
纳税义务人	taxpayer
纳税人	taxpayer
纳米	nanometer
纳米技术	nanotechnology
纳米粒	nanoparticle
纳粹秘密警察	gestapo
纳贡	tributary
纳贡的	tributary
纳贡者	tributary
纵	longitudinal
纵倾	trimmed
纵倾的	trimmed
纵切	slit
纵向	portrait
纵容	indulgent, connive
纵容地	indulgently
纵容的	indulgent, permissive
纵帆前缘帆环	hanks
纵帆船	schooner
纵情	riot
纵情于	indulge
纵情享乐者	rioter
纵排	tandem
纵排地	tandem
纵排的	tandem
纵梁	stringer
纵横填字字谜	crossword
纵横填字游戏	crossword
纵横组字	crossword
纵欲	lecherous
纵欲的	lecherous
纵火	arson
纵火犯	arsonist
纵火犯人	incendiary
纵火罪	arson
纵然	though
纵的	longitudinal
纵聚合	paradigmatic
纵聚合的	paradigmatic
纵裂	slit
纵览	survey
纵酒宴乐	orgy
纵长	lengthwise
纵长地	lengthwise
纵长的	lengthwise
纵队	column
纷乱	intricacy, imbroglio
纷乱的	tumultuous
纷争	dissension
纷扰	ado, fracas
纸	paper
纸团	spitball
纸币	soft, william
纸张	sheet
纸条	scrip
纸板火柴	matchbook
纸板箱	carton
纸浆	pulp
纸烟	cigarette
纸片	scrip
纸牌	card
纸牌戏	poker
纸牌背面图案	deck
纸草	papyrus
纸蝶	butterfly
纸面本	paperback
纸风车	pinwheel
纹	stripe
纹理	vein, texture
纹章	armory, heraldic
纹章学	armory, heraldic
纹章学的	heraldic
纹章的	heraldic
纺	spin
纺丝	spinning
纺成	spun
纺成的	spun
纺纱	spin, spinning
纺纱工人	spinner
纺纱机	jenny
纺织	spin, weave
纺织业	textile
纺织品	textile
纺织的	textile
纺车	reel
纺锤	spindle
纺锤形	spindly
纺锤形的	spindly
纽卡斯尔	newcastle
纽厄尔	newell
纽带	ligament
纽波特	newport
纽瓦克市	newark
纽芬兰拾貘	labrador
线	line
线务员	lineman
线团	skein
线圈	coil
线头	thrum
线性	linear, linearity
线条明快	sleek
线条明快的	sleek
线状	linear
线状的	linear
线的	linear
线粒体	mitochondria
线粒体的	mitochondrial
线索	clue, cue
线虫	nematode
线虫纲	nematode
线虫纲的	nematode
线规	gauge
线路	circuit
线路中断器	tiebreaker
线路保养工	linesman
线路工人	lineman
线路接口单元	liu
线轴	spool, bobbin
线锯	jigsaw
练习	practice, exercise
练习剑术	fence
练习当替角	understudy
练习曲	etude
练声	vocalize
组	group, team
组件	module, component
组份	builder
组合	set, scheme
组合主义者	corporatist
组合图	combination
组合式家具	sectional
组合格子	lattice
组合的	complex
组员	crewmember
组塑	altarpiece
组成	form, consist
组成一对	partner
组成代谢的	anabolic
组成公司	incorporate
组成公司的	incorporate
组成块	blocking
组成的	component
组成者	framer
组氨酸	his
组织	organization, structure
组织上	textural
组织上的	textural
组织再生	reorganization
组织变形	metaplasia
组织学	histology, histologic
组织学的	histological
组织导体	organizer
组织成工会	unionized
组织成工会的	unionized
组织机构的	institutional
组织的	organic, constituent
组织的破坏	disorganization
组织缜密	articulated
组织缜密的	articulated
组织者	organizer, organiser
组织联盟	confederation
组织起来	organize
组织起来的	organized, organised
组编成团	regiment
组联盟	league
组胺	histamine
组装	packaging
组装工厂	maquiladora
组间关联	intercorrelation
绅士	gentleman
绅士们	gentility
绅士派头	gentlemanly
绅士派头的	gentlemanly
绅士的	gentlemanly
细	thin
细丝	filament
细分	subdivision, subdivide
细切	fritter
细则	bylaw
细刨花	excelsior
细咬	nibble
细察	analyse, analyze
细小	niggling
细小的	niggling
细工木匠	joiner, cabinetmaker
细微	mite, wispy
细微差别	nuance
细微的	wispy
细微的区别	hairline
细心	circumspect, scrupulous
细心的	circumspect, scrupulous
细想	chew, pore
细支气管	bronchial
细木工做	cabinet
细木工做的	cabinet
细木工家具	cabinetry
细木工技术	joinery
细木工活	joinery
细木工行业	joinery
细木梗	splint
细条纹	pinstripe
细条纹布料	pinstripe
细枝	twig
细查	canvass
细标线	hairline
细毛	nap, fuzz
细流	trickle
细煤	duff
细片	shred, fritter
细的	thin
细的喷流	spritz
细目	enumeration
细看	scrutiny, scan
细筛	lawn
细粒	granule, granulated
细粒的	granulated
细粒透镜	corning
细线	filament
细线电缆	slimline
细细地流	trickle
细细地看	scrutinise
细绳	string
细缝	hairline
细胞	cell
细胞内	intracellular
细胞内的	intracellular
细胞分裂	segmentation
细胞活素	cytokine
细胞溶解	lysis
细胞的	cellular
细胞质	cytoplasmic, cytoplasm
细胞质的	cytoplasmic
细腻	exquisite
细腻的	exquisite
细致	meticulously
细致优雅	delicate
细致优雅的	delicate
细致地	meticulously
细节	detail
细菌	bacteria, bacterium
细菌培养器	incubator
细菌学	bacteriological
细菌学上	bacteriological
细菌学上的	bacteriological
细菌学家	bacteriological
细菌学的	bacteriological
细菌学者	bacteriological
细菌的	bacterial
细薄的	tenuous
细读	perusal
细软	delicacy
细长	spindly
细长孔	slot
细长的	spindly
细长的茎	cane
细长足	spidery
细长足的	spidery
细阅	scrutinize
细雨	drizzle
细颈瓶	flask
细香葱	chive
细骨料	fines
细鳞大马哈鱼	humpback
织	textile
织入松紧带	elasticated
织入松紧带的	elasticated
织动	weaving
织品	cloth
织女星	vega
织工	weaver
织布机	loom
织布者	weaver
织法	weave
织物	fabric
织的	textile
织结	matted
织结的	matted
织蜘蛛网于	web
织补	darn
织进	interweave
织锦	brocade
终了	cease, ending
终于	finally, eventually
终于的	eventual
终场	denouement
终曲	finale
终极	final, ultimate
终极的	final, supreme
终止	end
终点	end, goal
终点的	terminal
终点站	terminus
终生	lifetime
终生的	lifetime
终究	ultimately
终端	terminal
终端机	terminal
终端设备	terminal
终端适配器	ta
终结	end
终结器	terminator
终结性言行	finality
终结点	endpoint
终结者	terminator
终结部分	teste
终身	lifelong
终身年金	perpetuity
终身的	lifelong
终身职位	perpetuity
绉丝	crepe
绉叶石蛇床	parsley
绉呢	crepe
绉条纹薄织物	seersucker
绉绸	crepe
绉褶多	crinkly
绉褶多的	crinkly
绊倒	trip, stumble
绊跌者	tripper
经	by
经久不衰	unfailing, unfailingly
经久不衰地	unfailingly
经久不衰的	unfailing
经估价	valued
经估价的	valued
经典	classical
经典的	classical
经切割	cut
经切割的	cut
经办者	arranger
经加工	process
经加工的	process
经历	experience, live
经受	undergo, abide
经受过考验	tested
经受过考验的	tested
经商	trade
经商者	businesswoman
经常	regular, frequently
经常乘车来往	commute
经常地	regular, frequently
经常开支	overhead
经常往来	commuting
经常无故缺席	absenteeism
经常的	standing
经度	longitude, longitudinal
经度的	longitudinal
经得起	withstand
经指导	directed
经指导的	directed
经授权	authorized
经授权的	authorized
经济	economy
经济上	economic
经济上的	economic
经济上的困窘	involvement
经济学	economics
经济学家	economist
经济学者	economist
经济家	economist
经济的	economic
经理	manager
经由	via
经由陆路	overland
经由陆路地	overland
经由陆路的	overland
经纪业	brokerage, broking
经纪人	operator, broker
经线	longitude, longitudinal
经线的	longitudinal
经营	management
经营上的	managerial
经营保险业	underwrite
经营大牧场	ranching
经营术	showmanship
经营牧场	ranch
经营的	working
经营行为	dealing
经认可	authorized
经认可的	authorized
经费	spending
经过	by
经过布置	upholstered
经过布置的	upholstered
经过检验	approved
经过检验的	approved
经过渲染	coloured
经过渲染的	coloured
经过的	passing
经过试验	tested
经过试验的	tested
经过陆地	overland
经过陆地的	overland
经过验证	recognized, validated
经过验证的	recognized, validated
经鉴定	identified
经鉴定的	identified
经销商	agency, dealer
经销权	dealership
经院哲学家	scholastic
经雕琢的宝石	gemstone
经预先计划的	premeditated
经验	experience
经验上	experiential
经验上的	experiential
经验丰富	veteran, seasoned
经验丰富的	veteran, seasoned
经验主义	empirical
经验主义的	empirical
经验主义者	empiricist
经验医学	empiricism
经验定	tested
经验定的	tested
经验的	experiential
经验论	empiricism
经验论者	empiricist
绑	bind
绑定	bind
绑扎法	strapping
绑架	kidnap, abduct
绑架者	kidnapper, abductor
绑腿	legging
绒布	lint
绒毛	wool, fuzz
绒毛状的	fluffy
绒毛的	downy
绒线	worsted
绒线的	worsted
绒绣	tapestry
绒面革	suede
绒鸭	eider
绒鸭绒	eider
结	knot
结为密友	chum
结了婚的	married
结予惩处的	punitive
结交	consort
结交名流	lionize
结亲	spousal, conjugate
结伴	mate, pal
结党	clique
结冰	ice, freeze
结冻	jelly
结出余额	balancing
结合	join, couple
结合体	coalition
结合地	coherently
结合的	combined, associative
结块	cake, lump
结壳	encrust
结婚	marry, marriage
结婚前的	prenuptial
结婚生活	wedlock
结婚的	spousal
结婚纪念日	wedding
结实	seed, stout
结实的	stout, burly
结尾	conclusion
结尾段	coda
结尾警语	punchline
结局	final
结巴	stammer
结帐	clearing
结帐台	checkout
结带	ligament
结带子	lace
结彩于	festoon
结成一伙	gang
结扎	ligation
结扎工	fastener
结晶	crystal, crystallize
结晶为砂糖	candy
结晶的	crystallized
结束	over, out
结束剂	finisher
结束命令	bye
结束器	finisher
结束的	out
结构	structure, organization
结构上	anatomically, anatomic
结构上的	anatomic
结构主义	structuralism
结构主义者	structuralist
结构地	structurally
结构的	structural
结构破坏	disorganization
结构符	constructor
结构语言学家	structuralist
结果	effect, result
结果实	bear
结果实的	fruitful
结果的	resultant
结果良好	successfully
结点	node
结球果	coniferous
结球果的	coniferous
结疤	scar
结痂	scab
结盟	ally, alignment
结石	calculus
结硬皮	crust
结穗	head
结算	clearing
结算员	settler
结籽	seedy, corned
结籽的	seedy, corned
结结巴巴	stutter
结结巴巴地讲	sputter, splatter
结结巴巴地说	stutter, stammer
结网	web
结肠	colon, colonic
结肠炎	colitis
结肠的	colonic
结肠直肠	colorectal
结肠直肠的	colorectal
结肠镜检查	colonoscopy
结节	node, tuber
结节的	nodal
结论	conclusion
结语	epilogue
结豆荚	pod
结过帐的	settled
结队	troop
结队商贩	caravan
结霜	frost
结霜的	frosted
结露水	dew
绕	roll, winding
绕回	retrace
绕接	wrapping
绕绳下降	rappel
绕行	circumvent, circuitous
绕行的	circuitous
绕路	detour
绕过	round, skirt
绕道	detour
绗缝过	quilted
绗缝过的	quilted
绘	paint
绘图	plot, drawing
绘图仪	plotter
绘图员	plotter, draftsman
绘画	painting, paint
绘画似	graphic
绘画似的	graphic
绘画作品	paint
绘画的	pictorial
绘画的技巧	brushstroke
给	give
给与	accord
给与动机	motivate
给与名称	entitled
给与名称的	entitled
给与安慰	solace
给与惩罚的人	nemesis
给与报酬	remunerate
给予	offer, award
给予优先权	prefer
给予保护	protective
给予保护的	protective
给予名称	entitle
给予帮助	administer
给予物	giving
给予生机	organize, organise
给予者	giver
给予补偿	render
给于	render
给人休息	restful
给人休息的	restful
给人印象	impress
给以机会	permit
给以特权	franchise
给体	donor
给养	catering
给原纱染色	ingrain
给墨水弄污	inky
给墨水弄污的	inky
给安排住处	billeting
给文章加标点	punctuate
给料器	feeder
给水栓	hydrant
给船装帆	rig
给药	administration, dose
给裹上糖屑	crystallise
给造屋脊	hip
给马上嚼子	bit
绚丽	flowery
绚丽的	flowery
绚烂	colorfully
绚烂地	colorfully
络合物	complex
络合物形成	ligation
络腮胡子	burns
绝壁	cliff, bluff
绝好	fab
绝好的	fab
绝妙	marvellously, stunningly
绝妙地	marvellously, stunningly
绝妙的	scrumptious
绝妙的东西	stunner
绝对	absolutely, absolute
绝对不败	invincibility
绝对主义	absolutism
绝对主义者	absolutist
绝对事物	absolute
绝对可靠	infallible
绝对可靠性	infallibility
绝对可靠的	infallible
绝对地	absolutely, thoroughly
绝对必要	indispensable
绝对必要的	indispensable
绝对戒酒	teetotal
绝对戒酒主义	teetotal
绝对戒酒的	teetotal
绝对权	imperium
绝对的	absolute, sheer
绝对素食者	vegan
绝技	stunt
绝无错误	infallible, infallibility
绝无错误的	infallible
绝望	despair, desperately
绝望地	desperately, hopelessly
绝望无助	abject
绝望无助的	abject
绝望的	hopeless
绝经	menopause
绝经期	menopause
绝经的	menopausal
绝缘	insulation
绝缘体	insulator
绝缘器	insulator
绝缘子	insulator
绝缘的	isolated
绝育	sterilize, sterilisation
绝非	no
绝食	fast
绞	wring
绞刑	gallows, gibbet
绞刑台	scaffold
绞刑吏	hangman
绞刑架	gallows
绞台	gallows
绞扭的人	wringer
绞拧机	wringer
绞杀	hanging
绞架	gallows
绞死	strangulation, hanging
绞痛	colic, angina
绞盘	hauler
绞碎	minced
绞窄	strangulation
绞索	halter
绞缠	kink
绞车	winch
绞首台	gibbet
统一	uniform, unite
统一性	oneness
统一的	uniform, united
统制	regulatory
统制的	regulatory
统治	rule, king
统治上	governmental
统治上的	governmental
统治权	mastery, sovereignty
统治的	reigning, ruling
统治者	lord
统治者的	gubernatorial
统率	marshal
统筹的	integrated
统统	wholly
统统地	wholly
统计	statistical
统计上	statistical
统计上的	statistical
统计信息	statistics
统计员	statistician
统计图表	pictograph
统计学	statistics, statistical
统计学上	statistically
统计学家	statistician
统计学的	statistical
统计家	statistician
统计的	statistical
统计资料	statistics
统计量	statistic
统辖	preside, governance
绣球花	hydrangea
绣球花属	hydrangea
绣花	embroider
绣花样	clock
绣花的	embroidered
绣花边花	clock
绥靖	pacify, pacification
继位	succession
继兄弟	stepbrother
继子	stepson
继承	succeed, successive
继承人	heir
继承权	succession
继承权的	inherited
继承物	heritage
继承的	successive
继承者	successor
继母	stepmother, stepparent
继父	stepfather, stepparent
继续	continue
继续不断	keep
继续地	sequentially
继续存在的	surviving
继续工作	endure
继续的	continuous, sequential
继续进行	proceed
继起	ensue
绩效	performance
绪言	preface
续发事件	sequence
续集	continuation, sequel
绮靡	baroque
绮靡的	baroque
绯红色	scarlet
绯红色的	scarlet
绰号	nickname, surname
绳	line
绳的	stringy
绳索	cord
绳绒线	chenille
绳绒线织物	chenille
绳针	toggle
维也纳	viennese
维也纳人	viennese
维也纳人的	viennese
维也纳式	viennese
维也纳式的	viennese
维也纳的	viennese
维修	service
维修人员	serviceman
维修指南	pathfinder
维修费	upkeep
维加斯	vegas
维可牢	velcro
维吉尔	virgil
维基百科	wiki
维多利亚	victoria
维姬	vicky
维尔格铬镍钨	virgo
维尔纳	werner
维尼	winnie
维希	vichy
维护	maintenance
维护和平的	peacekeeping
维护治安	policing
维持	keep, last
维持治安	police
维持费	alimony
维持防护	retaining
维数	dimensionality
维氏硬度计	vickers
维生素	vitamin
维管	vascular
维管的	vascular
维维安	vivian
维罗那	verona
绵延难治的	inveterate
绵羊毛皮	sheepskin
绷带	bandage
绷带用麻布	lint
绷着脸	scowl, sullenly
绷紧	tighten
绸	silk
绸制	silken
绸制的	silken
绸缎做	satin
绸缎做的	satin
绸缎商人	mercer
绸锻类	silk
综合	integrate, integrated
综合之人	integrator
综合体	complex
综合地处理	synthesise
综合征	syndrome
综合性	omnibus, comprehensiveness
综合性的	omnibus
综合的	integrated, comprehensive
综合者	synthesizer, synth
综述	roundup
绿内障	glaucoma
绿叶	greenery
绿头鸭	mallard
绿头鸭肉	mallard
绿宝石	emerald, beryl
绿廊	pergola
绿松石	turquoise
绿松石色	turquoise
绿林	greenwood
绿柱石	beryl
绿树	greenery
绿洲	oasis
绿玉	beryl
绿皮苹果	greening
绿背动物	greenback
绿色	green
绿色和平组织	greenpeace
绿色地带	greenbelt
绿色的	green
绿色颜料	green
绿豆	gram
绿锈	patina
绿鳕	pollack
缀字课本	speller
缀缝熔接	stitching
缄默	tacit, hush
缄默的	tacit
缆	cable
缆拉渡船	pont
缉捕罪犯的人	terrier
缎子	satin
缎子一般	satin
缎子一般的	satin
缎子似	satiny
缎子似的	satiny
缎带	ribbon, lace
缓冲	buffer, cushion
缓冲作用	amortization
缓冲剂	cushioning
缓冲区	buffer
缓冲器	buffer, bumper
缓减	relief
缓刑	reprieve
缓刑令	reprieve
缓刑的	probationary
缓办	postpone
缓和	season, relax
缓和物	palliative
缓和的	mild, palliative
缓役	deferral
缓慢	slow
缓慢地	slack
缓慢地打发	snail
缓慢的	slow
缓慢移动	snail
缓慢走	pace
缓期	suspended
缓期执行	respite, reprieve
缓期的	suspended
缓泻药	laxative
缓缓	easy
缓缓的	easy
缓缓移动	edge
缓缓而行	lag
缓缴税款	holdover
缓聚作用	retardation
缓行漫步	amble
缓解	remit, appease
缓解的	soothing
缓靖	pacification
缔约的	contracting
缔结	conclusion
缔结盟约	covenant
缔造者	architect
编书谋利者	bookmaker
编入	incorporation
编入目录	catalogue
编入索引	indexed
编入索引中	index
编入索引的	indexed
编入预算	budget
编写	compose
编写剧本	dramatize
编制的	organizational
编制目录	schedule
编制程序	programming
编制者	organizer
编剧	dramatization, scriptwriter
编剧家	screenwriter
编史	historiography
编号	numbered, codification
编号方式	numbering
编号的	numbered
编址	addressed
编址的	addressed
编年史	chronicle, annal
编年的	chronological
编成法典	codify
编成班	squad
编成辫	braid
编排	weave
编条	wattle
编校	edit
编档	filing
编法	weave
编目	catalog
编目录	catalog
编码	encode, coded
编码员	coder
编码器	coder
编码的	coded
编程序	program, programme
编管弦乐曲	orchestrate
编纂	compile, compilation
编织	knit, weave
编织工人	knitter
编织式样	weave
编织机	knitter
编结	knitting
编结者	knitter
编者	editor
编表	listing
编译	compile
编译码器	codex
编译程序	compiler
编辑	editor, edit
编辑器	editor
编辑工作	editorship
编辑物	compilation
编辑的	editorial
编辑的职位	editorship
编辑者	compiler, bookmaker
编辫子	braided
编辫子的	braided
编造	fictional, fictitious
编造的	fictional, fictitious
编队	formation
编页码	folio
编预算	budget
编饰	twine
缘故	sake
缘的	marginal
缚	rope
缚住	cable
缚扎用的绳索	whipping
缝	stitch, sew
缝上袖子	sleeve
缝以补裆	gore
缝制	tailor
缝制品	sewing
缝合	stitch, seam
缝合处	suture
缝合线	seam
缝工	sartorial
缝工的	sartorial
缝拢了	quilted
缝拢了的	quilted
缝纫	needle, sew
缝纫机	seamer
缝被子	quilt
缝被子的人	quilter
缝褶	tuck
缝褶裥	tuck
缝边	hem
缝隙	gap
缟玛瑙	onyx
缠住	entwine, tangle
缠线板	bobbin
缠线框	spool
缠线管	bobbin
缠结	tangle, intricate
缠结在一起	intertwined
缠结的	intricate
缠绕	wrap, twist
缠绕在线轴上	spool
缠绕机	twister
缠绕物	entanglement
缠绕者	twister
缠腰带	loincloth
缨	tassel
缩	reef
缩写	abbreviate, abbreviation
缩写式	contraction
缩写的	abbreviated
缩写者	condenser
缩写词	abbreviation
缩减	cut
缩减的	cut
缩减者	reducer
缩合	condensation
缩回	retract
缩图	miniature
缩孔	sinkhole
缩小	reduce
缩小外部尺寸	downsized
缩小尺寸	downsize
缩小性	narrowing
缩小的	shrunken
缩帆	reef
缩影	reduction
缩影胶卷	microfilm
缩微平片	microfiche
缩微拍摄	microfilm
缩微胶卷	microfilm
缩微胶片	microfilm
缩拢	purse, tuck
缩排	indent, indentation
缩放比例	magnification
缩氨酸	peptide
缩略	tabloid
缩略的	tabloid
缩着	crouch
缩短	telescope, shorten
缩短了	truncate, truncated
缩短了的	truncate, truncated
缩窄	constriction
缩窄器	constrictor
缩紧	scrunch, scrumptious
缩紧的	scrumptious
缩肌	constrictor
缩进	retraction, indentation
缬草	valerian
缬草属植物	valerian
缭绕	wreathe
缰绳	rein
缴什一税	tithe
缴纳	club
缸	urn
缺	minus
缺乏	want, need
缺乏兴趣	apathetic
缺乏兴趣的	apathetic
缺乏创见	uninspired
缺乏创见的	uninspired
缺乏变化	monotony
缺乏地	scantily
缺乏幽默感	humourless, humorless
缺乏幽默感的	humourless, humorless
缺乏想象力	unimaginative
缺乏想象力的	unimaginative
缺乏感情	apathetic
缺乏感情的	apathetic
缺乏抵抗力的	compromised
缺乏热情	stolid, impassively
缺乏热情的	stolid, unenthusiastic
缺乏理解	incomprehension
缺乏的	absent, scarce
缺乏社经验	gauche
缺乏社经验的	gauche
缺乏纪律的	undisciplined
缺乏自信	diffidently
缺乏自信地	diffidently
缺勤者	absentee
缺口	gap, nick
缺失	depletion, deletion
缺少	want
缺少植被	bleakness
缺少的	bare, missing
缺少经验	uninitiated
缺少经验的	uninitiated
缺少量	wantage
缺少颜色	bleakness
缺席	absence, absent
缺席的	absent
缺席者	absentee
缺德	wicked
缺德的	wicked
缺损	defect
缺点	disadvantage, defect
缺点多的	faulty
缺点的	vicious
缺省值	default
缺肢	amelia
缺陷	limitation
缺额	shortage
罂粟	poppy
罐	pot, kettle
罐头	can
罐头制造	canning
罐头厂	cannery
罐头工厂	cannery
罐头猪肉	spam
罐头的	canned
罐头食品工人	packer
罐装	canned, potted
罐装的	canned, potted
网	net, web
网丝	mesh
网关	gateway
网孔	mesh
网拍式墙球	racquet
网控空间	cyberspace
网格	grid
网桥	bridge
网状	webbed
网状物	network, net
网状的	webbed
网球	tennis
网眼	mesh
网站	website
网纹板	checkered
网络	network
网络命令	finger
网络摄像头	webcam
网络日志	blog
网络的布局	topology
网路	mains
网路的	networked
网际网络	internet
网鱼	netting
罕有	rare, rarely
罕有地	rarely
罕有的	rare
罕见	unusual, peculiar
罕见例子	marvel
罕见地	uncommonly
罕见的	unusual, peculiar
罗	rowe
罗丝	ross
罗伊	roy
罗伊斯	royce
罗伯塔	roberta
罗伯森	robertson
罗伯茨	roberts
罗兰	roland, rowland
罗兹岛	rhodes
罗兹市	rhodes
罗利	raleigh, rowley
罗勒	basil
罗勒属植物	basil
罗嗦	verbiage
罗妮	ronnie
罗宋汤	borscht
罗宾斯	robins
罗宾逊	robinson
罗尼	ronnie
罗得西亚人	rhodesian
罗德尼	rodney
罗德岛	rhode
罗斯	roth
罗晃子	tamarind
罗望子	tamarind
罗望子的果实	tamarind
罗杰斯	rogers, rodgers
罗林斯	rawlings
罗比	robbie
罗特韦尔犬	rottweiler
罗琳	lorraine
罗纳德	ronald
罗纹机	ribber
罗网	net
罗莉	lori
罗达	rhoda
罗非鱼	tilapia
罗马	roma
罗马万神殿	pantheon
罗马古笛	tibia
罗马天主教	popery
罗马帝国	roma
罗马教皇	pope, papal
罗马教皇使节	legate
罗马教皇的	papal
罗马教皇职位	papacy
罗马甜瓜	cantaloupe
罗马诺干酪	romano
罚	punishment
罚款	fine
罚金	fine
罢免	unseat, deposed
罢工	strike
罢工的	striking
罢工者	striker
罢市的	striking
罢课的	striking
罢黜	oust
罩上	hood
罩住	mantle
罩子	mantle
罩衫	overall
罪	sin, crime
罪人	sinner
罪地	guiltily
罪大恶极的人	miscreant
罪孽深重	sinful
罪孽深重的	sinful
罪恶	crime, ill
罪恶昭彰	flagrantly
罪恶昭彰地	flagrantly
罪恶昭彰的	flagrant
罪恶的	villainous, godless
罪犯	criminal, convict
罪行	crime, guilt
罪过	debt
置于	park
置于城堡中	castle
置于尖顶上	pinnacle
置于狗舍	kennel
置换	replacement, substitution
置放者	putter
署名	affix
署名报道	byline
罹病率	morbidity
羁绊	fetter
羊	sheep
羊乳酪	feta
羊产后热	gayle
羊叫	baa
羊叫声	baa
羊晕倒病	sturdy
羊杂碎香肚	haggis
羊栏	fold
羊毛	wool
羊毛制	woollen, woolly
羊毛制的	woollen, woolly
羊毛的	woolen
羊毛脂	yolk
羊水	waters
羊的叫声	bleat
羊皮盾	aegis
羊皮纸	membrane, parchment
羊皮袄	sheepskin
羊矛	fescue
羊肉	mutton
羊肚菌	morel
羊脂	suet
羊膜	amniotic
羊膜的	amniotic
羊膜穿刺术	amniocentesis
羊角豆	okra
羊角面包	croissant
羊蹒跚病	sturdy
美	beauty
美丽	beautiful
美丽的	beautiful
美丽的少女	nymph
美人	beauty
美人蕉属植物	canna
美人鱼	mermaid
美元	dollar
美其名	glorified
美其名的	glorified
美分	cent
美化	glorify, enhancement
美化了的东西	glorification
美发	hairdressing
美发师	hairdresser
美味	delicious, delicate
美味地	deliciously
美味的	delicious, delicate
美味的水果	eater
美味的食品	goodies
美国	us
美国中西部	midwestern
美国中西部的	midwestern
美国兵	sammy
美国军人	gi
美国军人的	gi
美国南部各州	dixie
美国太空人	astronaut
美国威乐	weller
美国德纳	dana
美国楼氏电子	knowles
美国的	transatlantic
美国陶氏	dow
美国陶氏化学	dow
美国黄松	ponderosa
美国黄松木	ponderosa
美女	goddess, belle
美好	nice
美好地	beautifully
美好的	nice
美好的事物	fair
美妙	sweetness
美妙音乐	melody
美学	aesthetic
美学的	aesthetic
美学观点上	aesthetically
美学观点上地	aesthetically
美容师	groomer, beautician
美德	virtue
美散痛	methadone
美沙酮	methadone
美洲变色蜥蜴	chameleon
美洲山核桃	pecan
美洲狮	cougar, puma
美洲狮毛皮	puma
美洲蒲葵	palmetto
美洲虎	jaguar
美洲豹	leopard, panther
美洲驼	llama
美观	fairly
美观地	fairly
美钞	greenback
美颜	facial
美食家	gourmet
美食法	gastronomic
美食法的	gastronomic
美黄芩	skullcap
羔羊	lamb
羔羊皮	budge
羚羊	antelope
羚羊的一种	wildebeest
羚羊皮	chamois
羞怯	modest, shyness
羞怯地	shyly, sheepishly
羞怯的	modest, timid
羞愧	shame, blush
羞愧的	humiliating
羞耻	shame, ashamed
羞耻的	ashamed
羞辱	humiliated
羟	hydroxyl
羟基类化合物	phenol
羡慕	envy, jealous
羡慕地	admiringly
羡慕的	jealous, envious
群	gang, cluster
群众	crowd, mass
群众的	mass
群众集会	rally
群体	population
群射	volley
群居	social
群居的	social
群岛	isle, archipelago
群栖处	rookery
群栖的禽鸟	roost
群氓	ragtag
群集	troop
群集的	teeming
羽扇豆属植物	lupine
羽根	quill
羽毛	feather, plume
羽毛围巾	boa
羽毛未丰	callow
羽毛未丰的	callow
羽毛球	bird
羽毛球运动	badminton
羽毛笔	quill
羽毛装饰	plume
羽毛长齐	fledged
羽毛长齐的	fledged
羽状	feathered
羽状的	plume
羽管键琴	harpsichord
羽绒被	duvet
羽衣甘蓝	collard, collards
羽饰	panache
翅膀	wing
翅鞘	sheath
翘起	tilt, cock
翘起的	cocked, tilted
翠绿	verdant
翠绿的	verdant
翠绿色	emerald
翠绿色的	emerald
翠西	trish
翠雀属植物	larkspur
翠鸟	kingfisher
翡翠	emerald, jade
翡翠的	emerald
翡翠鸟	halcyon
翡翠鸟的	halcyon
翱翔	tower, soar
翱翔的	soaring
翻书页	page, leaf
翻修	overhaul
翻倒	turnover, tip
翻印	pirate
翻土	dig
翻弄	trifle
翻掘	grub, prong
翻斗车	tipper
翻斤斗	tumble
翻新	refurbishment
翻新的轮胎	recap
翻新胎面	recap
翻晒	ted
翻模	rollover
翻滚	welter
翻版	edition
翻筋斗	loop
翻腾	seethe
翻覆	capsize
翻译	translate, interpretation
翻译器	translator
翻译机	transducer
翻译的	interpretive
翻译程序	translator
翻译者	translator
翻车鱼	sunfish
翻转	turnover, reversal
翻转的	upturned
翻过来	upturned
翻过来的	upturned
翻造	reconstruction
翻造的	reclaimed
翻阅	browsing
翻领	lapel
翼	wing, limb
翼尖	wingtip
翼展	wingspan
翼形皮癣	butterfly
耀武扬威	triumphantly
耀武扬威地	triumphantly
耀目	glaringly
耀目地	glaringly
耀眼	dazzling, dazzle
耀眼地	dazzlingly
耀眼的	dazzling
老	old
老一套	trite, stereotyped
老一套的	trite, stereotyped
老乡	homeboy
老于世故	sophistication
老人	elder
老人学	gerontology
老人学的	geriatric
老兄	bugger, mac
老兵	veteran
老兵的	veteran
老前辈	doyen
老化	aging
老化了的	aged
老化的	aged
老同学	schoolfriend
老处女	spinster
老太爷	grandpa, grandad
老套	stereotype
老奶奶	granny, gran
老姐	kiddo
老婆婆	granny
老实	frank
老实的	frank
老师	teacher
老年	age
老年医学	gerontology
老年医学的	geriatric
老年期	senile
老年期的	senile
老年病学	geriatric
老年病学家	gerontologist
老年病学的	geriatric
老年的	senile, geriatric
老式	vintage
老式的	vintage
老弟	laddie
老态龙钟	senility
老成	ageing
老手	veteran
老是抱怨的人	complainer
老朽	senescence
老板	employer, boss
老母羊	crone
老爸	guv
老生常谈	commonplace, truism
老的	old
老着脸皮	unabashedly
老祖宗	granddaddy
老练	expert, veteran
老练的	expert, veteran
老练的人	warhorse
老茧	horny
老茧的	horny
老虎	tiger
老虎窗	dormer
老资格	doyen, seniority
老迈	senility
老马	nag, jade
老鹳草	geranium
老鹳草属植物	geranium
老鼠	mouse
考古学	archaeological, archaeology
考古学上	archaeological
考古学上的	archaeological
考古学家	archaeologist, archeologist
考古学的	archaeological
考察	research
考察的	expeditionary
考尔德	calder
考德威尔	caldwell
考查	quiz
考虑	think, consider
考虑到	whereas
考虑周到	considerate
考虑周到的	considerate
考虑过	considered
考虑过的	considered
考试	examination, examine
考试不及格	flunk
考试人	tester
考试合格者	passer
考试的	examining
考验	furnace
而且	moreover, besides
耍弄	juggle
耍花招改变	gimmick
耐不住的	incapable
耐久	wear
耐久性	durability
耐力	resistance
耐力的考验	marathon
耐受性	survivability, toleration
耐得住	resist
耐心	patiently
耐心地	patiently
耐心地摆弄	coax
耐性	patience
耐洗	washable
耐洗的	washable
耐火	fireproof
耐火的	fireproof
耐火的人	salamander
耐热	ovenproof
耐热的	ovenproof
耐用	durable, serviceable
耐用性	durability
耐用的	durable, serviceable
耐移植	transplant
耐脂	greaseproof
耐脂的	greaseproof
耐量	toleration
耕	plough, plow
耕作	farming, cultivate
耕作的	agricultural
耕作者	planter
耕地	agrarian, infield
耕地的	agrarian
耕田机	cultivator
耕种	culture, farm
耕种者	tiller
耕者	cultivator
耕耘	cultivated
耕耘的	cultivated
耗尽	consume, exhausted
耗尽的	exhausted, extinct
耗散	dissipation
耗费	revel
耗量	consumption
耙	harrow, rake
耙子	rake
耙掘	harrow
耦合	coupling
耦合器	coupler
耦合的	coupled
耧斗菜	columbine
耳	aural
耳上记号	earmark
耳垂	lobe, earlobe
耳塞	earplug
耳旁	parotid
耳旁的	parotid
耳朵	ear
耳机	phone
耳液溢	otorrhea
耳炎	otitis
耳环	earring
耳的	aural
耳蜗	cochlear
耳蜗的	cochlear
耳语	whisper
耳语的	whispered
耳轮	helix
耳饰	earring
耳鸣	tinnitus, tingle
耳鼻喉科学	otolaryngology
耳鼻喉科学家	otolaryngologist
耶稣会信徒	jesuit
耶稣升天	ascension
耶茨	yeats
耶路撒冷	zion
耷拉	slouch
耷拉着	slouch
耸立	lift
耸肩	shrug
耸肩弓身	hunched
耸肩弓身的	hunched
耻辱	scandal, humiliation
耻辱的	dishonorable, humiliating
耻骨	pubic
耻骨的	pubic
耽于声色	sensuality
耽于默想	meditative
耽于默想的	meditative
耽搁	wait, delay
聊天	chat
聊天的	meandering
聋	deaf
聋的	deaf
职业	work, job
职业上的	vocational
职业上的才能	vocation
职业介绍所	jobcentre
职业作风	professionalism
职业军人	lifer
职业化	professionalization, professionalism
职业拳击家	bruiser
职业杀手	hitman
职业特性	professionalism
职业的	professional, occupational
职业行为	professionalism
职务	function, duty
职务上	officially
职务的	functionary
职员	staff, employee
职员的	staff
职工	employee
职工总数	workforce
职工招请	employment
职权	province, prerogative
职权范围	purview
职杖	truncheon
职称	competence
职责	role, responsibility
联合	union, federal
联合主义	unionism
联合工作	teamwork
联合成辛迪加	syndicate
联合抵制	boycott
联合收割机	combine
联合的	federal, united
联合行动	teamwork
联合贩卖	cartel
联合起来	club
联姻	allied, alliance
联姻的	allied
联想	associational, associative
联想的	associational, associative
联接	adjoining
联接的	coupled
联播	hookup
联机	online
联条	bracing
联欢会	social
联盟	union
联盟的	federal, allied
联票	coupon
联管节	union
联系	relation, contact
联系在一起	attach
联系者	connector
联系起来	allied
联系起来的	allied
联结	coupling, solder
联络	liaison
联络小巷	thril
联编	binding
联胎	duplicity
联营	pool
联谊会	sociable
联贯	consecutive
联贯的	consecutive
联邦	federal
联邦主义	federalism, unionism
联邦储备局	fed
联邦党	federalist
联邦制	federalism
联邦制拥护者	federalist
联邦制的	federal
联邦地	federally
联邦政府	federation, federally
联邦政府地	federally
联邦派	federalist
联邦的	federal
聚丙烯	polypropylene
聚乙烯	polythene, polyethylene
聚众生事	mob
聚众闹事	rabble
聚会	bee
聚会所	ashram
聚会者	congregant
聚光器	condenser
聚光灯	spotlight
聚变	fusion
聚合	group
聚合体	polymer
聚合性	collectively
聚合物	polymer
聚合的	aggregated
聚合酶	polymerase
聚在一起	herd
聚尿苷酸	poly
聚并	coalescence
聚成球形	conglomerate
聚成球形的	conglomerate
聚氨基甲酸酯	polyurethane
聚氨酯	polyurethane
聚沉	coagulation
聚焦	focus
聚焦放大镜	focuser
聚焦的	focused
聚焦装置	focuser
聚硅氧烷	silicone
聚类	clustering
聚脂	dion
聚苯乙烯	polystyrene
聚酯	polyester
聚酯薄膜	mylar
聚酰胺纤维	nylon
聚集	collect, gather
聚集一块	swarm
聚集体	aggregate
聚集作用	aggregation
聚集处	hangout
聚集的	collective, aggregate
聚集的人群	turnout
聪明	smart, bright
聪明地	slick, wisely
聪明的	smart, bright
聪颖	knowing
聪颖的	knowing
肃清	sweep
肃静	hush, tacitly
肃静地	tacitly
肆意抨击	potshot
肆意破坏	vandalize
肆无忌惮	unscrupulous, chutzpah
肆无忌惮地	outrageously
肆无忌惮的	unscrupulous
肇始	kickoff
肉	meat, flesh
肉体	material
肉体性	physicality
肉体的	material
肉体美	curvaceous
肉体美的	curvaceous
肉商	butcher
肉团	meatball
肉峰	hunch
肉店	shambles
肉排	steak
肉桂	cinnamon
肉桂树皮	cinnamon
肉桂色	cinnamon
肉桂色的	cinnamon
肉欲	flesh, sensual
肉欲的	sensual, carnal
肉毒中毒	botulism
肉汁	gravy
肉汤	broth
肉片	cutlet
肉瘤	sarcoma
肉的	meaty, fleshy
肉眼可见	macroscopic
肉眼可见的	macroscopic
肉眼的	macroscopic
肉类	meat
肉色	nude
肉色的	nude
肉芽	granulation
肉芽发生	granulation
肉菜饭	paella
肉豆蔻	nutmeg
肉豆蔻衣	mace
肉赘	wart
肉饭	pilaf
肉饼	hamburger
肉馅	mincemeat
肉馅小方包子	ravioli
肉馅饼	pasty
肋	costa
肋条肉	chop
肋状物	rib
肋状组织翅	ribbing
肋脉	costa
肋骨	rib, costa
肌	muscle
肌与骨骼	musculoskeletal
肌与骨骼的	musculoskeletal
肌动蛋白	actin
肌的	muscular
肌肉	muscle, beef
肌肉发达	muscular, hefty
肌肉发达的	muscular, hefty
肌肉抽搐	jerk
肌肉抽筋	crick
肌肉痉挛患者	spastic
肌肉系统	musculature
肌肉结实	brawny
肌肉结实的	brawny
肌肉锻练器具	exerciser
肌肤的	brawny
肌质	brawn
肌酸内酰胺	creatinine
肌酸酐	creatinine
肌骨胳的	musculoskeletal
肖像	image, portrait
肖像学	iconographic
肖像学的	iconographic
肖像画	portraiture
肖像画家	portraitist
肖像的	iconographic
肖像研究	iconography
肖像绘制	portraiture
肖恩	sean, shaun
肖邦	chopin
肚子	tummy, tripe
肚子痛	stomachache
肚带	cinch, girth
肚脐	navel
肛门	anal, asshole
肛门的	anal
肛门附近	anal
肛门附近的	anal
肝	liver
肝炎	hepatitis
肝的	hepatic
肝硬化	cirrhosis
肝硬变	cirrhosis
肝素	heparin
肝脏	liver
肝脏的	hepatic
肝脏色	hepatic
肝脏色的	hepatic
肝门	portal
肝门的	portal
肠	bowel, intestine
肠内	intestinal
肠内的	intestinal
肠的	intestinal
肠绞痛	gripe
肠胃	gastrointestinal
肠胃气胀	flatulence
肠胃炎	gastroenteritis
肠胃的	gastrointestinal
股	strand, thigh
股东	partner, shareholder
股利	dividend
股权	shareholding
股的	femoral
股票上涨	strengthen
股票临时收据	scrip
股票出售权	put
股票市场震动	shakeout
股票所有人	stockholder
股票持有人	shareholder
股票持有者	stockholder
股票经纪人	stockbroker
股骨	femur
股骨的	femoral
肢	extremity
肢体	member
肢体切断	dismemberment
肢解	quarter
肤浅	surface, shallow
肤浅的	surface, shallow
肤浅的知识	smattering
肤色	complexion
肥	fat
肥大	corpulent, enlargement
肥大的	corpulent
肥料	fertilizer, manure
肥沃	fertility, fertile
肥沃的	fertile, luxuriant
肥皂	soap
肥皂泡	lather
肥皂盒	soapbox
肥的	fat
肥肉	fat
肥胖	obese, obesity
肥胖的	obese, fatty
肩	shoulder
肩上	overhand
肩上的	overhand
肩下握颈	nelson
肩带	sash
肩膀	shoulder
肩负	shoulder
肮脏	dirty
肮脏地方	pigsty
肮脏的	dirty
肯定	positive
肯定地	positively
肯定性	positivity
肯定的	positive
肯定语	affirmative
肯尼	kenny
肯尼亚人	kenyan
肯尼思	kenneth
肯尼迪	kennedy
肯德尔	kendall
肯通融	accommodating
肯通融的	accommodating
肯顿	kenton
育儿	mothering
育婴堂	creche
育幼院	preschool
育种	breeding
育种者	fancier
肺	lung
肺气肿	emphysema
肺炎	pneumonia
肺病患者	consumptive
肺的	pulmonary
肺结核	tuberculosis
肺脏	lung
肽	peptide
肾	kidney
肾上	adrenal
肾上的	adrenal
肾上腺	adrenal
肾上腺的	adrenal
肾上腺素	adrenaline, adrenalin
肾的	renal
肾盂	pelvis
肾脏	renal
肾脏的	renal
肿	turgid
肿块	tumour, bump
肿大	tumor, swelling
肿大的	swelling
肿瘤医师	oncologist
肿瘤学	oncology
肿瘤学家	oncologist
肿的	turgid
肿胀	swelling, swell
肿胀病人	bloat
肿胀的	varicose
肿起	bloat
胀	bulge
胀大	inflation
胀大的	puffy
胀满的	turgid
胁	flank
胁迫	menace, terrorism
胁迫地	threateningly
胁迫的	threatening
胃	stomach, gastric
胃分泌素	gastrin
胃泌素	gastrin
胃液素	peptic
胃液素的	peptic
胃灼热	brash, heartburn
胃炎	gastritis
胃痛	stomachache
胃的	gastric
胃肠	gastrointestinal
胃肠炎	gastroenteritis
胃肠病学家	gastroenterologist
胃肠的	gastrointestinal
胃蛋白酶	peptic
胃蛋白酶原	pepsinogen
胃蛋白酶的	peptic
胆囊	gallbladder, cystic
胆囊的	cystic
胆固醇	cholesterol
胆大妄为	audacious
胆大妄为的	audacious
胆子	hardiness
胆小	timid, scary
胆小地	timidly
胆小的	timid, scary
胆小的人	coward
胆小羞怯的人	mouse
胆小者	sheep
胆小鬼	craven
胆怯	shy, quail
胆怯地	diffidently, shyly
胆怯的	shy
胆敢	dare
胆汁	bile, gall
胆汁的	biliary
胆的	biliary
胆石	gallstone
胆管炎	cholangitis
胆结石	gallstone
胆脂瘤	cholesteatoma
胆量	courage
背	dorsal
背书	endorse, endorsement
背书于	endorse
背书人	endorser, backer
背侧	dorsal
背侧的	dorsal
背侧肛	rectum
背信	infidelity, betrayal
背信弃义	perjury
背信弃义的	treacherous, traitorous
背信者	traitor
背光式	backlit
背包	backpack, knapsack
背包客	trekker
背包旅行者	backpacker
背叛	sell
背叛的	treacherous
背叛者	turncoat, defector
背后	rear
背向停止	backstop
背向摆动	backswing
背地里	secretly
背带	suspenders
背弃	renegade
背弃的	renegade
背弃者	deserter
背心	vest
背心式女内衣	camisole
背心裙	sundress
背教	apostasy
背教者	renegade, pervert
背景	background, context
背景幕	backdrop
背景资料	background
背板	backboard
背熟	memorize
背痛	backache
背的	dorsal
背着	piggyback
背着的	piggyback
背离	deviation, depart
背诵	recite, repetition
背诵的	recitative
背诵的诗	recitation
背诵者	repeater
背道而驰	diverging
背道而驰的	diverging
背道而驰者	contrarian
背部	dorsal, backside
背部的	dorsal
背靠	back
背面	reverse, rear
背面的	rear
背风	lee
背风处	lee
背风的	lee
背骨	spine
胎	fetus, fetal
胎儿	fetus, embryo
胎儿的	fetal, foetal
胎动初期	quickening
胎座	placenta, placental
胎座的	placental
胎痣	birthmark
胎的	fetal
胎盘	placenta, placental
胎盘的	placental
胎记	birthmark
胖	fat
胖的	fat
胚	embryo, germ
胚胎	embryo
胚胎的	embryonic
胚芽	embryo
胚质	germplasm
胜任	equal, competence
胜任地	competently
胜任的	equal, competent
胜利	win, victory
胜利的	victor, victorious
胜利者	winner, victor
胜诉	recover
胜过	overcome, cap
胜过其他	excel
胞内	intracellular
胞内的	intracellular
胞囊	cystic
胞囊的	cystic
胞浆	cytoplasm
胞浆的	cytoplasmic
胞质	cytoplasm
胞质的	cytoplasmic
胡乱	random, randomly
胡乱地	random
胡乱塞进	bundle
胡乱处理	mishandle
胡乱对付	muddle
胡乱的	random
胡子	mustache
胡安	juan
胡扯	waffle, baloney
胡桃	walnut
胡桃木	walnut
胡椒	pepper
胡椒的	peppery
胡椒粉	pepper
胡椒薄荷	peppermint
胡瓜	cucumber
胡瓜鱼	smelt
胡荽	coriander
胡萝卜	carrot
胡萝卜素	carotene
胡蜂	wasp
胡言乱语	babble, drivel
胡说	rubbish, bullshit
胡说八道	spinach, fudge
胡说八道的	slushy
胡里奥	julio
胡闹	monkey, farce
胡须	beard
胡麻	sesame
胫	shank
胫节	tibia
胫骨	shin, tibia
胫骨的	tibial
胭脂	rouge
胭脂鱼	mullet
胯部	crotch, haunch
胰	pancreas
胰岛的	insular
胰岛素	insulin
胰炎	pancreatitis
胰的	pancreatic
胰腺	pancreas, pancreatic
胰腺炎	pancreatitis
胰腺的	pancreatic
胳肢	tickle
胶	glue
胶乳	latex
胶化	gel
胶化体	gel
胶印	offset
胶卷	film
胶原	collagen
胶合	cement, glue
胶合板材	peeler
胶合铺料	mastic
胶囊	capsule
胶囊剂	capsule
胶土	puddle
胶布雨衣	mackintosh
胶底运动鞋	plimsoll, sneakers
胶接	splice
胶木	formica
胶状物	jelly
胶状的	gelatinous
胶粘	gooey, stickiness
胶粘物	gooey
胶粘的	gooey
胶结剂	cement
胶质	gelatine
胸	chest
胸围	circumference
胸廓	chest
胸廓的	thoracic
胸怀	breast
胸板	sternum
胸片	sternum
胸的	pectoral, thoracic
胸腔	thorax
胸花	buttonhole
胸衣	corsage, corset
胸部	breast, chest
胸部丰满	busty
胸部丰满的	busty
胸部器官	pectoral
胸针	brooch, ouch
胸革带	breastplate
胸饰	pectoral
胸骨	sternum, breastbone
胺	amine
能	can, could
能两栖作战	amphibious
能两栖作战的	amphibious
能伸缩	elastic
能伸缩的	elastic
能做所要做	footloose
能做所要做的	footloose
能共处	compatible
能共处的	compatible
能养活	viable
能养活的	viable
能力	ability, capacity
能动力	motility
能动性	motility
能动论	activism
能勃起	erectile
能勃起的	erectile
能吸收	absorbent
能吸收的	absorbent
能处理	treatable
能处理的	treatable
能够	able
能够的	able
能实行	feasible
能实行的	feasible
能屈的	flexible
能履行责任的	responsible
能工作的	workable
能干	able
能干地	ably, masterfully
能干的	able
能得到	obtainable
能得到的	obtainable
能感觉得到	perceptible
能感觉得到的	perceptible
能手	adept, fiend
能接纳	receptive
能接纳的	receptive
能操作的	serviceable
能操纵	controllable
能操纵的	controllable
能沉入水中	submersible
能沉入水中的	submersible
能治愈的	curable
能治疗	treatable
能治疗的	treatable
能活动	animated
能活动的	animated
能潜水	submersible
能潜水的	submersible
能生产	productive
能生产的	productive
能生殖的	procreative
能生育的	fertile
能生长发育	viable
能生长发育的	viable
能用	usable
能用的	usable
能的	capable
能看到远处	farsighted
能看到远处的	farsighted
能知觉	phenomenal
能知觉的	phenomenal
能竖立的	erectile
能繁殖	reproducible
能繁殖的	reproducible
能维持性	sustainability
能耐	tolerant
能耐受的	tolerant
能耐的	tolerant
能胜任	efficiently
能行性	effectiveness
能被激动	excitable
能被激动的	excitable
能见度	visibility
能见距离	visibility
能认识	knowable
能认识的	knowable
能说善道	glib
能说善道的	glib
能赢得	winnable
能赢得好感	tactfully
能赢得好感地	tactfully
能赢得的	winnable
能起诉的	actionable
能达到	carry
能适应	adaptive, adaptable
能适应的	adaptive, adaptable
能透过	permeable
能透过的	permeable
能量	energy
能量浪费	dissipation
能量耗散	dissipation
能防卫的	defensible
能预测	foreseeable
能预测的	foreseeable
脂油	fat
脂类	lipid
脂肪	fat
脂肪团	cellulite
脂肪抽吸	liposuction
脂肪的	fatty
脂色素	lutein
脂蛋白	lipoprotein
脂质	lipid
脂麻	sesame
脆	crisp, fragile
脆弱	slight, frail
脆弱的	slight, frail
脆性	shortness
脆性的	brittle
脆的	crisp, fragile
脆皮	crackling
脆饼	shortcake
脉冲	pulse
脉冲串	burst
脉冲整形器	shaper
脉冲星	pulsar
脉冲的	pulsed, pulsating
脉冲调制	pulsed
脉冲调制的	pulsed
脉动	pulsation, pulsating
脉动的	pulsating
脉搏	pulse
脉管	vessel
脉管的	vascular
脉络状	arterial
脉络状的	arterial
脉跳	pulse
脊	ridge
脊柱	spine
脊柱后突	humpback, hunchback
脊柱的	spinal
脊椎	backbone, vertebra
脊椎动物	vertebrate
脊椎的	vertebral
脊骨矫正板	backboard
脊髓	vertebra
脊髓灰质炎	polio
脏	mucky
脏水	sewage
脏污	smudge, sully
脏的	mucky
脏腑	entrails
脐	navel, umbilical
脐带	umbilical
脐带的	umbilical
脐的	umbilical
脑	brain
脑垂体	pituitary
脑室	ventricle
脑岛的	insular
脑桥	pons
脑沙	arena
脑炎	encephalitis
脑病	encephalopathy
脑白质	alba
脑的	cerebral
脑筋好	brainy
脑筋好的	brainy
脑筋迟钝的人	snail
脑脊髓轴	neurone
脑膜	mater
脑膜炎	meningitis
脑膜瘤	meningioma
脑袋	pate
脓	pus
脓毒性	septic
脓毒性的	septic
脓毒病	sepsis
脓汁	pus
脓疮	fester
脓肿	abscess
脖子	neck
脚	foot
脚凳	footstool
脚力	footwork
脚后跟	heel
脚坠	clog
脚声	footfall
脚子	footing
脚尖	tiptoe
脚尖旋转	pirouette
脚底有厚肉	padded
脚底有厚肉的	padded
脚底板	baseboard
脚手架	scaffolding, scaffold
脚掌	sole
脚架	horse
脚柱	stilt
脚步	footstep
脚步声	footstep
脚治疗	pedicure
脚治疗医师	pedicure
脚注	footnote
脚病医生	podiatrist
脚的	pedal
脚的动作	footwork
脚背	instep
脚背形的东西	instep
脚趾	toe
脚趾甲	toenail
脚踏	pedal
脚踏凳	stepladder
脚踏的	pedal
脚踏车	bike
脚踏铁锤	oliver
脚蹬子	pedal
脚蹼	flipper
脚轮	trundle, caster
脚镣	fetter
脚镯	bangle, anklet
脱	doff
脱位	dislocated
脱位的	dislocated
脱党	apostasy
脱党者	renegade, deserter
脱压缩	decompression
脱去	shuck, elimination
脱去假面具	unmask
脱发	baldness
脱口而出	bolt
脱口而出的话	throwaway
脱口说出	blurt
脱咖啡因咖啡	decaf
脱墨	void
脱壳	shell
脱屑	peeling
脱帽致意	cap
脱帽致敬	uncover
脱敏	desensitize
脱机	offline
脱毛	molt, moult
脱气	degas
脱氧麻黄碱	methamphetamine
脱水	dehydration, dehydrate
脱水作用	dehydration
脱水的	dehydrated
脱涂剂	remover
脱涂膜剂	remover
脱瘾	withdrawal
脱皮	peel, molt
脱盐	desalination
脱硫设备	sweetener
脱离	exit, deviate
脱离关系	dissociation, renunciation
脱离国籍	expatriate
脱离实际	doctrinaire
脱离实际的	doctrinaire
脱离常规	deviate
脱离常规的	deviate
脱离的	renegade
脱离肉体	disembodied
脱离肉体的	disembodied
脱离论者	secessionist
脱离躯壳的	disembodied
脱粒	threshing
脱粘的	unglued
脱缰	bolt
脱肠	herniated
脱脂乳	skim, buttermilk
脱膜剂	remover
脱臼	dislocate, dislocation
脱臼的	disjointed
脱色	discolored
脱色的	discolored
脱节	disjointed
脱节的	disjointed
脱落	off
脱落之物	shed
脱落物	molt
脱落的	deciduous
脱衣	strip
脱衣服	strip
脱衣舞	striptease
脱轨器	derail
脱逃者	escapee
脱销	sellout
脲	urea
脸	face
脸上发红	hectic
脸的	facial
脸皮厚	unabashed
脸皮厚的	unabashed
脸盆	washbasin
脸红	blush, hectic
脸红的人	blusher
脸蛋	cheek
脸部按摩	facial
脸部用	facial
脸部用的	facial
脾	spleen, lien
脾气	temper
脾气不好	fractious
脾气不好的	fractious
脾气乖戾的人	crab
脾气坏	cranky, crabby
脾气坏的	cranky, crabby
脾气坏的人	curmudgeon
脾气暴燥	crank
脾气暴燥的	crank
脾气暴躁	grumpy
脾气暴躁的	grumpy
脾气随和	easygoing
脾气随和的	easygoing
脾脏	spleen
腊肠	sausage
腋	armpit
腋下	underarm
腋下的	underarm
腋窝	armpit
腌	corn
腌制	pickle
腌制者	salter
腌汁	pickle
腌泡	marinade
腌泡汁	marinade
腌肉	bacon
腌鱼	kipper
腐化	depraved, depravity
腐化的	depraved
腐坏	spoil
腐坏之	rotting
腐坏的	addled, tainted
腐朽	punk, molder
腐朽的	punk
腐殖质	humus
腐烂	rotten, corrupt
腐烂物	ulcer
腐烂的	rotten
腐肉	carrion
腐肉的	carrion
腐臭	rancid, moldy
腐臭的	rancid, moldy
腐蚀	eat
腐蚀作用	decaying
腐蚀剂	etch, caustic
腐蚀因素	canker
腐蚀性	caustic, corrosive
腐蚀性的	caustic, corrosive
腐蚀物	corrosive
腐蚀的	rusty, corrosive
腐败	corruption, corrupt
腐败堕落	gangrene
腐败的	corrupt, septic
腐质	detritus
腓肠	calf
腔	cavity, lumen
腔的	spatial
腕	wrist, carpal
腕关节	wrist
腕带	bracelet
腕的	carpal
腕纹	bracelet
腕骨	carpal
腥臭	fishy
腥臭的	fishy
腭	palate
腭的	palatine
腮腺	parotid
腮腺的	parotid
腮边	parotid
腮边的	parotid
腮须	whisker
腰	waist
腰动脉	lumbar
腰围	waistline
腰布	loincloth
腰带	belt, girdle
腰果	cashew
腰果树	cashew
腰椎	lumbar
腰的	lumbar
腰神经	lumbar
腰肉	loin
腰腿	haunch
腰腿肉	haunch
腰臀部的肉	chump
腰部	middle, waist
腰部嫩肉	tenderloin
腰部的	lumbar
腰门	wicket
腱	tendon
腱炎	tendinitis
腱鞘囊肿	ganglion
腹	ventral, abdomen
腹地	hinterland
腹板	sternum
腹泻	diarrhoea, diarrhea
腹泻的	lax
腹甲	breastplate
腹的	ventral
腹股沟	groin
腹胀	windy
腹胀的	windy
腹腔	coeliac
腹腔丛的	solar
腹腔的	coeliac
腹腔镜检查的	laparoscopic
腹部	belly, abdomen
腹部的	ventral, abdominal
腹部绞痛	cramp
腹面	ventral
腹面的	ventral
腹鳍	ventral
腺	gland, glandular
腺瘤	adenoma
腺癌	adenocarcinoma
腺的	glandular
腺管	crypt
腺苷一磷酸	amp
腺苷酸	amp
腼腆	coy
腼腆的	coy
腾出	vacate
腾跃	cavort, prance
腿	leg
腿细长	leggy
腿细长的	leggy
腿节	femur
腿骨	shank
膀胱	bladder
膀胱炎	cystitis
膀胱的	cystic
膂力	brawn
膈	midriff
膜	membrane, envelope
膜拜	cult
膜片	diaphragm
膝	knee
膝上型的	laptop
膝关节	knuckle
膝盖	knee, lap
膝盖骨	kneecap
膝行	knee
膨胀	expansion, swell
膨胀主义	expansionism
膨胀主义者	expansionism
膨胀如气球	balloon
膨胀的	inflatable, expansive
膳宿	accommodation
膳食	board, meal
臀	stern
臀式生产儿	agrippa
臀的	natal
臀肌	gluteus
臀部	hip
臀骨	hipbone
臂力	muscle
臂板信号	semaphore
臂章	armband
臂部肌肉	biceps
臆想	subjectively
臆想地	subjectively
臆测	guess
臣属	vassal
臣属的	vassal
臣民	subject
自东	eastern
自东的	eastern
自主	independence, freedom
自主性	independence, autonomy
自主的	autonomous, autonomic
自举	boot
自以为是	smug
自以为是的	smug
自传	autobiography, autobiographical
自传体	autobiographical
自传体的	autobiographical
自传的	autobiographical
自作多情	gooey
自作多情的	gooey
自作聪明的人	smarty
自信	assured, confidently
自信地	confidently
自信的	assured
自信过强	overconfidence
自修	prep
自傲	prideful
自傲的	prideful
自制	contain
自制的	continent, homemade
自动	voluntary, automatically
自动伴奏录音	karaoke
自动力	motility
自动化	automated, automation
自动化的	automated
自动呼叫设备	ace
自动售货机	vendor
自动唱机	jukebox
自动图象传输	apt
自动地	automatically, willingly
自动存款取款	aft
自动学	automation
自动手枪	automatic
自动执行控制	ace
自动扶梯	escalator
自动操作	automation
自动操纵装置	george
自动数值分析	ana
自动数控语言	apt
自动机	robot, automaton
自动机工程学	robotics
自动机械	automatic, robot
自动洗衣店	laundromat
自动添煤装置	stoker
自动的	voluntary, automatic
自动程序控制	apt
自动订票	at
自动调温器	thermostat
自动驾驶仪	autopilot
自助售货商店	supermarket
自助洗衣店	laundromat, launderette
自助餐	buffet
自助餐厅	cafeteria
自北方来	northern
自北方来的	northern
自北来	northerly
自卑	inferiority
自卫	defensive
自卫的	defensive
自原始时代	primordial
自原始时代的	primordial
自发	initiative
自发的	initiative
自命	pretend
自命不凡	snobbish, pretentious
自命不凡的	snobbish, pretentious
自命不凡者	upstart
自喷井	gusher
自在	homey, unconstrained
自在的	homey, unconstrained
自大	proud, arrogant
自大地	proudly
自大的	proud, arrogant
自大自满	snooty
自大自满的	snooty
自夸	boast, boastful
自夸的	boastful
自始至终	throughout
自定义	custom
自定义级别	customized
自尊心	pride
自己	own
自己的	own
自恃有	boast
自恋	narcissism, narcissistic
自恋的	narcissistic
自愿	willing, voluntary
自愿地	voluntarily
自愿的	willing, voluntary
自愿行动	voluntary
自我	self, ego
自我中心	selfishness, selfish
自我中心主义	autism
自我中心地	selfishly
自我中心癖	egotism
自我中心的	selfish, egocentric
自我主义	egoism
自我宣传癖	exhibitionism
自我惩罚	penance
自我本位	egotistical
自我本位的	egotistical
自我毁灭	suicidal
自我毁灭的	suicidal
自我陶醉	narcissism, narcissistic
自我陶醉的	narcissistic
自旋	spin
自明	axiomatic
自明之理	axiom, truism
自明的	axiomatic
自暴自弃	despairingly
自暴自弃地	despairingly
自杀	suicide
自杀性	suicidal
自杀性的	suicidal
自杀的	suicide
自杀者	suicide
自来水厂	waterworks
自此以后	henceforth
自治	autonomy, autonomous
自治体的	communal
自治区	municipal, municipality
自治区的	municipal
自治地	autonomously
自治地区	municipality
自治市	burgh, municipality
自治市公民	burgess
自治权	autonomy
自治的	autonomous
自治的市镇	borough
自满	complacent, complacency
自满地	complacently
自满的	complacent
自炫博学	highbrow
自炫博学的	highbrow
自然	nature, natural
自然主义	naturalistic, naturalism
自然主义的	naturalistic
自然主义者	naturalist
自然倾向	aptitude
自然化	naturalized
自然化的	naturalized
自然发生	spontaneity
自然地	naturally
自然增加	accrue
自然增大	accretion
自然增长	accrual
自然增长额	accrual
自然界	natural
自然界的	natural
自然的	natural, physical
自然的发展	outgrowth
自然科学家	physicist
自然而然	involuntary
自然而然的	involuntary
自爱欲	narcissism
自爱欲的	narcissistic
自生	spontaneity
自生地	habitat
自生的	spontaneous
自由	free, freedom
自由主义	liberalism
自由主义化	liberalization, liberalize
自由主义者	liberal
自由作家	freelance, freelancer
自由保有	freehold
自由保有官职	freehold
自由化	liberalisation, liberalization
自由区域	liberty
自由地	free
自由式	freestyle
自由投稿	freelance
自由投稿的	freelance
自由权	liberty
自由民	freeman, yeoman
自由的	free
自由职业者	freelance
自由自在	unfettered, footloose
自由自在的	unfettered, footloose
自由讨论	brainstorming
自由记者	freelancer
自由调	voluntary
自由飞轮	freewheel
自白	confession, confessional
自白的	confessional
自相矛盾	paradoxically
自相矛盾的话	paradox
自知力	insight
自私	selfish
自私地	selfishly
自私的	selfish
自立	independence
自立地	independently
自耕农	yeoman
自船上落下	overboard
自花授精	self
自若	coolly
自行车	bike, bicycle
自西	westerly
自西方	west
自西的	westerly
自觉	consciousness, consciously
自觉地	consciously, purposefully
自觉感情	affect
自觉有罪的	guilty
自觉有错	guilty
自觉有错的	guilty
自觉的	subjective
自言自语	soliloquy
自认	own
自认有罪	confession
自豪	proud, glory
自豪的	proud
自负	assumption
自负地谈论	pontificate
自负的	pretentious, pragmatic
自负的年轻人	puppy
自责	remorse
自费学生	commoner
自费生	pensioner
自身的	personal
自适应性	adaptability
自通地	geographically
自那时以后	since
自重	deadweight
自重滑行坡	jinny
自首	surrender
自鸣得意	complacency, smug
自鸣得意地	smugly
自鸣得意的	smug
臭名	notoriety
臭名昭著	notoriously, notorious
臭名昭著的	notoriously, notorious
臭味	stink, funk
臭家伙	brock
臭气	fume, odour
臭气散发	reek
臭氧	ozone
臭虫	bedbug
臭骂	bollock, invective
臭鼬	skunk
臭鼬皮	skunk
至	solstice
至上	paramount, supremely
至上主义者	supremacist
至上地	supremely
至上的	paramount, consummate
至于	for
至交	intimate
至今	hitherto
至关重要	crucially
至关重要地	crucially
至善	holy
至善主义	perfectionism
至善的	holy
至善论	perfectionism
至善论者	perfectionist
至尊	imperial
至尊的	imperial
至少	anyway
至日	solstice
至点	solstice
至福	beatific
至福的	beatific
至高	supreme
至高无上	supremacy, sovereign
至高无上的	sovereign
至高权力	supremacy
至高的	supreme
致使	result
致冷	refrigeration
致冷剂	refrigerant
致冷器	refrigerator
致力	aim
致动器	actuator
致告别辞者	valedictorian
致命	deadly, fatal
致命地	vitally, fatally
致命性	fatality
致命的	deadly, fatal
致幻剂	hallucinogen
致恶心的	nauseous
致意	salute, regards
致敬	greet, hail
致歉	excuse
致死	deadly, terminal
致死因子	lethal
致死的	deadly, terminal
致残毁	mutilate
致活酶	kinase
致病	morbid, pathogenesis
致病的	morbid, pathogenic
致癌作用	carcinogenic
致癌物	carcinogen
致癌物质	carcinogen
致癌的	carcinogenic
致辞	oration
臼	mortar
臼齿	molar
臼齿的	molar
舀取	scoop
舀水	bail
舅妈	aunt
舌	tongue
舍伍德	sherwood
舍入	rounding
舒伯特	schubert
舒张的	diastolic
舒曼	schumann
舒服	comfortable
舒服地	comfortably
舒服地坐	ensconced
舒服的	comfortable
舒适	easy, comfort
舒适地	snugly
舒适地坐定	nestle
舒适的	easy
舒适的地方	oasis, cubbyhole
舒适的座位	cozy
舔	tongue, lap
舞	pas
舞会	ball, dance
舞剧	pantomime
舞厅	ballroom
舞台	stage
舞台前部	proscenium
舞台工作人员	stagehand
舞台布景	scenery
舞台效果	mounting, theatrics
舞台灯光	lighting
舞台的	scenic
舞台舞蹈	choreography
舞台艺术	histrionics
舞女	alma
舞弊	fraud
舞步	pas
舞蹈	dance
舞蹈指导	choreographer
舞蹈演员	dancer
舞蹈艺术	choreography
舢板	junk
航业暗语	lingo
航天专家	spaceman
航天技术	aerospace
航天空间	aerospace
航天飞船	spacecraft
航标	buoy
航标灯	lantern
航海	voyage, navigation
航海业	seafaring
航海家	navigator, seafarer
航海日志	logbook
航海术	sailing
航海的	nautical, seafaring
航海者	voyager, navigator
航程	voyage
航空	aviation, aerial
航空公司	airline
航空器	aircraft
航空基地	airbase
航空学	aviation, aeronautics
航空学的	aeronautical
航空日志	logbook
航空电子学	avionics
航空的	aerial, aeronautical
航空站	airport
航空邮件	airmail
航线	airline
航线的设备	airline
航船	navigation
航船者	pilot
航行	put
航行中	underway
航行中的	underway
航行于	sail, navigate
航行的	sailing
航行者	voyager
航行越过	voyage
航行速度	headway
航路	fairway
航路点	waypoint
航途基准点	waypoint
航道	channel
舰	ship
舰桥	bridge
舰长的职位	captaincy
舰长的衔头	captaincy
舰队	fleet, marine
舰队司令	admiral
舰队司令官	commodore
舱口	hatch
舱底污水	bilge
舱门	port
舵	helm, rudder
舵手	cox, helmsman
舵手室	wheelhouse
舶来品	exotic
舷侧	broadside
舷外	outboard
舷外支架	outrigger
舷外的	outboard
舷窗	porthole
船	ship, boat
船下水	launching
船主	shipowner
船体	hull, hulk
船体中央部	amidships
船医	surgeon
船员	seaman, sailor
船员水手	crewmember
船员的	nautical
船坞	dock
船夫	punter, boatman
船家	waterman
船尾	stern
船尾突出部	buttock
船工	boater, waterman
船库	boathouse
船底漏水	bilge
船抛锚	secure
船的	naval
船的倾侧	careen
船的载货量	boatload
船篷	tilt
船舶	watercraft, shipping
船舶的	navigational
船舷上缘	gunwale
船蛸	nautilus
船货	freight
船货投海	jettison
船长	captain
船队队长	commodore
船首	prow
船首三角帆	jib
船首状物	prow
船首的划手	bowman
艇库	boathouse
艉楼	poop
良好	well
良好状态	kilter
良好的	well
良师益友	mentor
良心	conscience
良心不安	remorse
良心的责备	compunction
良性	benign
良性的	benign
良种	thoroughbred
良种动物	thoroughbred
良种的	thoroughbred
艰巨的	onerous
艰苦	tough, trial
艰苦的	tough
艰苦跋涉	trek
艰难	hardship
色品	chromatic
色品的	chromatic
色带	ribbon
色度	hue
色彩	tint, hue
色彩设计	colourway
色彩较暗	shaded
色彩较暗的	shaded
色彩鲜明	flaming
色彩鲜明的	flaming
色彩鲜艳	technicolor
色彩鲜艳的	technicolor
色情	sexy, erotic
色情书籍	erotica
色情作品	erotica
色情作品作者	pornographer
色情小说作家	pornographer
色情描写	pornography, porn
色情文字的	pornographic
色情文学	pornography
色情狂者	satyr
色情画	pornography, porn
色情画的	pornographic
色情的	sexy, erotic
色情诗	erotic
色拉	salad
色欲	lust
色淀	lake
色的	chromatic
色笔	pencil
色粉	toner
色素	pigment
色素沉着	pigmentation
色调	tinge, hue
色调的	tonal
色谱法	chromatography
色质	pigment
色鬼	goat
艳丽	gay
艳丽的	gay
艺人	artiste
艺妓	geisha
艺术	art
艺术作品	artwork
艺术品鉴赏家	virtuoso
艺术家	artist
艺术家气派	artsy
艺术家气派的	artsy
艺术家的	artistic
艺术性	artistry
艺术的	artistic
艾丽西娅	alicia
艾伦	alan, allen
艾伯特	albert
艾克尔斯	eccles
艾哈迈德	ahmed
艾希莉	ashley
艾弗里	avery
艾德蒙	edmund
艾德里安	adrian
艾德里安市	adrian
艾拉	ella
艾格尼丝	agnes
艾特肯	aitken
艾玛	emma
艾琳	eileen, aileen
艾略特	eliot
艾米	amy
艾缔思	addis
艾莉森	alison
艾菲尔铁塔	eiffel
艾萨克	isaac
艾贝尔	abel
艾迪生	addison
艾鼬	fitch
艾鼬毛皮	fitch
节	period
节似	nodal
节似的	nodal
节俭	husband
节俭的	economical, frugal
节俭的人	husband
节制	moderate, abstinence
节制器	governor
节制的	sober
节制饮酒	sobriety
节奏	rhythm, tempo
节录	brief
节律	rhythm
节律的	rhythmical
节拍器	metronome
节日	holiday, festival
节日的	festival
节杖	sceptre, scepter
节欲	temperance
节段	period
节气阀	throttle
节流	throttle
节流阀	throttle
节点	node
节略	abridge
节的	sectional, nodal
节目	program, programme
节目主持人	host, presenter
节目单	program, programme
节目报告员	announcer
节目播放时间	showtime
节目次序	billing
节目的计划	programming
节省	economic, save
节省地	economically
节省的	economic
节约	economy, saving
节约地	economically, sparingly
节约的	saving
节约装置	saver
节肢动物	arthropod
节育	contraception
节食	dieting
节食减肥	dieting
节食者	dieter
芋头	taro
芋根	taro
芍药	peony
芒刺	burr
芒果	mango
芜菁	turnip
芜菁甘蓝	turnip, rutabaga
芝麻	sesame, til
芝麻菜	arugula
芥子	mustard
芥属植物	mustard
芥末	mustard
芥菜	mustard
芦笋	asparagus
芦笛	reed
芦苇	reed
芦苇丛生	reedy
芦苇丛生的	reedy
芦苇做	reedy
芦苇做的	reedy
芦苇状	reedy
芦苇状的	reedy
芦苇草	alfa
芦荟	aloe
芦荟叶汁	aloe
芦荟树脂	aloe
芦黍糖浆	sorghum
芫荽	coriander
芫荽叶	cilantro
芬威克	fenwick
芬尼	pfennig
芬芳	fragrance, aromatic
芬芳的	aromatic, redolent
芬香	fragrant
芬香地	deliciously
芬香的	fragrant
芭芭拉	barbara
芭蕾舞	ballet
芭蕾舞女演员	ballerina
芯片	microchip
芯片制造商	chipmaker
花	flower
花丝	thrum
花似	floral
花似的	floral
花体	curlicue, squiggle
花冠	coronary, wreath
花冠体	wreath
花冠的	coronary, coronal
花匠	gardener, florist
花卉研究者	florist
花名册	roster
花呢	tweed
花呢服装	tweed
花商	florist
花园	garden
花圈	wreath
花坛	flowerbed
花岗岩	granite
花开的状态	blossom
花开着	flowered
花开着的	flowered
花式骑术训练	dressage
花彩	festoon
花托	receptacle, torus
花招	stunt
花斑	dappled, dapple
花斑的	dappled
花斑眼镜蛇	harlequin
花束	bouquet
花梗	bennet
花椒	pepper
花椰菜	broccoli, cauliflower
花楸树	rowan
花炮	sparkler
花环	garland, wreath
花瓣	leaf, petal
花瓶	vase
花生	peanut
花的	floral
花盆	flowerpot
花盘	faceplate
花粉	pollen
花缎	damask
花缎的	damask
花花公子	dandy, dude
花蕾	bud
花言巧语	plausibility
花言巧语的	plausible
花费	spend, cost
花费不多	inexpensively
花费不多地	inexpensively
花费过多	overspend
花边	lace
花边状	lacy
花边状的	lacy
花边的	lacey, lacy
花钵	flowerpot
花马	pinto
芳香	sweet
芳香剂	aromatic
芳香核果棕榈	macaw
芳香气	aroma
芳香的	sweet
芸苔	rutabaga
芸苔属植物	cole
芸香	rue
芹菜	celery
芽	shoot
芽体	gemma
芽胞	germ
芽胞杆菌属	bacillus
苍天	ether, firmament
苍白	pale, wan
苍白地	wanly
苍白的	pale, wan
苍穹	canopy
苍翠繁茂	lush
苍翠繁茂的	lush
苍蝇	fly
苍蝇拍	flapper
苏丹	sultan
苏人	sioux
苏人的	sioux
苏利文	sullivan
苏塞克斯	sussex
苏打	soda
苏打水	mineral
苏打水瓶	syphon
苏格兰人	scotsman
苏格兰低地	lowland
苏格兰式短裙	kilt
苏格兰教会	kirk
苏格兰高地	highland
苏格兰高地人	highlander
苏珊	susan
苏西	susie, suzie
苏语	sioux
苏语的	sioux
苏醒	revive
苏门答腊岛	sumatra
苔原	tundra
苔癣	lichen
苔绳	colt
苔藓	moss
苔藓病	lichen
苗	lymph
苗圃	nursery
苗木铲根	wrenching
苗条	slightly, slender
苗条地	slightly
苗条的	slender, slim
苛刻	rigour, rigor
苛刻的	severe, harsh
苛待	mistreat
苛捐杂税	vexatious
苛政	tyranny
苛求	exacting, fastidious
苛求的	exacting, fastidious
苛评	castigate
苜蓿	alfalfa
苜蓿属植物	medic
若不是	except
若干	some
若干个	divers
若虫	nymph
苦	bitter
苦乐参半	bittersweet
苦乐参半的	bittersweet
苦修	mortify
苦况	grievance
苦力	coolie
苦味	bitterness, gall
苦味的	acrid
苦境	hell
苦工	fag, toil
苦差	grind
苦差事	drudgery
苦巴旦杏	amygdala
苦干	pound, labour
苦干的	hardworking
苦役	slavery, servitude
苦心	painstaking
苦心经营	elaboration, elaborately
苦心经营地	elaborately
苦思	puzzle, languish
苦恋	lovesick
苦恋的	lovesick
苦恼	distress, affliction
苦恼地	painfully
苦恼的	laden
苦恼的事由	affliction
苦扁桃	amygdala
苦斗	struggling
苦斗的	struggling
苦涩	saline
苦涩的	saline
苦痛	woe, torment
苦痛的	pungent
苦的	bitter
苦笑	wryly
苦笑地	wryly
苦艾	wormwood
苦艾酒	vermouth
苦行	austerity, ascetic
苦行生涯	asceticism
苦行的	ascetic
苦行者	ascetic
苦读	mug
苦读者	mug
苦闷	torture, pang
苦闷地	agonizingly
苦闷的	agonising
苦难	suffering, hardship
苦难之洋	miriam
苦难根源	scourge
苦难的缘由	tribulation
苯	benzene
苯丙胺	amphetamine
苯异丙胺	amphetamine
苯胺紫	mauve
苯酚	phenol
英两	ounce
英亩	acre
英亩数	acreage
英俊	handsome
英俊的	handsome
英俊的领导者	kenneth
英勇	heroic, prowess
英勇地	valiantly
英勇的	heroic, gallant
英勇行为	heroic
英国人	anglo
英国军人	redcoat
英国国教	episcopal, anglicanism
英国国教教义	anglicanism
英国国教的	episcopal
英国士兵	atkins
英国的传教士	bunyan
英国约克郡人	yorkshireman
英国货币	sterling
英国货币的	sterling
英寸	inch
英寻	fathom
英尺	foot
英尺长度	footage
英式足球	soccer
英斗	bu
英杰尔	engel
英板尺	footage
英格拉姆	ingram
英里	mile
英里数	mileage
英镑	pound
英雄	hero
英雄传奇	saga
英雄地	heroically
英雄壮语	heroics
英雄式	heroic
英雄式的	heroic
英雄诗	heroic
苹果	apple
苹果手机	iphone
苹果汁	cider
苹果沙司	applesauce
苹果酒	cider
茁壮	vigorous
茁壮成长	thrive
茁壮的	vigorous
茂密丛生	rank
茂密丛生的	rank
茂盛	prosperity, flourish
茂盛的生长物	exuberance
范例	sample, paradigm
范围	area, extent
范畴	categorical
范畴的	categorical
茄子	eggplant
茄属植物	morel
茅屋	bothy, banda
茅庐	hermitage
茅舍	cottage, hut
茅草盖	thatched
茅草盖的	thatched
茉莉	jasmine
茎	stem, stalk
茎长	leggy
茎长的	leggy
茜德尼	sidney
茜素	alizarin
茧	cocoon
茫然	vague, blankly
茫然地	blankly, absentmindedly
茫然的	vague
茬	stubble
茴芹	anise
茴香	fennel
茶	tea
茶剂	species, tea
茶匙	teaspoon
茶叶	tea
茶叶罐	caddy
茶壶	kettle, teapot
茶室	teahouse
茶托	saucer
茶杯	cup
茶碟	saucer
茶色	tawny, tawney
茶色的	tawny, tawney
荆棘	thorn, bramble
荆豆	gorse, whin
草	grass
草丛	thicket
草书	cursive
草书体	cursive
草书体的	cursive
草书原稿	cursive
草书的	cursive
草写小字	miniscule
草写小字的	miniscule
草制成之纸	papyrus
草原	grass, plain
草图	sketch
草地	lawn, meadow
草场	grazing
草坪	lawn
草坪割草机	lawnmower
草堆	rick, mow
草帐	blotter
草拟	pencil
草料	fodder
草木	vert
草木丛生	forested, shaggy
草木丛生的	forested, shaggy
草本	herb, herbaceous
草本的	herbaceous
草根	grassroots
草根的	grassroots
草案	protocol
草率	jerry, cursory
草率了事	huddle
草率地	curtly, sloppily
草率地做	scamp
草率地看过	slur
草率的	jerry, cursory
草甸	prairie
草的	herbaceous
草皮	turf, sod
草皮断片	divot
草硷	potash
草稿	draft
草稿的措词	drafting
草绿色	grassy
草绿色的	grassy
草草完成	sketchy
草草完成的	sketchy
草药	herbal, herb
草药医	herbalist
草药医生	herbalist
草药的	herbal
草莓	strawberry
草裙舞	hula
草野	nongovernmental
草铺	pallet
草靶	pitchfork
草食动物	herbivore
荒凉	lonely, bleak
荒凉地	bleakly
荒凉的	lonely, bleak
荒唐	nonsense, ludicrous
荒唐事	folly
荒唐地	absurdly, ludicrously
荒唐的	ludicrous
荒地	wild, wilderness
荒地造林	afforestation
荒年	hungry
荒年的	hungry
荒废	obsolete, dilapidated
荒废的	obsolete, dilapidated
荒淫	incontinence, incontinent
荒淫的	incontinent
荒漠化	desertification
荒芜	waste
荒芜的	waste
荒诞	absurd
荒诞地	grotesquely
荒诞拳击手	southside
荒谬	ridiculous, absurd
荒谬可笑	improbable
荒谬可笑的	improbable
荒谬地	absurdly
荒谬的	ridiculous, absurd
荒谬的言行	absurdity
荒谬言行	nonsense
荒野	wild, wilderness
荚	legume
荞麦	buckwheat
荞麦片	buckwheat
荞麦粉	buckwheat
荟萃	constellation
荡妇	wanton, slut
荣枯	vicissitude
荣格	jung
荣耀	glory, honourable
荣耀的	honourable, honorable
荣誉	honor, honour
荣誉的	honorary, honourable
荧光	fluorescent
荧光性	fluorescence
荧光的	fluorescent
荨麻	nettle
荨麻酒	chartreuse
荫	shadow, shade
荫凉	shady
荫凉的	shady
荫蔽	shaded
荫蔽的	shaded
药	drug, medicine
药丸	pill
药丸盒	pillbox
药典	codex
药刀	spatula
药剂	pharmaceutical
药剂员	apothecary
药剂学	pharmacy
药剂师	chemist, apothecary
药力试验	proving
药品	pharmaceutical
药品商	pharmacist
药商	pharmacist, druggist
药学	pharmaceutical
药学的	pharmaceutical
药师	pharmacist
药店	apothecary
药征	modality
药房	pharmacy, drugstore
药料	spice
药方	prescription
药材商	druggist
药片	tabloid
药物	remedy
药物处理	medication
药物学	pharmacology, pharmacological
药物学的	pharmacological
药物治疗	medication
药理学	pharmacology, pharmacological
药理学的	pharmacological
药用	pharmaceutical, medicinal
药用的	pharmaceutical, medicinal
药用蜀葵	marshmallow
药疗法	medication
药的	medical
药签	swab
药膏	salve, ointment
药草	herb
药蒲公英	dandelion
药量记载	inscription
荷兰杜松子酒	schnapps
荷兰盾	guilder
荷兰芹	parsley
荷尔蒙	hormone
荷尔蒙的	hormonal
荷花	lotus, waterlily
荷边装饰	flounce
莉娃	riva
莉娜	lena
莉斯	liz
莉比	libby
莉莉	lili, lilly
莉莲	lilian, lillian
莉齐	lizzie
莎丽	sari
莎伦	sharon
莎笼	sarong
莎草	sedge
莎蒂	sadie
莨蒿	caraway
莫可名状	nondescript
莫可名状的	nondescript
莫名其妙	indescribable
莫名其妙的	indescribable
莫奈	monet
莫妮可	monique
莫娜	mona
莫明其妙	unintelligible
莫明其妙的	unintelligible
莫林	maureen
莫泽雷勒干酪	mozzarella
莫测高深	unfathomable
莫测高深的	unfathomable
莫蒂默	mortimer
莫里斯	maurice
莫里斯舞	morris
莫里森	morrison
莫顿	morton
莱尔	lyle
莱文	levine
莱斯利	leslie, lesley
莱斯特	lester
莱昂内尔	lionel
莱比锡城	leipzig
莱茵石	rhinestone
莲	lotus
莲花	lotus
莲花公司	lotus
莲蓬头	showerhead
莳罗	dill
莳萝	cumin, dill
莳萝叶	dill
莴苣	lettuce
获他人信赖	confidential
获他人信赖的	confidential
获假释者	parolee
获准	permissive
获准入学者	matriculate
获准的	permissive
获利	profit, gain
获利地	beneficially
获利的	lucrative
获利者	gainer
获取	angle
获取的引渡	extradite
获得	get
获得之物	booty
获得学位	inception
获得成功的人	achiever
获得某种利益	enjoy
获得物	acquisition
获得的	acquired
获得者	gainer
获救	saved
获救的	saved
获暴利	profiteer
获暴利的人	profiteer
获胜	win
获许可的人	licensee
莽撞	saucy, obtrusive
莽撞的	saucy, obtrusive
莽汉	randy
菊科	composite
菊科的	composite
菊花	mum
菊苣	endive, radicchio
菌丛	colony
菌落	colony
菌褶	gill
菜刀	slice
菜单	menu
菜园	garden
菜泥	puree
菜盆	nappy
菜肉馅煎蛋饼	frittata
菜肴	dish
菜豆	pinto
菜贩	greengrocer
菠菜	spinach
菠萝	pineapple
菩提树	linden
菱形	diamond
菱形窗玻璃	lozenge
菱形花纹	lozenge
菲利斯	phyllis
菲利普	philip
菲利普斯	phillips
菲力克斯	felix
菲茨杰拉德	fitzgerald
菲茨罗伊	fitzroy
菲茨阿伦	fitzalan
菲西克氏手术	physicist
萃取	extraction, leach
萃取的	extractive
萌生林	copse
萌芽	seed, embryonic
萌芽的	embryonic
萎缩	shrink, atrophy
萎缩症	atrophy
萎蔫	wilted
萎蔫的	wilted
萎靡	weary, sag
萎靡不振	flagging
萎靡不振的	flagging
萎靡的	weary
萝卜	turnip, daikon
萤光屏检查	screening
萤光笔	highlighter
萤火虫	firefly
营	battalion
营业	business
营业上	operating
营业上的	operating
营养	nutrient, nutrition
营养不良	malnutrition, malnourished
营养不良的	malnourished
营养品	nutrition, nourishment
营养失调	malnutrition, malnourished
营养失调的	malnourished
营养学	nutrition
营养学家	dietitian, nutritionist
营养物	nutrient, nurture
营养的	nutrient, nutritional
营养障碍	dystrophy
营地	campsite
营房	barracks
营救	rescue
营救失事船只	wreck
营救难船	wrecking
营火	campfire, bonfire
营火会	campfire
营生	livelihood
营营响	buzzing
营营响的	buzzing
营造	building
萦绕于	haunt
萦绕于心头	hauntingly
萦绕于心头地	hauntingly
萧条	sag, sluggishness
萧条期	winter
萧条的	sluggish, stagnant
萧瑟	bleak
萧瑟的	bleak
萨克拉门托	sacramento
萨克斯管	saxophone, sax
萨克斯顿	saxton
萨克福马	suffolk
萨姆纳	sumner
萨宾人	sabine
萨尔萨舞曲	salsa
萨拉米腊肠	salami
萨摩亚	samoa
萨摩亚人	samoan
萨格勒布	zagreb
萨梯	satyr
萨满教僧	shamanic
萨满教僧的	shamanic
萨满教巫医	shaman
萨瑟兰	sutherland
萨瑟兰郡	sutherland
萨福克	suffolk
萨福克羊	suffolk
萨米	sammy
萨达姆	saddam
萨顿	sutton
落下	fall
落下来	fallen
落下来的	fallen
落下的	falling
落下的人	dropper
落伍	outdated, straggle
落伍的	outdated, musty
落伍的事物	anachronism
落叶	shatter
落叶松	larch
落叶松属植物	larch
落后	trail, lag
落后了的	belated
落后的	laggard
落后者	laggard
落泊	degraded
落泊的	degraded
落网	mesh
落羽杉	cypress
落选者	rejected
落魄者	deadbeat
著书多	voluminous
著书多的	voluminous
著作	writing, literature
著作人	author
著作家	bookmaker
著作权	copyright
著作者	authorial
著作者的	authorial
著名	notably, distinguished
著名人士	notable
著名地	notably
著名拉链品牌	kee
著名的	distinguished, noted
著手解决	assail
著明人士	celeb
著述	write
葡糖	glucose
葡萄	grape, vine
葡萄园	vineyard
葡萄干	raisin, currant
葡萄收获	vintage
葡萄树	grape
葡萄球菌	staphylococcus
葡萄球菌属	staphylococcus
葡萄糖	glucose
葡萄藤	grapevine
葡萄轴	grapefruit
葡萄酒	wine
葡萄酒厂	winery
葡萄酒生产者	winemaker
葡萄酒酿造者	winemaker
董事	director
董事会	directorate
董事长	president
葫芦	gourd, calabash
葬礼	funeral, burial
葬礼的	funerary
葬送	pickle
葱	shallot
蒂姆	tim
蒂娜	tina
蒂特福德	titford
蒂米	timmy
蒋	chiang
蒙上面纱	veil
蒙上面纱的	veiled
蒙住	muffled
蒙住的	muffled
蒙受	incur
蒙古包	yurt
蒙哥马利	montgomery
蒙太奇	montage
蒙头斗篷	cowl
蒙混	fudge
蒙特	mont
蒙特利尔	montreal
蒙脱石	mont
蒙蔽	blind
蒙蔽物	blind
蒙骗	blindfold
蒙骗者	dodger
蒙默思郡	monmouth
蒜泥蛋黄酱	aioli
蒲公英	dandelion
蒲团	futon
蒲式耳	bushel
蒴果	capsule
蒸	braise, steamed
蒸发	steam, evaporate
蒸发干燥	evaporated
蒸发干燥的	evaporated
蒸发的	evaporative
蒸气	vapour, vapor
蒸汽	steam
蒸汽发生器	steamer
蒸汽机	steamer
蒸汽的	steam
蒸煮	cooking, digestion
蒸煮器	digester, marmite
蒸煮罐	digester
蒸煮锅	digester
蒸熟	steamed
蒸熟的	steamed
蒸的	steamed
蒸锅	cooker
蒸馏	still
蒸馏器	retort, distiller
蒸馏室	still
蒸馏法	distillation
蒸馏者	distiller
蒸馏酒	tequila
蓄意	overt, wilfully
蓄意地	wilfully
蓄意害人	malice
蓄意的	overt
蓄意的破坏	mayhem
蓄意破坏者	vandal
蓄栏	crib
蓄水	sluice
蓄电池	battery
蓄积	accumulation
蓄积的	cumulative
蓄能器	accumulator
蓍草	yarrow
蓑衣草	sedge
蓝图	blueprint
蓝宝石	sapphire
蓝脆性	shortness
蓝色	blue
蓝色的	blue
蓝色鸣鸟	bluebird
蓝鱼	bluefish
蓟	thistle
蓟马	thrip
蓬乱	rough, unkempt
蓬乱一团	shag
蓬乱的	rough, unkempt
蓬勃	health
蓬松	fluffy
蓬松的	fluffy
蔑视	defiance, disdain
蔑视的	disadvantageous, disparaging
蔓延	creep, overrun
蔓生	sprawling, rampant
蔓生植物	rambler
蔓生的	sprawling, rampant
蔓足	cirrus
蔗二糖	sucrose
蔗糖	sucrose
蔚蓝	azure, cerulean
蔚蓝的	azure, cerulean
蔬菜	vegetable
蔬菜水果商	greengrocer
蔬菜烩肉	mulligan
蔬菜的	vegetable
蔷薇	rose
蔷薇丛	rosebush
蔷薇果	hip
蔷薇结	rosette
蔷薇色	rosy
蔷薇色的	rosy
蔷薇花蕾	rosebud
蔷薇花饰	rosette
蕃茄酱	ketchup
蕈	fungus
蕨类植物	fern
蕴含	inclusion
薄	thin
薄如纸	papery
薄如纸的	papery
薄层	lamina
薄弱	weakness
薄弱的	gossamer, dotty
薄弱部分	underbelly
薄情	inhumane, fickle
薄情的	inhumane, fickle
薄斜纹呢	beige
薄暮	dusk
薄木片	splint
薄板	lamina
薄板状	laminate
薄板状的	laminate
薄泥浆	grout
薄烤饼	pancake
薄煎饼	pancake
薄片	chip
薄片的	flaky
薄的	thin
薄的切片	slice
薄的织物	tissue
薄硬壳	shard
薄纱	tissue
薄纸	flimsy
薄纸板	cardboard
薄绸	chiffon
薄翳	nebula
薄而易剥落	flaky
薄而易剥落的	flaky
薄膜	film
薄膜形成	filming
薄膜的	filmy
薄荷	mint, peppermint
薄荷油	peppermint
薄酥饼	wafer
薄雾	haze
薄饼	jumble
薨	demise
薪水	salary
薪资	pay
薪金	stipend, stipendiary
薪金的	stipendiary
薯蓣	yam
薯蓣属植物	yam
薰香	perfume
薴藁增二	mira
藉口	cover
藉慰	console
藏	hide
藏书	library
藏匿	harbour, harbor
藏垢的场所	sink
藏垢纳污之外	hellhole
藏牌	revoke
藏红花	saffron
藏红花柱头	saffron
藏红花色	saffron
藏红花色的	saffron
藏茴香	caraway
藏起来	stash
藏身处	burrow
藏酒	cellar
藐视	defy, contempt
藜科灌木	chico
藤	vine
藤壶	barnacle
藤本植物	vine
藤材	rattan
藤杖	rattan
藤条	cane
藤架	arbor, pergola
藻	alga
藻的	algal
藻类	algae, alga
蘑菇	mushroom
蘑菇形	mushroom
蘑菇形物	mushroom
蘑菇形的	mushroom
虎	tiger
虎克	hooke
虎头蛇尾	anticlimactic
虎头蛇尾的	anticlimactic
虎钳	vise
虎鲸	orc
虐妻者	batterer
虐待	abuse
虐待家属者	batterer
虐待狂	sadistic, sadism
虐待狂的	sadistic
虐待狂者	sadist
虐待者	torturer
虔敬	awful, devout
虔敬地	devoutly
虔敬的	awful, devout
虔诚	religious
虔诚信徒	partisan
虔诚地	reverently, devoutly
虔诚的	religious
虔诚的行为	piety
虔诚而经常	religiously
虔诚而经常地	religiously
虚	virtual
虚传	fairytale
虚伪	false, mock
虚伪信仰	religiosity
虚伪地	mock, falsely
虚伪的	false, hollow
虚伪陈述	falsehood, misstatement
虚位	phantom
虚假	pretense, falsehood
虚假性	artificiality
虚夸	pompous
虚夸的	pompous
虚妄	fallacy
虚幻	unfounded
虚幻的	unfounded, illusory
虚度	moon, idle
虚度光阴	loaf, trifle
虚度时光	fiddle
虚张声势	bravado
虚张声势吓人	swagger
虚张声势的人	hector
虚弱	weakness, weak
虚弱地	weakly
虚弱的	weak, frail
虚弱的人	weakling
虚情假意	smarmy
虚情假意的	smarmy
虚报	watering
虚拟	virtual
虚无	vanity
虚无主义	nihilism, nihilistic
虚无主义的	nihilistic
虚无妄想	nihilism
虚构	fictional, invent
虚构故事	fiction
虚构的	fictional, imaginative
虚构的事	myth
虚构的事实	fiction
虚构的人	myth
虚构的故事	invention, fudge
虚构的谎言	fabrication
虚的	virtual
虚线	dashed
虚肿的	puffy
虚脱	collapse
虚荣心	vanity
虚设	dummy
虚设的	dummy
虚词	expletive
虚语	tale
虚谈症	fabrication
虚饰	varnish, pageant
虚饰的	stilted, feint
虫	worm, bug
虫漆	lac
虫胶	lac
虮	nit
虱	crawler, louse
虱卵	nit
虱子	louse
虹	iris
虹吸	syphon
虹吸管	siphon, syphon
虹膜	iris
虹色的	iridescent
虹鳟	steelhead
虻	gadfly
虽然	although, while
虽然如此	nevertheless
虾	shrimp
蚀刻	etch
蚀刻术	etching
蚀刻版画	etching
蚀刻画	etching
蚀镂	etch
蚁冢	anthill
蚂蚁	ant
蚊	mosquito, gnat
蚊子	mosquito
蚋	gnat, midge
蚕食	encroach
蚜虫	aphid
蚝	oyster
蚝卵	spat
蚤	flea
蚯蚓	earthworm
蚱蜢	grasshopper, locust
蚴	larva
蚴的	larval
蛀书虫	bookworm
蛀孔	wormhole
蛀洞	wormhole, pinhole
蛄	crawfish
蛆	maggot
蛇	snake
蛇咬伤	snakebite
蛇形管	serpent
蛇的	serpentine
蛇皮	snakeskin
蛇皮革	snakeskin
蛇神	zombie
蛇类毒牙	fang
蛇纹石	serpentine
蛊惑	delude, bewitch
蛊惑的	demagogic
蛋	egg
蛋壳	eggshell
蛋奶糕	custard
蛋奶酒	eggnog
蛋彩画	tempera
蛋彩画法	tempera
蛋氨酸	met
蛋白乳酪酥	fondue
蛋白水解酶	protease
蛋白甜饼	meringue
蛋白甜馅饼	meringue
蛋白石	opal
蛋白质	protein
蛋白质的	protein
蛋白酶	protease
蛋糕	cake
蛋糖霜	meringue
蛋酒	eggnog
蛋黄	yolk
蛋黄酱	mayonnaise, mayo
蛙	frog
蛛丝	web
蛤	clam
蛤壳	clamshell
蛤壳状挖泥器	clamshell
蛤蚧	gecko
蛤贝	mussel
蛮勇	daredevil, temerity
蛮勇的	daredevil
蛮勇的人	daredevil
蛮横	brutally, overbearing
蛮横地	brutally
蛮横无礼	snotty
蛮横无礼的	snotty
蛮横的	overbearing
蛰伏	dormancy
蛹	nymph, chrysalis
蛾	miller, moth
蛾害	moth
蛾蛹	chrysalis
蜀羊泉	bittersweet
蜀葵	hollyhock
蜀葵糖剂	marshmallow
蜀黍	sorghum
蜂巢	honeycomb, beehive
蜂巢的	honeycomb
蜂房	hive
蜂拥	throng, stampede
蜂拥进入	mob
蜂涌而来	pour
蜂窝	beehive
蜂箱	beehive
蜂群	swarm
蜂蜜	honey
蜂蜜似	honey
蜂蜜似的	honey
蜂蜜酒	mead
蜂蜡	beeswax
蜂音器	buzzer
蜂鸟	hummingbird
蜂鸣	singing
蜂鸣器	buzzer
蜉蝣	mayfly, ephemera
蜉蝣状钓饵	mayfly
蜉蝣类	drake
蜕下的皮	slough
蜕变	metamorphosis, disintegrate
蜕皮	skin, peel
蜕落	shedding
蜕落物	shedding
蜗牛	snail
蜘蛛	spider
蜘蛛一般	spidery
蜘蛛一般的	spidery
蜘蛛网	cobweb, spiderweb
蜘蛛网一般	spidery
蜘蛛网一般的	spidery
蜜月	honeymoon
蜜月假期	honeymoon
蜜汁	honeydew
蜜蜂	bee
蜜蜂群	hive
蜜蜡	beeswax
蜜酒	mead
蜜里萨香草	melissa
蜜露	honeydew
蜜饯	conserve
蜡	wax
蜡像	waxwork
蜡制	waxy
蜡制品	waxwork
蜡制的	waxy
蜡杆	candlestick
蜡烛	candle
蜡烛制造者	chandler
蜡烛架	candlestick
蜡状物	wax
蜡状的	waxy
蜡的	waxy
蜡笔	crayon
蜡笔画	pastel, crayon
蜡笔画的	pastel
蜡纸	stencil
蜡膜形成	waxing
蜡色	waxy
蜡色的	waxy
蜡防印花布	batik
蜡防印花法	batik
蜥蜴	lizard
蜷卧	nuzzle
蜷曲	huddle
蜷着	crouch
蜷缩	crouch, huddle
蜷缩的	crinkly
蜻	skimmer
蜻蜓	dragonfly
蜿蜒	winding, meander
蜿蜒前进	wriggle
蜿蜒流动	meander
蜿蜒的	winding
蜿蜒而行	swan
蝉	locust, cicada
蝌蚪	tadpole
蝎	scorpion
蝎子	scorpion
蝎尾鞭	scorpion
蝗虫	locust, grasshopper
蝙蝠	bat
蝙蝠的	batty
蝙蝠蛾	swift
蝰蛇	viper, adder
蝴蝶	butterfly
蝶式棉块	butterfly
蝻	nymph
蝾螈	salamander
螃蟹	crab
融为一体	commune
融化	oil
融合	fuse, confluence
融合膜	nexus
融洽	rapport, matey
融洽的	matey
融解	thaw
融资	financing
融雪	slushy
融雪水	snowmelt
融雪的	slushy
螨	mite
螯	claw
螯合作用	sequestration
螯合剂	sequester
螳螂	mantis
螺丝起子	screwdriver
螺型位移	spiralling
螺层	whorl
螺帽	nut
螺旋	screw
螺旋形	spiral
螺旋形上升	spiral, spire
螺旋形下降	spiral
螺旋形之物	spiral
螺旋形的	spiral
螺旋形行进	spiral
螺旋桨	propeller
螺旋状	helical
螺旋状物	helix, whorl
螺旋状的	helical
螺旋运动	spiralling
螺旋钻	auger
螺杆	screw
螺纹接口	nipple
螺纹接合器	hickey
螺纹接套	nipple
螺纹钣刀	chaser
螺线	spiral
螺绕环	torus
螺钉	bolt, screw
蟋蟀	cricket
蟑螂	cockroach
蟒蛇	boa
蟹肉	crabmeat
蟾蜍	toad
蠓	midge
蠕动	creep, wring
蠕动的东西	crawler
蠕虫	worm
蠕行	worm
蠢	nerdy, stupidest
蠢人	lout, knucklehead
蠢材	boob
蠢的	nerdy, stupidest
蠹	moth
血	blood
血亲亲属	sib
血仇	vendetta
血压过高	hypertension
血友病	hemophilia, hemophiliac
血友病患者	haemophiliac, hemophiliac
血友病的	hemophiliac
血块的构成	infarction
血型学	typology
血小板	platelet
血崩	flooding
血提犬	bloodhound
血族婚姻	intermarriage
血染	sanguine
血栓形成	thrombosis
血汗工厂	sweatshop
血污	bloodstained, gory
血污的	bloodstained, gory
血流	bloodstream
血浆	plasma
血液	vitae
血液尿素氮	bun
血淋淋	gory
血淋淋的	gory
血清	serum, sera
血清素	serotonin
血球	globule
血球溶解	lake
血管	vein, vascular
血管学	angiography
血管成形术	angioplasty
血管照相术	angiography
血管的	vascular
血管造影术	angiography
血管造影片	angiogram
血糖	glycemic
血糖的	glycemic
血红色	sanguine
血红色的	sanguine
血红蛋白	haemoglobin, hemoglobin
血细胞	globule
血细胞渗出	emigration
血统	blood, stock
血缘	kindred
血缘关系	kin
血缘的	kindred
血肿	hematoma
血腥	bloody
血腥的	bloody
血色素	hemoglobin
血迹	bloodstain
衄血	nosebleed
行	range, okay
行不通	logjam
行业	vocation, calling
行业协会	guild
行为	act, behavior
行为不检	misdemeanor
行为不检的	unclean
行为不端	misdemeanour, misbehave
行为不良	delinquency
行为不良的人	delinquent
行为主义者	behaviorist, behaviourist
行为人	doer
行为反常	perverted
行为反常的	perverted
行为反常者	pervert
行为失检	misdemeanour
行为无礼貌	misbehave, misbehaviour
行为的	behavioral, behavioural
行为研究者	ethologist
行为笨拙	muff
行为者	doer
行为规矩	behave
行为过火的	aggressive
行乞	begging
行人	pedestrian
行人穿越道	crosswalk
行会会长	deacon
行使	exercise
行使意志	volition
行使特权	prerogative
行使特权的	prerogative
行使职务	officiate
行使职权者	exerciser
行使职责	function
行军	march
行军床	cot
行凶抢劫	mugger, mugging
行凶者	perpetrator
行刑者	executioner
行列	train
行刺	assassinate, assassination
行刺者	assassin
行动	action, act
行动主义	activism, behaviourism
行动者	actor
行动自由者	libertarian
行动迟缓的人	snail, tortoise
行动鲁莽	tearaway
行动鲁莽的	tearaway
行医	doctor
行医者	practitioner
行吟诗人	troubadour
行家	expert, operator
行家的地位	connoisseurship
行将发生	pending
行将发生的	pending
行将退休	retiring
行将退休的	retiring
行将隐退	retiring
行将隐退的	retiring
行屈膝礼	curtsy
行径	proceedings
行情看涨的	bullish
行政	administration
行政区	canton
行政区的划分	regionalism
行政地	administratively
行政官	administrator
行政的	administrative
行政长官	commissioner
行星	planet
行星仪	planetarium
行星的	planetary
行星间	interplanetary
行星间的	interplanetary
行李	luggage, baggage
行李仓	deck
行李架	rack
行的	hunk
行礼	salute
行程	journey
行程安排	scheduling
行经	menstruate, menstruation
行话	jargon
行贿	bribe, bribery
行走	tread, hoof
行踪不明的	missing
行车道	road
行过的路程	advance
行进	travel
行进者	marcher
行销	marketing
行额手礼	salaam
行驶	steam, steer
行骗	deceive, juggle
行骗者	fraudster, juggler
行魔法	charm
衍化	derivation
衍变	transmutation
衍射	diffraction
衍生	derived
衍生事物	offshoot
衍生字	derivative
衍生的	derived
衔接	engagement
衔接口	seam
衔接器	adapter
衔铁	armature
街区	street, block
街头乞丐	panhandler
街头恶棍	hooligan
街头演说	soapbox
街头演说的	soapbox
街头的边石	kerb
街头行乞	panhandle
街灯	streetlight, streetlamp
街灯柱	lamppost
街道	street
街道的	street
衡算计量	accountability
衡量	scale, weigh
衡量标准	yardstick
衣冠不整	dishevelled
衣冠不整的	dishevelled
衣冠冢	cenotaph
衣原体	chlamydia
衣商	clothier
衣室	wardrobe
衣服	clothes, clothing
衣服合身	sit
衣服磨薄了	threadbare
衣服磨薄了的	threadbare
衣架	hanger
衣柜	chest
衣橱	wardrobe
衣着考究	dressy
衣着考究的	dressy
衣着褴褛	threadbare
衣着褴褛的	threadbare
衣肩	shoulder
衣衫褴褛	ragged, shabby
衣衫褴褛的	ragged, shabby
衣衫褴褛的人	scarecrow
衣装	garment
衣裳	vestment
衣领	neck, collar
补	revamp
补习	remediation
补偿	pay
补偿损失	recoup
补偿的	compensatory
补充	accompany, reinforce
补充人员	sub
补充剂	extender
补充物	supplement
补充的	complementary, supplementary
补充的东西	pendant
补助	subsidize
补助品	contribution
补助翼	aileron
补助金	subsidy
补品	cordial
补强	reinforcement
补救	repair, remedy
补救办法	help
补救的	remedial, remediate
补数	complement
补白	filler
补码	complement
补给	supply
补给燃料	refuel
补缀	patch
补缀的	patchy
补编	continuation
补缺者	stopgap
补药	tonic
补语	complement
补贴	subsidy, bounty
补足	supplementary, complementary
补足物	complement
补足的	supplementary, complementary
补遗	addendum
补锅匠	tinker
补鞋匠	cobbler
表兄弟姊妹	cousin
表列的	listed
表单	form
表召唤的点头	beckon
表型	phenotype
表型的	phenotypic
表层土	topsoil
表层物	skim
表彰	cite
表征	token
表意	token
表意的	token
表扬	praise
表扬的	testimonial
表明	point
表明的	indicated
表格	table
表格式	tabular
表格式的	tabular
表氧	epoxy
表演	act, stage
表演不充分	underplay
表演特技	stunt
表演特技者	acrobat
表演的	performing
表演者	performer
表现	show, represent
表现主义	expressionism, expressionist
表现主义的	expressionist
表现地	expressively
表现型	phenotype
表现派作家	expressionist
表现的	representative
表现良好	sizzling
表白	profession, profess
表皮	cuticle, epidermis
表皮的	epidermal
表示	be
表示亲昵	pet
表示亲昵的	pet
表示出	evince
表示同情	sympathise
表示地	expressively
表示实在	substantive
表示实在的	substantive
表示尊敬	respectful
表示尊敬的	respectful
表示异议	remonstrate
表示异议者	objector
表示怜悯	compassionately
表示怜悯地	compassionately
表示悔罪	penitent
表示悔罪的	penitent
表示愿心	votive
表示愿心的	votive
表示敬意	honorific
表示敬意的	honorific
表示数字	numeral
表示数字的	numeral
表示法	representation
表示法指定	representation
表示爱情	amorous
表示爱情的	amorous
表示特性	characteristically
表示特性地	characteristically
表示许可的	permissive
表示语音	phonetic
表示语音的	phonetic
表示轻蔑	flout
表象	presentational
表象的	presentational
表达	voice, expression
表达式	expression
表达感情	affective
表达感情的	affective
表达的	expressive
表述	formulation
表里不一	duplicity
表露	express
表面	surface, external
表面上	apparently, apparent
表面上的	apparent
表面上看来	seemingly
表面下	subsurface
表面下的	subsurface
表面保护层	sealer
表面化	externalize
表面性	superficially
表面性的事物	superficiality
表面暗淡	matt
表面暗淡的	matt
表面涂布不匀	crawling
表面的	surface, external
表面粗糙	matt, matte
表面粗糙的	matt, matte
表面配置	configuration
表音拼法	phonetics
衬垫	pad, lining
衬套	lining
衬底	substrate
衬托	foil
衬托纸	mounting
衬片	gland
衬纸	mount
衬背	backing
衬衣	sark, undergarment
衬衣下摆	shirttail
衬衫	shirt
衬衫式外衣	chemise
衬衫式长睡衣	nightshirt
衬衫的袖子	shirtsleeve
衬裙	petticoat
衬裤	underpants
衬边	mat
衬里	lining
衰减	attenuation, diminishing
衰减器	dimmer
衰减的	attenuated
衰弱	feeble, wilt
衰弱地	wanly
衰弱的	feeble, emaciated
衰微	wane, decadent
衰微的	decadent, effete
衰竭	depletion, crock
衰老	decrepit, senile
衰老的	decrepit, senile
衰萎	overripe
衰萎的	overripe
衰落	decline, slump
衰败	ruin, downfall
衰退	decline, recession
衰退中	declining
衰退中的	declining
衰退期	winter
衰退期的	recessionary
衰退的	recessionary
衰颓感	sinking
衷心	heartfelt, heartily
衷心地	heartily
衷心的	heartfelt
袈裟	cassock
袋子	bag
袋布	sacking
袋熊	koala
袋状	baggy, marsupial
袋状物	bag
袋状的	baggy, marsupial
袋狼	hyena
袋装	sacked
袋装的	sacked
袋装茶叶	teabag
袋鼠	kangaroo, roo
袒护的	overprotective
袒胸	topless
袒胸的	topless
袖口	cuff
袖子	arm
袖手旁观者	onlooker
袖珍	pocket
袖珍折刀	penknife
袖珍的	pocket
袜	hosiery
袜子抽丝	ladder
袜带	garter
被	by
被一般承认	received
被一般承认的	received
被上帝抛弃	godforsaken
被上帝抛弃的	godforsaken
被介绍人	referral
被任命	nominated
被任命的	nominated
被任命者	nominee, appointee
被作为特色	featured
被作为特色的	featured
被侵蚀	corrode
被侵蚀的	eroded
被俘	captive
被俘的	captive
被保卫着	guardedly
被保护者	protege
被保持	maintained
被保持的	maintained
被保证者	assured
被保险人	assured
被信以为真	supposed
被信以为真的	supposed
被信托者	fiduciary
被修改	modify
被偷窃的	stolen
被先占	preoccupied
被先占的	preoccupied
被免除义务者	exempt
被公认	putative
被公认的	putative
被关	captivity
被关在厩内	stall
被再注满	refill
被再装满	replenish
被冲蚀	wash
被净化	refine
被击倒	knockout
被分散	dispersed
被分散的	dispersed
被分离	segregated
被分离的	segregated
被切成片	section
被删剪	censored
被删剪的	censored
被判处流放者	deportee
被到处扔	toss
被刺穿	puncture
被刺网捕住	gill
被剔出的动物	cull
被剥去	strip
被加工处理	cure
被加热	warmed
被动	passive, passively
被动性	passivity
被动的	passive
被包围物	enclave
被包围的领土	enclave
被单料子	sheeting
被压扁	squash
被压碎	crush
被压缩	compressed
被压缩的	compressed
被反射	reflect
被发现的事物	discovery
被取代	displaced
被取代的	displaced
被同化	assimilate
被吸引的	attracted
被吸收	assimilate
被吸收的	absorbed
被告	defendant, respondent
被告席	dock
被告方	defendant
被呼叫	called
被呼叫的	called
被咒	accursed
被咒的	accursed
被唤起	awake
被喜爱的食品	standby
被围困	marooned
被围困的	marooned
被埋没	unheralded
被埋没的	unheralded
被塞住	stop
被妖魔缠住	possessed
被妖魔缠住的	possessed
被害人	victim
被害的	injured
被害者	sufferer
被封锁	blocked
被封锁的	blocked
被尊重	considered
被尊重的	considered
被屠宰	killed
被屠宰的	killed
被开启	unlock
被开垦	tame
被开垦的	tame
被弃之物	reject
被弄污	blurred
被弄污的	blurred
被弄脏	smear, smudge
被强制	compulsory
被强制的	compulsory
被强迫	constrained
被强迫的	constrained
被归入某类	classified
被归入某类的	classified
被征入伍	conscript
被征入伍的	conscript
被征入伍者	enrollee
被征召	conscript
被征召入伍者	draftee
被征召的	conscript
被征服	vanquished
被征服的	vanquished
被征询人	informant
被忍住	suppressed
被忍住的	suppressed
被忘却的事	oblivion
被忽略了	untended
被忽略了的	untended
被忽视	unnoticed
被忽视的	unnoticed
被怀疑者	suspect
被想到	occur
被感染	infected
被感染的	infected
被截肢者	amputee
被打开	unlatch
被打碎	shiver
被打败了	beaten
被打败了的	beaten
被扣扣者	detainee
被扣押者	detainee
被扭弯	crumpled
被扭弯的	crumpled
被扼杀	stifle
被扼死	strangle
被承包	let
被承担的	assumed
被承认了	admitted
被承认了的	admitted
被抑制	subdued, smother
被抑制的	subdued, repressed
被抛弃	abandoned
被抛弃了	derelict
被抛弃了的	derelict
被抛弃的	abandoned
被抛弃的人	castaway
被拉开	rip
被拒之人	reject
被拖动	trailing
被拖动的	trailing
被拘留	arrested
被拘留的	arrested
被拘留者	intern, detainee
被指名	named
被指名的	named
被指定人	nominee
被指定的人	appointee
被挑选者	select
被捕	arrested
被捕猎	hunted
被捕猎的	hunted
被捕的	arrested
被损坏	damaged
被损坏的	damaged
被捣成糊状	mashed
被捣成糊状的	mashed
被授与者	grantee
被授予人	grantee
被掠夺	harried
被掠夺的	harried
被掠食者	prey
被接见者	interviewee
被控制	directed, contained
被控制的	directed, contained
被推翻的	reversed
被推荐	recommended
被推荐的	recommended
被揍得昏厥	cooked
被揍得昏厥的	cooked
被提名	nominated
被提名的	nominated
被提名者	nominee
被提议	proposed
被提议的	proposed
被携带	carry
被撤离者	evacuee
被撤销的	reversed
被擦亮	burnished
被支持的	supported
被收养	adopted
被收养的	adopted
被收养者	adoptee
被收容者	inmate
被放在桶里洗	tub
被放逐者	exile, pariah
被效仿	modeled
被断言	alleged
被断言的	alleged
被暑气所苦	swelter
被杀死	killed
被杀死的	killed
被染色	dyed
被染色的	dyed
被歧视者	nigger
被毁	destroyed
被污染	polluted
被污染的	polluted
被没收	confiscate
被没收的	confiscate
被洗劫	sacked
被洗劫的	sacked
被流放者	expatriate
被浪冲打	awash
被浪冲打的	awash
被浸湿	sodden
被深深吸引	fascinated
被深深吸引的	fascinated
被淹	flood
被滥用	abusive
被滥用的	abusive
被漂净	rinse
被激怒	irritated, peeved
被激怒的	irritated, peeved
被照明	illuminated
被照明的	illuminated
被照顾者	attendee
被献给神	consecrate
被献给神的	consecrate
被玩弄的人	plaything
被玷污	tarnish
被玷污的	polluted
被疏散者	evacuee
被疏远	alienated
被疏远的	alienated
被监视着	guarded
被监视着的	guarded
被着色	dye
被破坏	blasted
被破坏的	blasted
被破除	exploded
被破除的	exploded
被硫化	cure
被碾磨	mill
被磨伤	gall
被磨损	fray
被禁	banned
被禁止	forbidden
被禁止的	illicit, forbidden
被禁的	banned
被禁闭	confinement
被移交	devolve
被窃之物	thievery
被筛下	sift
被精炼	refine
被约束	constrained
被约束的	constrained
被组成图案	patterned
被组成图案的	patterned
被绑架者	abductee
被绞死	hang
被缠住	entangled
被缠住的	entangled
被罚下地狱	damnation
被耙松	harrow
被膜	tunic
被虐待狂	masochism, masochist
被褥	bedding
被视为神圣	consecrated
被视为神圣的	consecrated
被解放的奴隶	freedman
被解散	disband
被触怒	injured
被触怒的	injured
被认为圣典	canonical
被认为圣典的	canonical
被认为是	supposedly
被认可	approved
被认可的	approved
被认同者	identified
被认证的	authentic
被议论	controversial
被议论的	controversial
被证实	confirmed
被证实的	confirmed
被评价	rate
被诅咒	cursed
被诅咒的	cursed
被识别	identified
被识别的	identified
被译	translate
被误导	misguided
被误导的	misguided
被误解	mistakenly
被误解地	mistakenly
被误送	miscarry
被说服	persuade
被请求	requested
被请求的	requested
被调任者	transferee
被调查者	informant
被调节	adjust
被赋于人形	anthropomorphic
被赋于人形的	anthropomorphic
被转动	turned
被转动的	turned
被迫	forced
被迫交出	disgorge
被迫的	forced
被迷住	captive, enamored
被迷住了	intrigued
被迷住了的	intrigued
被迷住的	captive, enamored
被送回	returned
被送回的	returned
被选	elect
被选的	elect
被选的人	elect
被逐出	outcast
被逐出教会	excommunicate
被逐出教会的	excommunicate
被逐出的	outcast
被逗乐	amused
被逗乐的	amused
被通缉	wanted
被通缉的	wanted
被逮捕的	busted
被遗弃	deserted, outcast
被遗弃的	deserted, outcast
被遗弃的人	derelict
被遣返回国者	repatriate
被遮断	interrupted
被遮断的	interrupted
被采用	adopted
被采用的	adopted
被采访者	interviewee
被重力吸引	gravitate
被钩住	hitch
被镇压	repressed
被镇压的	repressed
被阉割	emasculated
被阉割的	emasculated
被防护着	guarded
被防护着的	guarded
被阻断	interrupted
被阻断的	interrupted
被附上	enclosed
被附上的	enclosed
被陆地围住	landlocked
被陆地围住的	landlocked
被降级	degraded, busted
被降级的	degraded, busted
被限制	confined
被限制的	confined
被除数	dividend
被隔离	segregate
被隔离的	segregate
被隔离的部分	segregation
被雇	mercenary
被雇的	mercenary
被雪困住	snowbound
被雪困住的	snowbound
被雪封住	snowbound
被雪封住的	snowbound
被雾笼罩	fog
被震惊	astounded
被震惊的	astounded
被霜伤害	frostbite
被面试者	interviewee
被风吹	windblown
被风吹扫	windswept
被风吹扫的	windswept
被风吹的	windblown
被驯养了	domesticated
被驯养了的	domesticated
被驱散	dispersed
被驱散的	dispersed
被驱逐出境者	deportee
被驱逐的人	outcast
被驱逐者	deportee
袭击	raid, assault
袭击者	raider
裁军	disarm, disarmament
裁决	find
裁决权	jurisdictional
裁决权的	jurisdictional
裁决者	arbiter
裁减	rundown
裁减人数	downsize
裁切不正	cropped
裁切不正的	cropped
裁判	judgment, referee
裁判上	juridical
裁判上的	juridical
裁判员	judge, ref
裁判所	tribunal
裁判权的	jurisdictional
裁剪	cropping
裁剪者	cutter
裁定	award, rule
裁定给	adjudge
裁定者	adjudicator
裁撤	abolish
裁缝	tailor
裁缝做	tailored
裁缝做的	tailored
裁缝匠	sartorial
裁缝匠的	sartorial
裁缝师	sewer
裁缝的	sartorial
裂伤	laceration
裂伤撕碎	laceration
裂化的	cracked
裂变	fission
裂口	breach, rift
裂开	crack, rip
裂沟	fissure
裂片	split, sliver
裂痕	rip
裂着大口	yawning
裂着大口的	yawning
裂纹	flaw
裂缝	crack, split
裂缝的	interstitial
裂解	decomposition, cracking
裂隙	cranny
装	chamber
装上	mount
装上提灯	lantern
装上栓	cleat
装上羽毛	fledge
装上翅	fin
装上软垫	upholstered
装上软垫的	upholstered
装以玻璃	glaze
装以窗框	sash
装以鞋跟	heel
装以马鞍	saddle
装以齿	tooth
装以龙骨	keel
装作	act
装倒钩于	barb
装入小瓶	vial
装入桶	tub
装入桶内	barrel
装入盆中	pot
装入程序	loader
装入篮	basket
装入胶囊	encapsulate
装冰	iced
装冰的	iced
装凸缘	flange
装刀柄于	tang
装圆材于	spar
装填	stuff, load
装填物	filler
装填者	filler
装备	arm, equipment
装尖头	nib
装帘子于	curtain
装帧	inlay
装弹	shot
装成端庄	demure, demurely
装成端庄地	demurely
装成端庄的	demure
装托架	bracket
装扮	rig, impersonation
装把手于	stock
装支管	offset
装料	load
装料机	charger
装曲柄	crank
装有封面	bound
装有封面的	bound
装有拉链	zippered
装有拉链的	zippered
装有板条	slatted
装有板条的	slatted
装有百叶窗	shuttered
装有百叶窗的	shuttered
装杂物的容器	tidy
装杆于	shaft
装束	costume
装架	jig
装柄于	stem
装格栅于	grate
装桅杆于	mast
装椽于	rafter
装模作样	pose
装模做样	smugness
装满	fill
装满的	laden, replete
装点火药	priming
装玻璃于	glass
装璜	upholster
装瓶	bottle
装瓶工	bottler
装瓶机	bottler
装甲	armored, armour
装甲板	deck
装甲的	armored, ironclad
装甲车	panzer
装的	assumed
装皮带	thong
装相	mannerism
装着炸药	unexploded
装着炸药的	unexploded
装稳定器	stabilise
装窃听器	bug
装箱	case
装缨于	tassel
装罐	can
装罐头	canning
装置	device, apparatus
装肋状物于	rib
装腔作势	assume
装腔作势者	poser
装腔作势说话	mouth
装船	ship, shipment
装艺术	artsy
装艺术的	artsy
装药过多	overcharge
装补学	prosthetics
装袋	bag
装订	bind, stitch
装设	furnish, instalment
装货	load, freight
装货于	burden
装货人	freighter
装货的人	loader
装货箱	crate
装蹄铁于	horseshoe
装轮胎于	tyre
装轮辐	spoke
装载	load
装载过多	surcharge, overburden
装运	shipping
装进小包	packet
装配	assembly, assemble
装配工	rigger, assembler
装配式	fabricated
装配式的	fabricated
装配的	packed
装铰链	hinge
装锭子于	spindle
装门于	gate
装阀	valve
装阔气	doggy
装阔气的	doggy
装防盗报警器	bug
装雷管	priming
装鞘	scabbard
装顶端	tip
装饰	hang, deck
装饰品	decoration, garnish
装饰图案	vignette
装饰圆窗	rosette
装饰家	decorator
装饰性	decorative, ornamental
装饰性的	decorative, ornamental
装饰术	ornamentation
装饰物	ornamental
装饰玻璃粉	frosting
装饰的	ornate, ornamental
装饰线条	tracery
装饰者	decker
装饰花	corsage
装饰表面	ostentatious
装饰表面的	ostentatious
装饰过分	ornately
装饰过分地	ornately
装饰钮扣	stud
裘园	kew
裙子	skirt
裙撑	bustle
裙料	skirting
裤套装	pantsuit
裤子	trousers, pants
裱好	mounted
裱好的	mounted
裱糊工	decorator
裸	nude
裸体	naked
裸体主义者	nudist
裸体像	nudity
裸体画	nude
裸体的	naked
裸体躯干雕像	torso
裸的	nude
裸露	nudity
裸露物	nudity
裸露症患者	exhibitionist
裸露癖	exhibitionism
裸露的	naked
裹	swathe
裹以面包屑	bread
裹伤胶带	strapping
裹腿	legging
裹身	wraparound
裹身的	wraparound
褐灰色	taupe
褐煤	lignite
褐砂石	brownstone
褐砂石建筑	brownstone
褐紫红色	maroon
褐紫红色的	maroon
褐色	brown
褐色的	brown
褐雨燕	swift
褒扬	compliment, canonize
褥子	mattress
褥草	bedding
褪色	fade
褪色的	stained
褪黑激素	melatonin
褴褛	tattered
褴褛的	tattered
褶	pleat, plait
褶状物	pleat
褶皱	drape
襁褓	swaddle
西伯利亚	siberia, siberian
西伯利亚的	siberian
西克莫	sycamore
西兰岛	zealand
西化	westernized
西北	northwest
西北方	northwest, northwestern
西北方的	northwestern
西北的	northwest
西南	southwest
西南地区	southwest
西南方	southwest
西南的	southwest, southwestern
西印度群岛	indies
西印度轻木	balsa
西塞罗	cicero
西奈	sinai
西安	sian
西尔玛	thelma
西尔维亚	sylvia, silvia
西德尼	sidney
西摩	seymour
西方	west, western
西方人	western
西方国家	occidental
西方国家的	occidental
西方的	west, western
西洋人	westerner
西洋参	ginseng
西洋景	diorama
西洋棋盘	checkerboard
西洋菜	watercress
西洋象棋盘	chessboard
西班牙征服者	conquistador
西班牙系的人	hombre
西班牙贵族	don
西瓜	watermelon
西米	sago
西红柿	tomato
西莉亚	celia
西蒙	simon
西藏原羚	goa
西藏小羚羊	goa
西装背心	waistcoat
西西里岛	sicily, sicilian
西西里岛的	sicilian
西谷米	sago
西贡	saigon
西部	west
西部小说	western
西部片	western
西里尔	cyril
西门子	siemens
西风	zephyr, wester
西鲱	shad
要	want
要么	either
要人	bigwig
要价	charge
要保人	proposer
要命	frigging
要命的	frigging
要哭	weepy
要哭的	weepy
要塌似	dilapidated
要塌似的	dilapidated
要塞	fort, fortress
要害	quick
要式	solemnity
要旨	purport, tenor
要次登场	encore
要求	ask, claim
要求不高	undemanding
要求不高的	undemanding
要求再演	encore
要求告知	discovery
要求撤换	recuse
要求权	claim
要求的	requested
要求高	demanding
要求高的	demanding
要求高精度	fiddly
要求高精度的	fiddly
要点	important, essential
要用力气	robust
要用力气的	robust
要目	syllabus
要素	essential, basic
要紧	signify
要览	guidebook
要道	artery
要隘	pass
覆以头巾	coif
覆以皮革	leather
覆以砂砾	grit
覆以糖衣	ice
覆以薄膜	film
覆有板条	slatted
覆有板条的	slatted
覆有鳞片	scaly
覆有鳞片的	scaly
覆画	palimpsest
覆盆子	raspberry
覆盖	cover
覆盖了的	covered
覆盖图	overlay
覆盖度	coverage
覆盖物	dress
覆盖的范围	coverage
覆盖着灰	ashy
覆盖着灰的	ashy
覆着霜	frost
覆草皮于	turf
覆闷死	overlying
见习	apprenticeship
见习护士	probationer
见习生	probationer
见习的	probationary
见地	ken
见多识广	informed
见多识广的	informed
见异思迁	freakish
见异思迁的	freakish
见解	view
见证人	eyewitness
见识	insight
见闻广博	informative
见闻广博的	informative
观众	audience, spectator
观光	tour
观光业	tourism
观光客	tourist
观光旅行	tour
观光的	sightseeing
观察	watch
观察力敏锐	observant
观察力敏锐的	observant
观察员	observer
观察的	observational
观察者	observer, viewer
观念	idea, concept
观念作用	ideation
观念化	idealization
观念学	ideology
观念形态	ideology
观念论	idealism
观望	straddle
观测	observation
观测孔	peephole
观测的	observational, observed
观淫癖	voyeurism
观点	outlook, viewpoint
观看	see
观看的人	looker
观看者	beholder
观赏植物	ornamental
观赏用	ornamental
观赏用的	ornamental
规划	program, programme
规划人	projector
规划图	layout
规则	rule, order
规则性	regularity
规则手册	rulebook
规则的	regular
规定	provide, state
规定浓度	normality
规定的	specified, prescribed
规定食物	dietary
规律性	regularity
规格	standard, specification
规格化	standardize, normalize
规格化的	normalized
规模	size
规矩	propriety, precept
规程	procedure
规章	regulation
规范	criterion, specification
规范的	normative, reputable
规规矩矩	prim
规规矩矩的	prim
规诫	precept
规避	evade, shun
规避的	evasive
规避者	dodger
视为	treat, regard
视为平等	equate
视力	eye
视力地	optically
视力的	visual
视听	audiovisual
视听教学	audiovisual
视听教学的	audiovisual
视听的	audiovisual
视图	view
视地平	horizon
视察	view, survey
视察人	visitor
视察员	viewer
视察团	inspectorate
视界	purview
视线	sighting
视网膜	retina, retinal
视网膜的	retinal
视而不见	unseeing
视而不见的	unseeing
视觉	vision, visual
视觉的	visual
视觉缺失	blindness
视觉资料	visuals
视角	perspective
视距仪	stadia
视距测量	stadia
视野	view
视野范围	ken
视黄醛	retinal
觉察	sense
觉察到	observe
觉察的	conscious
觉得	feel
觉得可怜	pity
觉得好笑	smile
觉得痒	tickle
觉醒	wake, rouse
觉醒中	awakening
觉醒中的	awakening
觊觎	coveted
觊觎王位者	pretender
角	angle, horn
角制	horn
角制的	horn
角力	wrestle
角嘴海雀	puffin
角度	angle
角形的	angular
角性的	horny
角斗场	arena
角楼	turret
角状	horned
角状的	horned
角的	horny, angular
角膜	cornea
角膜云翳	nebula
角膜白斑	walleye
角膜翳	nebula
角色	role
角色分配	casting
角落	corner
角质	horn
角质层	cuticle
角质的	horny
角钉	brad
角锥	pyramid
角锥状	pyramidal
角锥状的	pyramidal
解不开	inextricably, inextricable
解不开地	inextricably
解不开的	inextricable
解人疑虑	disarmingly
解人疑虑地	disarmingly
解体	disorganization
解决	solution, solve
解决之可能性	solubility
解决纠纷者	troubleshooter
解决者	settler
解冻	thaw, defrost
解冻时期	thaw
解出锁定	unlock
解剖	dissect, anatomical
解剖刀	scalpel
解剖学	anatomy, anatomical
解剖学上	anatomically, anatomic
解剖学上的	anatomic
解剖学家	anatomist
解剖学的	anatomical
解剖的	anatomical, anatomic
解取向	disorientation
解密	declassify, declassified
解密的	declassified
解开	undo, untie
解开搭扣	unbuckle
解开纠结	disentangle, untangle
解开聚集	disaggregate
解开钮扣	unbutton
解折叠	unfolding
解放	free
解放的	lib
解放者	liberator
解放论者	lib
解放论者的	lib
解救	save
解散	dismiss, dissolve
解构	deconstruct, deconstruction
解构主义	deconstructive
解析	resolution, resolve
解析的	analytical, analytic
解毒	detoxify
解毒作用	detoxification
解毒剂	antidote
解毒药	antidote
解理	cleavage
解痛药	painkiller
解码	decode
解答	solution, key
解算机	solver
解缠	unwrapped
解缠的	unwrapped
解职	dismiss
解脱	disengage, deliverance
解说	explication, illustrative
解说的	illustrative
解说符	descriptor
解谜	riddle
解述	paraphrase
解迷惑	disabuse
解释	explain, account
解释学	hermeneutic
解释的	explanatory, expository
解释者	interpreter
解除	release, relief
解除军备	disarmament
解除压缩	decompression
解除控制	deregulation
解除武装	disarm
解除气胀	deflation
解除痛苦的人	reliever
解除痛苦者	physician
解除的	relieved
解除管制	deregulate
解雇	boot, discharge
解靴带	bootstrap
触	touch
触击	bunting
触及	touch
触发	trigger
触发器	trigger
触地	touchdown
触地得分	touchdown
触媒	catalyst
触媒剂	activator
触底	sole
触怒	ruffle
触手	tentacle
触摸	feel
触摸得到	palpable
触摸得到的	palpable
触染	contagion
触染性	contagious
触染性的	contagious
触染病	contagion
触染的	contagious
触毛	cirrus
触法	contravene
触犯	outrage, contravene
触电死	electrocution
触痛	tenderness
触觉	touch, feeling
触觉的	tactile
触角	antenna, tentacle
触须	tentacle, antenna
言不尽意的	reticent
言之有据	reasoned
言之有据的	reasoned
言及	mention
言外	impliedly
言外地	impliedly
言行坦诚	forthrightly
言行坦诚地	forthrightly
言行失检	indiscretion
言行得体	tactfully
言行得体地	tactfully
言论集	ana
言语	speech, verbal
言语猥亵	bawdy
言语猥亵的	bawdy
言语的	verbal
言辞	utterance
言过其实	exaggerated
言过其实的	exaggerated
詹妮	jennie
詹姆士	jameson
詹姆斯	james
詹娜	jenna
詹宁斯	jennings
詹尼弗	jennifer
詹森	jason
詹金斯	jenkins
誊入总帐	posting
誊写	copying
誊写者	copier
誓约	vow, oath
誓言	swear, vow
警卫	guard
警卫室	brig, gatehouse
警句	motto
警告	warn, warning
警告的	cautionary
警告者	warner
警官	cop
警官的	constabulary
警官队	constabulary
警察	police
警察小队长	sergeant
警察巡逻车	cruiser
警察当局	police
警察的	constabulary
警惕	guard
警惕的	vigilant
警戒	protect, guard
警戒会会员	vigilante
警戒哨	picket
警戒性的	exemplary
警戒的	vigilant, watchful
警戒着	guarded
警戒着的	guarded
警报	alarm, alert
警报器	siren
警棍	billy, baton
警犬	sleuth
警示	caution
警觉	alert, vigilant
警觉的	alert, vigilant
警语	aphorism
警醒	watchful
警醒症	vigilance
警醒的	watchful, vigilant
警钟	alarm
计价	valuation
计划	plan, project
计划了	planned
计划了的	planned
计划人	projector
计划估评法	pert
计划性	programmatic, schematically
计划性地	schematically
计划性的	programmatic
计划成型	crystallized
计划的	scheming, planned
计划的制订	planning
计划者	planner
计划表	schedule
计数	count
计数的	numbered
计时	time
计时员	timer
计时器	clock
计时表	stopwatch
计程车司机	cabdriver
计策	ruse
计算	number, figure
计算器	counter
计算多项式	evaluator
计算机	computer
计算机化	computerised
计算机窃贼	hacker
计算机销售商	vendor
计算标准	yardstick
计算法	computation
计算的	calculating, computational
计算的结果	calculation
计算结果	value
计算者	counter, calculator
计算能力	numeracy
计算错误	miscalculation
计谋	stratagem, designing
计费的	charging
计量	metric
计量器	gauge
计量生物学	biometric
计量的	metric
计量经济学	econometric
计量经济学的	econometric
订	bespeak
订书机	stapler
订婚	betroth
订定	stipulation
订户	subscriber
订指标	target
订正	correct, correction
订约	contract
订计划	plan
订货单	indent
订购	subscription
订金	subscription
订阅	subscription, subscribe
讣告	obituary, obit
讣告的	obituary
认为	rate, understand
认为嫡出	legitimation
认为正当	legitimate
认为遗憾	bemoan
认付	acceptance
认出	place, recognize
认可	recognize
认可的	recognised
认同	identify
认定	agree
认得	recognition
认真	serious, seriously
认真地	seriously
认真的	serious
认真负责	responsibly
认真负责地	responsibly
认知	cognitive, perceive
认知地	cognitively
认知的	cognitive
认证	authenticate
认识	know
认识到	learn, realise
认识到的	cognizant
认识力	cognition
认识的	cognitive
认识的结果	cognition
认识者	knower
认识论	epistemological, epistemology
认识论的	epistemological
认领	claim
讥讽	sarcastic, satirical
讥讽地	devastatingly
讥讽的	sarcastic, satirical
讨人厌	obscene
讨人厌的	obscene
讨人喜欢	personable, sweetly
讨人喜欢地	sweetly
讨人喜欢的	personable
讨人欢喜	flattering
讨人欢喜的	flattering
讨价过高	overcharge
讨价还价	bargaining, huckster
讨伐异教徒	jihad
讨债者	dun
讨厌	dislike, annoying
讨厌地	offensively, annoyingly
讨厌家伙	nudge
讨厌物	annoyance
讨厌的	annoying, repugnant
讨厌的东西	nuisance
讨厌的事	aversion
讨厌的人	bother, nuisance
讨厌的家伙	toad, coyote
讨厌鬼	skunk
讨好	please
讨论	talk, discuss
讨论会	congress, conference
讨论终结	gag
讨论者	debater
讨钱	panhandle
让	let
让与	relinquish, alienate
让人担忧	alarmingly
让人担忧地	alarmingly
让出	yield
让受人	concessionaire
让步	give
让步的	concessionary
让渡	demise
让路	gangway
训戒	admonishment
训练	school, training
训练不足	undisciplined
训练不足的	undisciplined
训练员	trainer
训练的	disciplinary
训练过	trained
训练过的	trained
训词	exhortation
训诫	lecture
训诫的	disciplinary
议事槌	gavel
议价	bargaining
议会	parliament, diet
议会制度	parliamentary
议会制度的	parliamentary
议会委员	councillor
议会无代表的	unrepresented
议会法规专家	parliamentarian
议会的	parliamentary, congressional
议会议员	councilman
议员	councillor, assemblyman
议定	awareness
议定者	negotiator
议程	agenda
议长的	presidential
议院	parliament
讯息	message
讯问	interrogate, inquest
讯问者	interrogator
记事本	notepad
记事簿	blotter
记事者	historian
记事表	docket
记于卡片上	card
记住	remember
记入	posting
记入借方	debit
记入名单内	list
记分	score
记分卡	scorecard
记分员	marker
记分板	scoreboard
记号	notation, marks
记名	registered, inscribed
记名的	registered, inscribed
记在页边	marginally
记帐	accounting, tally
记帐员	bookkeeper
记录	minute, record
记录册	logbook
记录员	recorder, scorer
记录器	writer, recorder
记录文字	shorthand
记录时间	clock
记录片	documentary
记录用	recording
记录用的	recording
记录的	recording
记录的副本	transcript
记录者	registrar
记录长度	length
记得	remember
记得分	mark
记忆	memory
记忆力	memory
记忆的	memorial
记忆缺失	amnesia
记念	memorial
记念的	memorial
记数法	notation
记日期的	dating
记日记的人	diarist
记时	time
记时的	time
记清单	invoice
记者	reporter
记账	tally
记载	record
记载入册	booked
记载入册的	booked
记过	gig
讲	say
讲价	bargain
讲台	platform
讲和	pacification
讲坛	rostrum, tribune
讲堂	schoolroom
讲师	instructor, lecturer
讲授	teach
讲故事者	teller
讲某种语言	speaking
讲某种语言的	speaking
讲法语的人	francophone
讲演	lecture
讲演人	lecturer
讲演厅	lyceum
讲演者	speaker
讲理论	theorize, theorise
讲稿	lecture
讲究	dainty, ritzy
讲究修辞	rhetorically
讲究修辞地	rhetorically
讲究实效	pragmatically
讲究实效地	pragmatically
讲究的	dainty, ritzy
讲笑话	jest
讲笑话的人	jester
讲解	exposition
讲解员	docent
讲话	talk
讲话方式	tongue
讲话的	speaking
讲话过火	overshoot
讲课人	lecturer
讲述	tell
讲述的	related
讲述者	narrator
讲道	preach
讲道坛	pulpit
讲道德的人	moralist
讲道理	rationally
讲道理地	rationally
讲道者	preacher
讲道词	exhortation
讲黑话	cant
许可	leave
许可的	permissive, allowable
许可证	permit, licence
许多	many, much
许多的	many
许愿	vow
许用	permitted
许许多多	thousand
许许多多的	steen
许诺	pledge
许配	betroth
讹误充斥	corrupt
讹误充斥的	corrupt
论争	controversy, controversial
论争的	controversial
论坛	forum
论战	controversy
论据	argument
论文	thesis, dissertation
论证	argument
论证式	argumentative
论证式的	argumentative
论证者	demonstrator
论误	corruption
论述	discuss, treat
论题	topic, thesis
论题的	topical
讽刺	irony, cynical
讽刺作者	satirist
讽刺剧	folly
讽刺地	ironically, sarcastically
讽刺文	skit, lampoon
讽刺文学	satire
讽刺画	caricature
讽刺的	cynical, sarcastic
讽刺者	stinger
讽刺话	sarcasm
讽喻	allegorical
讽喻的	allegorical
设于	locate
设圈套	trap
设圈套者	spider
设备	equipment, facility
设备过利	overcapacity
设定	hypothesise
设宴	junket
设岗哨	sentry
设想	imagine
设想的	assumed
设断点	breaking
设施	facility, establishment
设施退役	decommissioning
设立	installation
设置	setting
设要塞	fort
设要塞于	fortify
设要塞保卫	fort
设计	design, plan
设计人	credence
设计员	designer
设计图	blueprint
设计方案	contrivance
设计的	engineered
设计者	designer, architect
设计舞蹈动作	choreograph
设路障于	barricade
设陷	trapping
设陷阱	trap
设陷阱捕兽者	trapper
设陷阱猎兽者	trapper
设障碍	obstruct
访客	visitor, caller
访问	call
访问贫民区	slum
诀窍	hang
证书	letter, certificate
证人	witness, voucher
证券交换场所	boardroom
证券交易所	stockmarket
证券包销	underwriting
证券包销者	underwriter
证券市场	stockmarket
证券持有人	fundholder
证券行情	stockmarket
证实	confirm
证实为真	authenticate, authentication
证实的	confirmatory
证据	evidence, proof
证据的	evidentiary, evidential
证据能力	credibility
证明	prove, document
证明书	certificate, credential
证明书的	testimonial
证明可信	authenticate, authentication
证明合格	certified
证明合格的	certified
证明合法	justify
证明属实	verification
证明无罪	exonerate
证明无辜	vindication
证明是	prove
证明有罪	conviction
证明正当	justification
证明用	proof
证明用的	proof
证明的	certified
证明者	voucher, demonstrator
证言	testimony
评价	value, opinion
评价人	appraiser
评价者	valuer
评价过高	overestimate
评估	assessment, evaluate
评分	grade
评判	crit
评判员	adjudicator
评判委员会	jury
评定	assess
评定的款额	assessment
评核	scrutiny
评注	commentary, annotation
评注的	exegetical
评议	counselling
评议会	senate
评议员	councillor
评论	observe, criticism
评论员	commentator
评论家	reviewer, essayist
评论文章	critique
评论者	reviewer
评语	soap
评述	recital, recitation
诅咒	swear, damn
诅咒的	goddam
识别	identify
识别标志	signature
识别错	misidentify
识字	literacy
识数	numeracy
诈取	fleece, swindle
诈手	cheater
诈欺	deception
诈骗	shark, crook
诈骗者	swindler
诉	versus
诉怨	whining
诉愿人	petitioner
诉状	petition
诉苦	complaint
诉讼	suit, lawsuit
诉讼关系人	litigant
诉讼委托人	clientele
诉讼延期	continuance
诉讼当事人	litigant
诉讼律师	litigator
诉讼案件	lawsuit
诉讼的	litigant, contentious
诉请	appeal
诉诸	resort
诊察	examination
诊所	clinic
诊断	doctor, diagnosis
诊断专家	diagnostician
诊断医师	diagnostician
诊断医生	diagnostician
诊断学	diagnostics
诊断法	diagnostic
诊断的	diagnostic
诊疗所	dispensary
诋毁	denigrate, vilify
诋毁名誉	defame
词	word
词典	dictionary, lexicon
词形变化表	paradigm
词态	morph
词根	radical
词汇	vocabulary, lexicon
词汇的	lexical
词汇表	vocabulary
词法	morphology, morphological
词法分析程序	scanner
词法的	morphological
词源	etymological
词源学	etymological
词源学的	etymological
词源的	etymological
词素	morpheme
词组	phrase
词缀	affix
词藻华丽	ornately
词藻华丽地	ornately
词表	vocabulary, glossary
词语	expression
译	transcribe
译成电码	coded
译成电码的	coded
译文	version, translation
译本	translated
译电员	decoder
译码	decode, coding
译码器	encoder, decoder
译码的	decoding
译解	decipher, decode
试	try
试剂	reagent
试听	audition
试味仪	taster
试图	try
试探手段	feeler
试探者	feeler
试料	specimen
试样	specimen
试点	pilot
试点的	pilot
试用	workout, probationary
试用人员	probationer
试用的	probationary
试用软件	shareware
试的	commissioning
试穿	fitting
试航	shakedown
试航的	shakedown
试衣	fitting
试车	commissioning
试运转	commissioning
试金石	touchstone
试验	try
试验仪器	tester
试验器	exerciser
试验性	trial
试验性地	tentatively
试验性生产	preproduction
试验性的	trial
试验物	trier
试验的	testing
试验者	experimenter, trier
试验装置	tester
试验过	tried
试验过的	tried
诗	poem, poetry
诗人	poet
诗人的	poetic
诗兴	pegasus
诗句	verse
诗学	poetics
诗学论文	poetics
诗情	poetics
诗意	poetic, lyrically
诗意地	lyrically
诗意的	poetic
诗才	pegasus
诗歌	rune
诗歌艺术	poetry
诗的	poetic
诗篇	psalm
诗篇歌集	psalter
诗般美的事物	poem
诗选	anthology
诘问	heckle
诙谐	humor, humour
诙谐地	comically
诙谐模仿	burlesque
诙谐的	witty, humorous
诙谐者	joker
诚实	honest, honesty
诚实地	genuinely, truthfully
诚实的	honest, sincere
诚心诚意	sincerity, faithfully
诚心诚意地	faithfully
诚恳	genuine, hearty
诚恳地	cordially
诚恳的	genuine, hearty
诚挚	earnest, earnestly
诚挚地	earnestly, cordially
诚然	admittedly
话	word
话旧	reminisce
话费总付电话	freephone
话题	theme, topic
诞生	natal, nativity
诞生地	birthplace
诞生的	natal
诠释学	hermeneutics
诡密	sly
诡密的	sly
诡秘	mysteriously
诡秘地	mysteriously
诡称的	ostensible
诡计	trick, craft
诡计多端	crafty
诡计多端的	crafty
诡论	paradoxical
诡论的	paradoxical
诡诈	quirky, designing
诡诈的	quirky, designing
诡辩	sophistication
询价	enquiry
询价者	inquirer
询盘	enquiry
询答机	transponder
询问	question
询问机	interrogator
询问的	inquiring
询问者	inquirer, inquisitor
该付还	repayable
该付还的	repayable
该受	deserving, deserved
该受的	deserving, deserved
该咒骂	devilish
该咒骂的	devilish
该得到	deserve
该死	damn, fucking
该死的	fucking, damn
该缴之款	dues
该罚	punishable
该罚的	punishable
该责备	culpable
该责备的	culpable
该隐	caine, cain
详列	specify
详尽	strict, elaborate
详尽的	strict, elaborate
详情	detail
详确	faithful
详确的	faithful
详细	minute, detailed
详细分析	labour, labor
详细列举	itemize
详细列明	itemize
详细地	minutely
详细地说明	elaborate
详细开列	itemise
详细情况	particulars
详细检查	scrutinise
详细的	minute, detailed
详细目录	inventory
详细记录	photo, photographic
详细记录的	photo, photographic
详细说明	particular
详细说明书	specification
详细说明的	specified
详述	detail, expand
详述的	explicit
诧异	surprise
诬蔑	stigmatize
语义	semantic
语义地	semantically
语义学	semantics
语义的	semantic
语义论	semantics
语助词	expletive
语句	statement
语图	sonogram
语录	quotation
语文学	philology
语无伦次	incoherent, sputter
语无伦次的	incoherent
语法	grammatical
语法上的	grammatical
语法学	grammar
语法家	grammarian
语法教师	grammarian
语法检查	grammar
语法的	grammatical
语源	etymology
语源学	etymology
语用学	pragmatics
语素	morpheme
语言	language
语言刻薄	vitriolic
语言刻薄的	vitriolic
语言学	linguistic, linguistics
语言学家	linguist
语言学方面	linguistically
语言学的	linguistic
语言的	linguistic
语言粗鄙的	scurrilous
语言能力	tongue
语词	phraseology
语调	tone
语调强	emphatic
语调强的	emphatic
语音	sound
语音体系	phonetics
语音信箱	voicemail
语音学	phonetic, phonetics
语音学上	phonetically
语音学的	phonetic
语音的	phonetic
误会	mistake
误传	canard, misinformation
误入歧途地	astray
误写姓名的	misleading
误列	misrepresentation
误审	mistrial
误导	mislead
误导地	misleadingly
误差	deviation
误用	misuse
误称的	misleading
误算	miscalculate
误解	mistake, misunderstand
误触电致死	electrocute
误认	mistake
误诊	misdiagnosis
误述	misstatement
误送	miscarriage
诱人	alluring
诱人当兵的人	crimp
诱人的	alluring
诱入圈套	ensnare
诱发	motivating
诱发型	induced
诱因	inducement
诱奸	seduce, seduction
诱奸者	seducer
诱导	provoke, induce
诱导法	revulsion
诱惑	attract, tempt
诱惑人	tempting
诱惑人的	tempting
诱惑力	allure
诱惑地	seductively
诱惑物	temptation
诱惑的	siren, seductive
诱惑者	seducer
诱拐	spirit
诱拐者	abductor, kidnapper
诱捕	trap, stool
诱饵	enticement
诱骗	trap, entice
说	say
说下流话的人	ribald
说不出	unspeakable, inarticulate
说不出口	unspeakable
说不出口的	unspeakable
说不出的	unspeakable, inarticulate
说不出话	speechless
说不出话的	speechless
说不清	inexplicably
说不通的	illogical
说俏皮话	pun
说傻话	drivel
说出	speak, mouth
说双关语	pun
说坏话	malign
说大话	hector
说实话的	truthful
说客	lobbyist
说情	intercede
说故事	narrate, storytelling
说故事的人	storyteller
说教	lecture, sermon
说教的	didactic, moralistic
说明	state, explain
说明书	description, prospectus
说明基本政策	keynote
说明物	exponent
说明的	exponent, explanatory
说明者	exponent
说服	reason
说服力	persuasiveness, stringency
说法	parlance
说真话	truthful
说真话的	truthful
说笑	josh
说胡话	deliriously
说讽刺话	quip, innuendo
说话	talk, speak
说话人	speaker
说话猥亵	ribald
说话猥亵的	ribald
说话的	talking
说话的人	talker
说话结巴	splatter
说话老实	veracity
说谎	lie
说谎的	lying
说谎者	liar
说谎话	storytelling
说谵语状态	delirium
说错	misstate
说闲话	gossip, buzz
诵扬	chant
诵经台	lectern
诵读困难	dyslexia, dyslexic
诵读困难的	dyslexic
诵读困难者	dyslexic
请	please
请假	leave
请准专利	patent
请客	feast
请愿	petition
请愿书	memorial
请愿人	petitioner
请愿者	suitor
请教	consultation
请柬	invitation
请求	request, invite
请求人	applicant
诸侯	princes
诺克斯	knox
诺兰	nolan
诺威奇	norwich
诺拉	nora
诺曼第人	norman
诺曼第人的	norman
诺曼第语	norman
诺曼第语的	norman
诺森伯兰郡的	northumbrian
诺琳	noreen
诺瓦计算机	nova
诺言	promise, engagement
诺里斯	norris
诺顿	norton
诺顿公司	norton
读	read
读书	study
读书不多	unread
读书不多的	unread
读写能力	literacy
读出	readout
读出来	pronounced
读出来的	pronounced
读取	read
读法	pronunciation
读物	reader, reading
读经者	lector
读者	reader, audience
读者人数	readership
读错	misread
诽语	tale
诽谤	mud, libel
诽谤性	scandalous
诽谤性的	scandalous
诽谤的	defamatory
诽谤罪	libel
课	lesson
课业	lesson
课什一税	tithe
课以关税	tariff
课以税	tax
课堂测验	quiz
课外	extracurricular
课外的	extracurricular
课文	text
课程	course
课程的	curricular
课程结束考核	posttest
课程表	syllabus
课税	taxation
课税过重	overtax
课罚款	pecuniary
课罚款的	pecuniary
谁	who
谁的	whose
调任	transfer
调停	intervention, intervene
调停者	intermediate, mediator
调光器	modulator, dimmer
调制	concoction, modulate
调制器	modulator
调制机	preparer
调制解调器	modem
调剂	dispensing
调剂员	pharmacist, dispenser
调剂学	pharmacy
调动	remove
调号	signature
调合	concoct, concoction
调合物	concoction
调味	relish
调味品	flavor, dressing
调味料	flavoring
调味汁	sauce
调味瓶	castor, caster
调味香料	flavour
调和	accommodate, accord
调和化	harmonization
调和地	harmoniously
调和的	harmonious, consonant
调头	switching
调子	cadence
调帧器	framer
调幅器	modulator
调度	dispatch
调度员	starter
调度器	dispatcher
调度程序	dispatcher, scheduler
调式	mode
调情	toy, spoon
调情求爱者	masher
调戏	molest, dalliance
调拨人员	cannibalize
调换	transpose, transposition
调整	adjust, regulation
调整员	adjuster
调整大小	resize
调整的	regulatory
调整者	regulator
调整过	adjusted
调整过的	adjusted
调整阶段	storming
调查	research, investigation
调查专员	ombudsman
调查发现	suss
调查员	investigator
调查官	ombudsman, searcher
调查的	investigative
调查研究	investigation
调查结果	finding
调查者	investigator
调查表	questionnaire
调漆	letdown
调焦	focus
调理剂	amendment
调用	invoke
调皮捣蛋	pixie
调皮捣蛋的	pixie
调羹	spoon
调职	relegation
调色	toning
调色剂	toner
调色板	palette
调节	adjustment, screw
调节了的	adjusted
调节人	modulator
调节剂	regulator
调节器	governor, conditioner
调蛋黄	egg
调解	mediate, mediation
调解人	referee
调解者	intermediary, peacemaker
调试	debug
调谐	tune
调谐器	tuner
调谐箱	doghouse
调转	transfer
调过味	spiced
调过味的	spiced
调速装置	speeder
调遣	manoeuvre, maneuver
调配	redeployment
调零	zero
调音	voice, key
调音师	tuner
调音的人	tuner
谄上欺下	snobbery
谄媚	flattering, obsequious
谄媚的	flattering, obsequious
谅解	understanding
谆谆教诲	inculcate
谈判	treat, negotiation
谈判者	negotiator
谈妥	negotiate
谈情话	coo
谈论	remark
谈话	talk
谈话者	interlocutor
谋事人	applicant
谋划者	designer
谋反	rebellion
谋反的	treasonous
谋取	angle, enlist
谋取暴利	profiteering
谋叛	insurgent
谋叛的	insurgent
谋士	tactician
谋害者	murderer
谋杀	murder
谋杀犯	murderer
谋杀的	murderous
谋杀者	cutthroat
谋略	trick, ruse
谎言	lie
谎骗	lie
谐波	harmonic
谓语	predicate
谓语的	predicate
谓项	predicate
谚语	saw, proverb
谚语式	proverbial
谚语式的	proverbial
谚语的	proverbial
谜	riddle, enigma
谜一般	enigmatic
谜一般的	enigmatic
谜语	conundrum, riddle
谢丽尔	cheryl
谢尔曼	sherman
谢尔河	cher
谢尔登	sheldon
谢忱	thanks
谢恩	shane
谢意	thank
谢绝	refuse
谢罪	apology
谢莉	shelley
谢菲尔德	sheffield
谢谢	thank
谢谢你	thanks
谣传	noise, rumour
谣传的	rumored
谣言	rumour, rumor
谦卑	low
谦卑地	low
谦卑的	lowly
谦恭	courtesy, submission
谦恭地	civilly
谦恭的	courtly, respectful
谦虚	humility, unobtrusive
谦虚的	unobtrusive
谦虚谨慎	diffident
谦虚谨慎的	diffident
谦逊	modest, humility
谦逊地	humbly, lowly
谦逊的	modest, humble
谨小慎微	prissy
谨小慎微的	prissy
谨慎	careful, carefully
谨慎地	carefully
谨慎的	careful, cautious
谨防	beware
谬见	fallacy
谬论	fallacy
谬误	fallacious, wrongness
谬误的	fallacious
谱仪	spectrometer
谱号	clef
谱尾	tailing
谱赋格曲	fugue
谴责	lecture, condemn
谵妄	deliriously, delirium
谵妄的	delirious
谷	valley, vale
谷仓	barn, garner
谷仓前的场地	barnyard
谷壳	chaff
谷氨酸盐	glutamate
谷氨酸脂	glutamate
谷物	grist
谷物仓	granary
谷类	corn, grain
谷类植物	cereal
谷类的	cereal, corny
谷类的秆	cornstalk
谷类食品	cereal
谷粒	grain, corn
谷蛋白	gluten
豁免	release
豁开	gap
豆	bean
豆儿	doo
豆子	bean
豆子袋	beanbag
豆科灌木	mesquite
豆类	legume
豆腐	tofu
豆荚	pod, legume
豆蔻	cardamom
豆薯	jicama
豌豆	pea
象	bishop, elephant
象主妇	matronly
象主妇的	matronly
象俱乐部	clubby
象俱乐部的	clubby
象公爵	ducal
象公爵的	ducal
象吉卜赛人	gypsy
象吉卜赛人的	gypsy
象姊妹	sisterly
象姊妹的	sisterly
象巨浪般汹涌	billow
象巨浪般波动	billow
象形文字	hieroglyphic, hieroglyph
象征	indicate, image
象征主义	symbolism
象征主义者	symbolist
象征性	typical
象征性地	symbolically, figuratively
象征性的	typical
象征的	token, symbolic
象征论	typology
象戴着王冠	crowned
象戴着王冠的	crowned
象是	seem
象棉样	cottony
象棉样的	cottony
象棋中的车	castle
象燃烧一样	burning
象燃烧一样的	burning
象牙	ivory
象牙制	ivory
象牙制的	ivory
象牛肉	beefy
象牛肉的	beefy
象猪般地生活	pig
象猪般的人	hog
象猫	catlike
象猫的	catlike
象甲	weevil
象男人	manly
象男人的	manly
象神一样	divinely
象神一样地	divinely
象素	pixel
象老鼠	mousy
象老鼠的	mousy
象肝	livery
象肝的	livery
象草	grassy
象草的	grassy
象要倒	ramshackle
象要倒的	ramshackle
象运动员	sporty
象运动员的	sporty
象限	quadrant
象限仪	quadrant
象风筝一样飞	kite
象马	equine
象马的	equine
象鬼样	ghostlike
象鬼样的	ghostlike
象鬼的人	ogre
象鼻虫	weevil
豪	bullying
豪侠行为	heroism
豪勇	gallantry
豪华	luxury, luxurious
豪华地	deluxe, splendidly
豪华旅馆	ritz
豪华的	luxurious, luxury
豪华的宫殿	palazzo
豪尔赫	jorge
豪爽	nobly
豪爽地	nobly
豪猪	hedgehog, porcupine
豪饮	booze
豹	leopard, panther
豺	jackal
豺狼座	lupus
豺狼般的人	werewolf
貂	mink, marten
貂皮	marten
貂皮衣	mink
貌似可信	plausibility
貌似合理	plausible
貌似合理的	plausible
貌似真实	plausible
貌似真实的	plausible
贝	shellfish
贝丝	bess
贝克尔	becker
贝克莱	berkeley
贝壳	shell
贝壳的采集	shelling
贝壳类	mussel
贝奥武夫	beowulf
贝尔蒙	belmont
贝尔蒙特	belmont
贝尼省	beni
贝尼酒吧	beni
贝弗莉	beverly
贝德福德	bedford
贝恩	bain
贝拉	bella
贝拉米	bellamy
贝昂	ben
贝茜	bessie
贝茨	bates
贝蒂	betty
贝里克郡	berwick
贝雷帽	beret
贞操	virtue, chastity
贞洁	purely, virgin
贞洁地	purely
贞洁的	virgin, chaste
负	negative, minus
负了伤	stricken
负了伤的	stricken
负债	indebted, liability
负债的	indebted
负债者	debtor
负值	negative
负号	minus
负担	responsibility, shoulder
负担不起	unaffordable
负担不起的	unaffordable
负担家计的人	breadwinner
负担经费	finance
负担能力	affordability
负担过多	overburden
负担过度	overtax
负数	negative
负有义务	incumbent, beholden
负有义务的	incumbent, beholden
负有任务者	missionary
负有责任	accountability, accountable
负有责任的	accountable
负深伤	gash
负的	negative, minus
负荷	load
负荷过多	overload
负荷量	payload
负责	responsible, answer
负责人员	functionary
负责官员	provost
负责照顾的人	carer
负责的	responsible
负载	laden
负载的	laden
负鼠	possum
负鼠科	opossum
贡品	heriot
贡物	tribute
贡献	service
贡献的	contributory, contributing
贡献者	contributor, contributory
财产	property, worth
财产估价人	assessor
财产共有权	condominium
财产授与人	settlor
财产授予者	settlor
财产留置权	encumbrance
财产的转让	conveyance
财产转让	conveyance
财产转让事务	conveyancing
财力	resource
财务	finance
财务主任	treasurer
财务主管	bursar
财务办公室	bursary
财务的	financial
财团	consortium, syndicate
财宝	riches
财富	money
财政	financial, finance
财政上	financially, fiscally
财政上的	fiscal
财政困难	involvement
财政大臣	treasurer
财政家	financier
财政法院	exchequer
财政的	financial
财政部	exchequer, treasury
财源	exchequer
责任	responsibility, duty
责任重大	responsible
责任重大的	responsible
责备	blame, condemn
责备地	reproachfully
责备挑剔	nagging
责备挑剔的	nagging
责成	enjoin
责无旁贷	indispensable
责无旁贷的	indispensable
责罚	chastise
责难	censure, decry
责难地	accusingly
责骂	rate
贤明	sage, judicious
贤明地	ingeniously, philosophically
贤明的	sage, judicious
贤能	sagely
贤能地	sagely
败北	defeat
败坏	rot, defile
败局	worse
败落	wane
败血症	sepsis
货	stitching
货主	freighter, shipper
货币	money, currency
货币主义	monetarism
货币主义者	monetarist
货币伪造者	counterfeiter
货币制度	coinage
货币型	currency
货币的	monetary
货摊	booth
货柜	cargo
货栈	warehouse
货物	goods
货物名称	description
货物快车	hotshot
货物税	excise
货物陈列架	showcase
货车	truck, van
货车荷载	truckload
货车运输	trucking
货车运输业	trucking
货运	freight
货郎	pedlar
质	qualitative
质优价高	upscale
质优价高的	upscale
质体	plasmid
质地薄	sleazy
质地薄的	sleazy
质子	proton
质朴	modesty
质朴的风格	primitivism
质点	particle
质的	qualitative
质粒	plasmid
质询	inquiry
质量	mass
质量上	qualitatively
质量不一	spotty
质量不一的	spotty
质量差	meager
质量差的	meager
质问	interrogate, query
质问地	questioningly
质问者	questioner, interrogator
贩卖	huckster, vending
贩卖假货的人	stuffer
贩卖商	dealer
贩卖的	vending
贩卖者	trafficker
贩子	trafficker
贪吃	cram, voracious
贪吃的	voracious, greedy
贪图酒色	voluptuous
贪图酒色的	voluptuous
贪婪	greedy, greed
贪婪地	voraciously, greedily
贪婪地盯视	gloat
贪婪的	greedy, ravenous
贪婪的人	pig, vulture
贪婪的盯视	gloat
贪婪者	hog
贪婪而残酷者	vulture
贪得	greedy
贪得无厌的	acquisitive
贪得的	greedy
贪心	avidly, piggy
贪心地	avidly
贪心的	piggy
贪心者	grabber
贪欲	greed, lust
贪欲的	rapacious, lustful
贪求	lust, coveted
贪求无厌	insatiable
贪求无厌的	insatiable
贪污	corruption, corrupt
贪污的	corrupt
贪食	gobble, greedily
贪食地	greedily
贫乏	poor, lean
贫乏地	poorly
贫乏的	poor, lean
贫化	depleted
贫化的	depleted
贫化铀	du
贫困	want, need
贫困地	miserably
贫困的	needy, underprivileged
贫民	pauper
贫民习艺所	workhouse
贫民区	gutter, favela
贫民所	almshouse
贫民窟	slum
贫瘠	barren, effete
贫瘠的	barren, effete
贫穷	poor, poverty
贫穷地	poorly
贫穷的	poor
贫血	anemia, anemic
贫血症	anemia, anaemia
贫血的	anemic, anaemic
贬义词	pejorative
贬低	detract, debase
贬低者	detractor
贬低身分	demean
贬值	devalue, depreciate
贬抑	humble
贬抑的	disadvantageous
贬损	derogatory, pejorative
贬损的	derogatory, pejorative
贬谪	relegation
购买	buy, purchase
购买人	purchaser
购买力	value
购买品	purchase
购买者	purchaser
购回债券	repo
购并	merger
购房者	homebuyer
购物	shop
购物区	plaza
购物的人	shopper
购物者	shopper
贮备	reservoir
贮存	depot, stockpile
贮存箱	container
贮尿器	urinal
贮斗	hopper
贮水器	cistern
贮水池	reservoir
贮物器	repository
贮罐	holder
贮藏	store
贮藏处	reservoir
贮藏库	storehouse
贮藏所	repository, depot
贮藏物	hoard, cache
贮量	reserve
贮陈啤酒	lager
贯穿	intersect
贯穿全部	throughout
贯穿全部地	throughout
贱卖	sacrifice
贱民	pariah
贲门	cardiac
贲门的	cardiac
贴上标签	labelled
贴上标签的	labelled
贴上邮票	stamp
贴出	posted
贴击对方的球	croquet
贴切	apposite
贴切的	apposite
贴墙纸	wallpaper
贴壁纸	paper
贴壁纸于	paper
贴岸码头	quay
贴有墙面板	shingled
贴有墙面板的	shingled
贴板球	yorker
贴标签	labeling, labelling
贴标签于	label
贴现	discount
贴现率	discount
贴箔于	foil
贴花纸	decal
贴花釉法	decal
贴身使女	abigail
贴身男仆	valet
贴边	welt
贴近	next
贴近的	next
贵	expensive
贵妇身分	ladyship
贵宾看台	skybox
贵族	noble, peer
贵族们	gentry
贵族似	lordly
贵族似的	lordly
贵族地位	peerage
贵族头衔	peerage
贵族政治	aristocracy
贵族的	noble, aristocratic
贵族统治	aristocracy
贵族般	lordly
贵族般地	lordly
贵族身分	lordship
贵族阶级	nobility, noblesse
贵格会教徒	quaker
贵的	expensive
贵重	valuable
贵重物	jewel
贵重物品	valuables
贵重的	valuable
贵重饰物	jewellery
贵金属块	nugget
贷方	lender, creditor
贷款	loan, lend
贷款人	lender
贷款给	lend
贸易	trade
贸易保护主义	protectionism
贸易保护制	protectionism
贸易保护制度	protection
贸然	prematurely
贸然地	prematurely
费力	demanding, arduous
费力地	laboriously, strenuously
费力地找	quarry
费力地看	peer
费力得到	pry
费力的	demanding, arduous
费力穿过	plowed
费劲	strenuous, laborious
费劲的	strenuous, laborious
费尔普斯	phelps
费心	trouble
费用	cost, charge
费用大	costly
费用大的	costly
费用浩大	expensive
费用浩大的	expensive
费用负责制	fundholding
费解	enigmatic, incomprehensible
费解地	obscurely
费解的	enigmatic, incomprehensible
费解的事物	enigma, stickler
费边式	fabian
费边式的	fabian
费边社支持者	fabian
费边社社员	fabian
费金	fagin
费雷特	ferrete
贺拉斯	horace
贻贝	mussel
贼	thief
贼窝	den
贼赃	stealing
贼鸥	skua
贽生物	vegetation
贽疣	vegetation
贾丝廷	justine
贾尔斯	giles
贾尼斯	janice
贾德	judd
贾斯廷	justin
贿赂	bribe, grease
贿赂行为	bribery
赃物	spoil, loot
资产	asset
资产阶级	bourgeois, bourgeoisie
资助	subsidize, supportive
资历	seniority
资料	data
资料组	dataset
资本	capital
资本主	proprietor
资本主义	capitalism, capitalist
资本主义的	capitalist
资本主义者	capitalist
资本化	capitalize, capitalization
资本家	capitalist
资本家的	capitalistic
资本总额	capitalization
资格	qualification
资深	senior, elder
资深的	senior, elder
资深者	senior
资源	resource
资源丰富	resourceful
资源丰富的	resourceful
资质	aptitude
资赋优异	giftedness
资金	fund
资金不足	underfunded
资金不足的	underfunded
赊买	jawbone
赋	ode
赋与人性	personify
赋与生气者	animator
赋予	gift
赋予个性	individualized, individualised
赋予人性	humanize
赋予免疫性	immunize
赋予力量	sinew
赋予实质	materialize
赋予灵感	inspire
赋予生命	animate
赋以形体	body
赋以血肉	flesh
赋值	evaluate, assign
赋格曲	fugue
赋税或租金	gavel
赌博	game
赌博者	gambler, punter
赌徒	gambler
赌本	bookmaker
赌棍的党羽	shill
赌款保存人	stakeholder
赌气	pique
赌注	bet, wager
赌物	wager
赌胜负	gaming
赌赛	gaming
赌运气	hazard
赌金保管者	stakeholder
赌金独得	sweepstake
赎	ransom
赎买者	redeemer
赎回	redeem, satisfaction
赎回的	redemptive
赎当者	redeemer
赎罪	satisfactory
赎罪券	indulgence
赎罪的	satisfactory
赎身	ransom, redemption
赎身的	redemptive
赎身者	redeemer
赎金	ransom
赏心悦目	yummy
赏心悦目的	yummy
赏罚	deserving
赏识	appreciate, appreciation
赏赐物	largess
赏金	reward
赏钱	gratuity
赐予	favor
赐福	beatific
赐福的	beatific
赔偿	indemnity, redress
赔偿的	compensatory
赔偿金	compensation
赔还	reimburse, reimbursement
赖以生存	survival
赖以生存的	survival
赖债不还的人	deadbeat
赖兰	ryland
赖兰地貌名称	ryland
赖安	ryan
赖帐	bilk
赖帐者	bilk
赖斯编码	re
赘生物	neoplasm
赘疣	outgrowth
赚到	gain
赚大钱	profiteer
赚得	earn
赚钱	profit
赚钱的	profitable
赚钱的人	earner
赛勒斯	cyrus
赛季后	postseason
赛拉斯	silas
赛斯	seth
赛璐玢	cellophane
赛璐珞	celluloid
赛舟会	regatta
赛艇	gig
赛贝斯公司	sybase
赛跑	run
赛跑者	runner
赛车	racecar, racing
赛车运动	motorsport
赛达酪	cheddar
赛马	racing
赛马场	racecourse
赛马骑师	jockey
赝品	counterfeit, phony
赝造者	forger
赞助	patronage, sponsor
赞助人	patron
赞助的	sponsored
赞助者	friend
赞同	approve, consent
赞成	agree, approval
赞成人	seconder
赞成的	sympathetic, favourable
赞成票	aye
赞成者	upholder, yea
赞扬	praise, salute
赞美	admire, praise
赞美歌	paean
赞美的	laudatory
赞美诗	hymn, chant
赞美诗的	hymnal
赞美诗集	hymnal
赞誉	recognition
赞许	approve, favorable
赞许地	approvingly
赞许的	favorable
赞词	eulogy
赞赏	admiration
赞赏地	appreciatively
赞赏的	laudatory, admiring
赞颂	credit
赠与	presentation
赠予	gift
赠予人	giver
赠予的	given
赠券	coupon, oakley
赠品	donation
赠物	gratuity, beneficence
赠送	present
赠送人	benefactor
赠送者	contributor
赠送财产给	endow
赡养者	supporter
赡养费	alimony
赢	win
赢利	profit
赢得	win
赢得大满贯	vole
赢得的钱	winnings
赤土	terracotta
赤字	red, deficit
赤杨木	alder
赤热	glow
赤脚	barefoot
赤脚的	barefoot
赤膊	shirtless
赤膊的	shirtless
赤裸	bare
赤裸的	bare
赤裸裸	starkly
赤裸裸地	starkly
赤褐色	auburn, titian
赤褐色的	auburn, foxy
赤贫	penniless
赤贫的	penniless
赤身裸体	nakedness
赤道	equator, equatorial
赤道无风带	doldrum
赤道的	equatorial
赤陶	terracotta
赤陶器	terracotta
赦	condone
赦免	pardon, amnesty
赫	hertz
赫伯恩	hepburn
赫伯特	herbert
赫兹	hertz
赫尔利	hurley
赫尔曼	herman
赫斯	hess
赭土	ocher
赭石	ochre
赭色	ochre, sienna
走	go
走了气味	vapid
走了气味的	vapid
走入邪路	perversion
走动	stir
走动的	ambulatory
走动的东西	goer
走向	tend
走向岔道	digress
走味	stale
走失的家畜	stray
走廊	hall, gallery
走开	off
走得太远	outreach
走来走去的人	peripatetic
走泥泞路	slosh
走漏	filter
走狗	jackal
走私	smuggle, owl
走私犯	bootlegger
走私者	smuggler, bootlegger
走私船	smuggler
走路	walk
走过	walk
走过头	overreach
走道	aisle, walkway
走鹃	roadrunner
赶	driving
赶上	catch
赶入洞内	earth
赶入马房	stable
赶出	evict, eviction
赶快	tear, hurry
赶时髦的人	swinger
赶潮流	trendy
赶潮流的	trendy
赶牛棒	goad
赶紧	rapidly, hustle
赶紧地	rapidly
赶走	chuck
赶超崇拜者	wannabe
赶路到天黑	benighted
赶路到天黑的	benighted
赶过	outpace
赶集者	marketer
起一份作用	contributing
起一份作用的	contributing
起中心作用	pivotal
起中心作用的	pivotal
起义	uprising, insurgent
起义的	insurgent
起义者	insurgent
起伏	heave, fluctuate
起伏的	undulate, rolling
起作用	take
起作用的	active
起保护作用	shield
起凹点	pit
起初	inception, incipient
起初的	incipient
起刺激作用	stimulate
起动	starting
起动快	peppy
起动快的	peppy
起反应	react
起咨询作用	prudential
起咨询作用的	prudential
起因	origin
起始	initiative
起始地址	origin
起始字	heading
起始点	verge
起始的	initiative
起媒介作用	intermediate
起安慰作用	soothe
起床	up
起床的	up
起床者	riser
起异化作用	excitatory
起异化作用的	excitatory
起微波	ripple
起抑制作用	inhibit
起搏器	pacemaker
起搏点	pacemaker
起改造作用	transformative
起改造作用的	transformative
起斑纹	dapple
起来	arise
起步	underway, getaway
起步的	underway
起毛	fluff, nappy
起毛的	nappy, cottony
起毛皮革	suede
起油	raising
起泡	frothy, bubbly
起泡沫	foam
起泡沫的	fizzy, foamy
起泡的	frothy, bubbly
起波纹	furrow
起波纹的	tabby, fretful
起涟漪	rippling
起涟漪的	rippling
起源	origin, derive
起源的	genetic
起漩涡	eddy
起潺潺声	ripple
起爆剂	priming
起用亲戚	nepotism
起电	electrification, electrify
起皱	crush, wrinkle
起皱痕	crease
起皱的	crinkly
起皱纹	shrivel
起皱纹的	crumpled
起码	rudimentary
起码的	rudimentary
起确定作用的	confirmatory
起立	rise, standing
起纹	boarding
起绒机	teaser
起绒粗呢	frieze
起绰号	surname
起老茧	calloused
起老茧的	calloused
起腐蚀作用	corrode
起航	originate
起茧	calloused
起草	draft
起草人	draughtsman
起草者	draftsman, drafter
起落架	undercarriage
起褶	pleated
起褶的	pleated
起誓	vow
起誓要	vow
起诉	law
起诉书	indictment
起诉人	plaintiff, prosecutor
起诉状	indictment
起诉的	prosecutorial, accusatory
起诉者	suitor
起货钩	crowbar
起身	rise
起边皱	frill
起酥油	shortening
起釉	glazing
起重吊钩	crampon
起重机	crane, hoist
起重机起吊	crane
起重要作用	feature
起阻止作用	prohibitively
起霜	frost
起风	storm
起飑	squall
起飞	launch
超产	overproduction
超人	superman, superhuman
超人地	heroically
超人的	superhuman
超值	overflow
超党派	nonpartisan
超党派的	nonpartisan
超凡	transcendental
超凡技术	prowess
超凡的	transcendental
超出	above
超动力	supercharged
超动力的	supercharged
超国家	supranational
超国家的	supranational, transnational
超声	ultrasound
超声波	supersonic, ultrasonic
超声波的	supersonic
超声的	supersonic
超大型	oversize
超大型的	oversize
超媒体	hypermedia
超导	superconducting
超导体	superconductor
超导性	superconductivity
超导电	superconducting
超导电体	superconductor
超导电性	superconductivity
超导电的	superconducting
超导的	superconducting
超小型汽车	subcompact
超常	transcendent
超常的	transcendent
超手	overhand
超手的	overhand
超支	overspend
超文本系统	hypertext
超新星	supernova
超时	overtime
超时的	overtime
超然	detached
超然的	detached
超然离群	aloofness
超现代	ultramodern
超现代的	ultramodern
超现实主义	surreal, surrealism
超现实主义的	surreal, surrealistic
超现实主义者	surrealist
超短裙	miniskirt, mini
超级	super
超级名模	supermodel
超级商店	superstore
超级大国	superpower
超级市场	supermarket
超级强权	superpower
超级明星	superstar
超级的	super
超级英雄	superhero
超级计算机	supercomputer
超级跑车	supercar
超级高速公路	superhighway
超结构	superstructure
超绝物	transcendent
超群	conspicuously, preeminence
超群地	conspicuously, preeminently
超群的	ranking
超自我	superego
超自然	weird, supernatural
超自然地	preternaturally
超自然的	weird, supernatural
超视距雷达	teepee
超负荷	overloaded
超负荷的	overloaded
超越	past, exceed
超越个人	transpersonal
超越个人的	transpersonal
超越人力	bionic
超越人力的	bionic
超越国界	transnational
超越国界的	transnational
超越常人者	hero
超越目标	overshoot
超轻型	ultralight
超轻型的	ultralight
超载	overload, surcharge
超载的	overloaded
超载限度	overrun
超过	beyond, exceed
超过其他	exceed
超过正常	paranormal
超过正常的	paranormal
超过负荷	overload
超过重量	overweight
超过重量的	overweight
超过限度	overrun
超速	speed
超速档	overdrive
超速行驶	speeding
超速驾车者	speeder
超重	overweight
超重的	overweight
超量毁伤	overkill
超集	superset
超音速	ultrasonic
超音速的	ultrasonic
越位	offside
越冬	wintering
越南	viet
越南人	vietnamese
越南语	vietnamese
越橘	cranberry
越狱	breakout
越界	transgress
越轨行为	escapade, deviance
越过	over, across
越野赛跑	steeplechase
越野赛马	steeplechase
越野赛马者	harrier
越野长跑训练	roadwork
趋于	to
趋势	current, trend
趋势预测	forecast
趋向	tendency
趋集于一点	convergent
趋集于一点的	convergent
趣剧	slapstick
趣味	gust, palate
趣味高雅	tasteful
趣味高雅的	tasteful
足	podium
足以	afford
足前段	forefoot
足医	podiatrist
足可支撑	sustainable
足可支撑的	sustainable
足可相信	satisfying
足可相信的	satisfying
足够	enough, sufficient
足够地	adequately
足够的	sufficient, plenty
足弓	arch
足智多谋	resourcefulness
足智多谋的	resourceful
足球	football
足球员	footballer
足球的	footballing
足球选手	footballer
足背	instep
足趾	toe
足迹	track
足雅司病	dumas
趴	grovel
趾甲	toenail
趾部	toe
趾高气扬地走	strut
跃	bound
跃步地	galloping
跃迁	transition
跃过	jump, leap
跃进	lunge
跋扈	domineer, domineering
跋扈的	domineering
跋涉	wade, trudge
跌价	cheapen
跌倒	tumble
跌落	decline, lower
跌跌撞撞地走	blunder
跑	run, course
跑步	run
跑步者	runner
跑着	running
跑着的	running
跑街	drummer
跑道	runway, racetrack
跑马场	turf
跑龙套角色	super
跛	cripple, halting
跛的	cripple, halting
跛者	cripple
跛腿	crippled
跛腿的	crippled
跛行	limp, hobble
跛行地	limply
跛行步态	dropping
跛足	lame
跛足的	lame
距离	space, distance
距离修正	ranging
距节	bullet
距骨	talus
跟着发生	ensue
跟踪	dog
跟踪程序	tracer
跟踪者	henchman
跟踪追寻	pug
跟踪雷达	tracker
跟随	follow
跨	stride
跨上马鞍	saddle
跨国	transnational
跨国公司	multinational
跨国公司的	multinational
跨国的	transnational
跨坐	straddle
跨步	step
跨界	transboundary
跨着	astride
跨越	bridge, span
跨距	span
跨过	stride
跨部门的	interagency
跪	genuflect
跪下	kneel
跪着	kneeling
路	way, road
路加	luke
路加福音	luke
路劫	highwayman
路因碱	ruine
路基	roadbed
路堑	cutting
路径	route, path
路径检索程序	search
路德维格	ludwig
路旁	roadside, wayside
路旁的	wayside
路易丝	louise
路易吉	luigi
路易斯	louis, luis
路易莎	louisa
路标	roadmap, guidepost
路标塔	pylon
路演	roadshow
路灯	streetlight
路牌	guidepost
路由器	router
路由设定程序	route
路由选择	routing
路程	leg
路线	way
路边	roadside, curbside
路边的	roadside
路途	way
路障	barricade
路面	pavement
跳	spring, jump
跳上	hop
跳伞	parachute, bailout
跳伞运动员	parachutist
跳出水面	breach
跳动	jump, pulse
跳动的	jumpy, throbbing
跳华尔兹舞	waltz
跳回	resiliency
跳康茄舞	conga
跳弹	ricochet
跳探戈舞	tango
跳接器	jumper
跳摇摆舞	jive
跳曼博舞	mambo
跳板	springboard, gangway
跳栏	hurdle
跳栏比赛选手	hurdler
跳桑巴舞	samba
跳水	dive, plunge
跳水者	plunger
跳爵士舞	jazz
跳的人	springer
跳线连接器	jumper
跳绳	skip
跳羚	springbok
跳背	leapfrog
跳背游戏	leapfrog
跳脱衣舞	striptease
跳舞	foot, step
跳舞场	ballroom
跳舞者	dancer
跳虫	hopper
跳蚤	flea
跳读	skip
跳越	skip
跳跃	jump, spring
跳跃的	salient, jumpy
跳跃的东西	hopper
跳跃的人	bouncer
跳跃者	jumper
跳跃而行	leaping
跳跃而行的	leaping
跳过	skip
跳过的	vaulting
跳进	plunge
跳进的	plunging
跳飞	ricochet
践踏	trample, tramp
跷跷板	teeter, seesaw
跷跷板游戏	seesaw
跺	stomp
跺脚	stamp, stomp
踉跄	teeter
踌躇	hesitate, stagger
踌躇不前	jib
踌躇地	hesitantly, diffidently
踌躇的	hesitant
踏	step
踏上高跷	stilted
踏上高跷的	stilted
踏出来的路	trackway
踏勘	exploration
踏实	steadfast, steadfastly
踏实地	steadfastly
踏实的	steadfast
踏板	pedal
踏板车	scooter
踏步	rung
踏着泥泞前进	slop
踏脚处	legroom
踏车	treadmill
踏过	overstep
踏错	misstep
踝	ankle
踝关节	ankle, hock
踢	kick, boot
踢开	spurn
踢悬空球	punt
踢球	kickball
踢者	kicker
踢腿	kicking
踩	tread, tramp
踩熄	stub
踪迹	trail, trace
踮着脚	tiptoe
踱步	pace
踱步于	pace
踵	heel
蹂躏	havoc, trample
蹂躏者	harrier
蹄	hoof
蹄叉腐烂	thrush
蹄爪	knuckle
蹄状	ungulate
蹄状的	ungulate
蹄铁匠	farrier
蹒跚	stagger, staggering
蹒跚地走	reel, falter
蹒跚学步	toddle
蹒跚的	staggering, halting
蹒跚的步子	totter
蹒跚而行	stumble
蹒跚而走	stump
蹒跚行走的人	toddler
蹒跚行进	jog
蹦床	trampoline
蹦极	bungee
蹦跳	flip, scamper
蹦跳运动	rebounding
蹩脚	crappy, grungy
蹩脚的	crappy, grungy
蹩脚货	grunge
蹲	squat
蹲下	crouch, squat
蹲伏	crouch, couch
蹲坐	squat
蹲座	hunker
蹲着	squat
蹲着的	squat
蹲着的人	squatter
蹴后	kickback
蹼	web
躁狂	manic, maniacal
躁狂的	manic, maniacal
躁狂者	manic
身份	identity
身份不明的	undisclosed
身份证明	identification
身体	body, physical
身体上的伤害	lesion
身体不好	unwell
身体不好的	unwell
身体不舒服	poorly
身体不舒服的	poorly
身体不适	pip
身体的	physical
身分	position
身后	posthumously
身心	psychosomatic
身心失调	psychosomatic
身心失调的	psychosomatic
身心的	psychosomatic
身无分文	skint
身无分文的	skint
身材	stature
身材极小的人	diminutive
身材瘦长	gangly
身材瘦长的	gangly
身首异处	dismembered
身高	inch, stature
躯体的	somatic
躯干	torso, trunk
躯干的	trunk
躲债	levant
躲入洞内	earth
躲开	avoid
躲蔽处	nook
躲藏	house
躲藏处	hide
躲避	shelter, duck
躲避打击	sidestep
躲闪	hedge
躲闪者	dodger
躺	lounge
躺下	couch
躺卧	reclining
躺椅	recliner
躺着	lie
躺着的	recumbent
车	car
车削	turning
车削工作	turning
车削的	turned
车前灯	headlight
车前草	plantain
车匠	cartwright
车夫	whip
车工	turner
车床	lathe
车库	garage
车座	saddle
车棚	shed
车的	vehicular
车票	ticket
车站	stop, station
车行道	carriageway
车身	bodywork
车身内部高度	headroom
车轮	wheel
车轮制造人	wheeler
车轮窗	catherine
车轴	axle
车辆	vehicle
车辆荷载	carload
车辆起重器	carjack
车辆载荷	carload
车辙	furrow
车道	driveway, roadway
车间	shop, workshop
轧住	jam
轧住了	jammed
轧住了的	jammed
轧制	rolled
轧制的	rolled
轧布	mangle
轧布机	mangle
轧棉	gin
轧棉机	gin
轧碎	grate
轧碎机	crusher
轧齿边	milling
轨线	trajectory
轨迹	track
轨道	railway, orbit
轨道的	orbital
轨道运动	orbiting
轨道运行	orbiting
轨道飞行器	orbiter
转世化身	reincarnate, reincarnation
转世化身的	reincarnate
转义	trope
转交	reassign
转位	dislocation
转佳	amelioration
转入下页	forwarding
转入侧轨	sidetrack
转到另一方	crossover
转到陆上运输	portage
转剧	exacerbation
转动	turn
转动体	rotor
转动的	rotational
转包	sub, subcontract
转包人	subcontractor
转包合同	subcontract
转化	transform, translate
转化器	reformer
转化炉	reformer
转化的	invert
转卖	resell, resale
转发	forwarding
转变	transition, switch
转变的	transitional
转变话题	sidetrack
转向	turn
转向一边	shunt
转向右方	starboard
转向架	bogie
转售	resell, resale
转喻	metonymy, metonymic
转喻的	metonymic
转回	restitution
转圈	orbiting
转塔	turret
转委	empower
转嫁	imputation
转子	rotor
转学	transfer
转寄	forward
转帆	jibe
转座	transposition
转开	avert
转弯	turn
转弯处	turning
转弯抹角	tortuous
转弯抹角的	tortuous
转录	transcribe, transcription
转录作用	transcription
转得人	acquirer
转换	shift, transition
转换器	converter, changer
转换注意力	diversionary
转换注意力的	diversionary
转换盒	boxcar
转接器	adaptor
转接开关	changer
转播	relay
转数	rev
转朝上	upturn
转椅座架	swivel
转环	swivel
转盘	dial
转矩	torque
转租	sublet
转租的房屋	sublet
转移	transfer, shift
转移性	metastatic
转移性的	metastatic
转移指令	derail
转移的	metastatic
转筒	centrifugal
转置	transpose
转职	transfer
转角	corner
转让	negotiate, convey
转让人	endorser
转让证书	conveyance
转让财产者	conveyor
转调	modulate
转车台	turntable
转轨	shunt
转轴	rotor
转述	report
转黑	darkened
转鼓	rotor
转鼓加工	drumming
轭	yoke
轮	wheel
轮作草地	ley
轮值	spell
轮到发球	serve
轮叶	vane
轮唱	troll
轮子	wheel
轮床	gurney
轮廓	profile, outline
轮廓优美	statuesque
轮廓优美的	statuesque
轮廓分明	graphic, defined
轮廓分明的	graphic, defined
轮廓线	filet
轮廓色	highlighter
轮式	wheeled
轮式的	wheeled
轮换	spell
轮椅	wheelchair
轮毂	nave
轮流	rotation, alternate
轮流的	alternate, rotary
轮渡	ferry
轮状的	ringed
轮状皱领	ruff
轮班	shift
轮生体	whorl
轮盘赌	roulette
轮箍术	tiring
轮缘	rim
轮胎	tire, tyre
轮胎侧壁	sidewall
轮船	steward, steamboat
轮船上的厨房	caboose
轮船的人	stowaway
轮询	poll
轮转	cycle
轮转烟火	catherine
轮转烤肉器	rotisserie
轮转焰火	pinwheel
轮转的	cyclical, cyclic
轮辐	spoke, rung
软	soft
软件	software
软体动物	mollusc, mollusk
软再生毛	shoddy
软化	softened
软化剂	softener
软化处理	softening
软块	mush
软帮鞋	moccasin
软帽	bonnet
软式小型飞船	blimp
软弱	flabby, limp
软弱的	flabby, limp
软木	cork
软木塞	cork
软木材	softwood
软木树	cork
软毛	fluff
软泥	sludge, slob
软片	film
软的	soft
软磁盘	diskette
软管	tube
软糖料	fondant
软膏	ointment, clobber
软膏刀	spatula
软薄布	mull
软设备	software
软食	pap
软骨	cartilage
轰击	bombardment, bombard
轰动	stir, sensation
轰动性	tabloid
轰动性的	tabloid
轰动的	resounding, knockout
轰响	rolling
轰炸	bomb
轰炸机	bomber
轰赶	hoot
轰隆地发出	thunder
轰隆地响	thunder
轰鸣	roar
轰鸣的	roaring
轴	shaft, axis
轴向	axial
轴向的	axial
轴承	bearing
轴的	axial
轴突	axon
轴索	neuron
轴距	wheelbase
轴颈	journal
轶事	anecdote, anecdotal
轶事的	anecdotal
轻	light
轻事重报者	alarmist
轻佻	frivolous, skittish
轻佻女人	tit
轻佻的	frivolous, skittish
轻便	portability
轻便双轮马车	gig, tilbury
轻便的	lightweight
轻便鞋	walker
轻便马车	whisky
轻信	credulous, credulity
轻信的	credulous, gullible
轻击	flip
轻击棒	putter
轻击高尔夫球	putt
轻叩	tap
轻咬	nibble
轻哼	croon
轻声	whispery
轻声低语	muttered
轻声的	whispery
轻子	lepton
轻度异常的	paranormal
轻度经济衰退	shakeout
轻度腹泻	laxative
轻度腹泻的	laxative
轻弹	flick
轻微	light, slight
轻微的	light, slight
轻快	rakish, alacrity
轻快地动	lilt
轻快地移动	kite
轻快地走	step, trip
轻快地走动	waltz
轻快奔跑	romp
轻快摆动	flirt
轻快的	rakish, jaunty
轻快的动作	lilt
轻快脚步声	patter
轻打	tap
轻打声	flick
轻拍	pat, tap
轻推	jog
轻描淡写	understated
轻描淡写的	understated
轻摇	jiggle, frisk
轻撞	jog
轻擦	graze, dab
轻敲	rap, tap
轻敲声	tapping
轻敲者	tapper
轻易	easily, readily
轻易击败	outclass
轻易地	easily, readily
轻易放弃的人	quitter
轻松	comfortable
轻松打败	humbled
轻松的	comfortable
轻柔	diaphanous
轻柔的	diaphanous
轻柔的音乐	lullaby
轻歌剧	operetta
轻歌舞剧	vaudeville
轻泻剂	senna
轻浮	flighty, levity
轻浮的	flighty, trifling
轻点	dub
轻狂	flighty
轻狂的	flighty
轻率	rash, hasty
轻率地	rashly, blindly
轻率的	rash, hasty
轻的	light
轻盈	airily
轻盈地	airily
轻石	pumice
轻笑	chuckle
轻罪	misdemeanor, misdemeanour
轻而易举的事	breeze
轻舟	canoe, skiff
轻蔑	slight, contempt
轻蔑地	contemptuously, dismissively
轻蔑地哼	snort
轻蔑地对待	desecrate
轻蔑的	contemptuous, scornful
轻蔑语	pejorative
轻薄	frivolity
轻薄的	frivolous
轻视	despite
轻视的	dismissive
轻软光滑	velvety
轻软光滑的	velvety
轻轻	lightly, gently
轻轻一击	putt
轻轻倒出	decant
轻轻地	lightly, gently
轻轻地吹	whiff
轻轻地说	coo
轻轻拂去	flick
轻轻拍打	lick
轻轻擦过	skimmed
轻轻浮起	levitate
轻轻说出	lip
轻量的	lightweight
轻量级	lightweight
轻量级选手	featherweight
轻飘飘	gossamer
轻飘飘的	gossamer
载体	vehicle
载入程序	loader
载入者	loader
载波	carrier
载货单	manifest
载重吨位	deadweight
载重汽车	lorry
载重量	deadweight
载重马	workhorse
轿	litter
轿子	sedan
轿车	limousine, sedan
较后	latter
较后的	latter
较喜欢	prefer
较多	major
较多数	plurality
较多的	major
较大的数	plurality
较好	better
较好的	better
较小	less
较小的	minor
较少	less
较少的	fewer, lesser
较差	less
较差的	inferior
较年轻	younger
较年轻的	younger
较早	prior
较早的	prior
较近	nearer
较量	bout
较高	upper
较高的	upper
辅佐人	assessor
辅助	subsidiary, assistant
辅助军事	paramilitary
辅助军事的	paramilitary
辅助工	laborer
辅助性	subservience, supporting
辅助性的	supporting
辅助物	auxiliary
辅助的	subsidiary, assistant
辅助系统	subsystem
辅助练习册	workbook
辅助者	subsidiary, auxiliary
辅导	tutorial, remediation
辅导员	counsellor
辅导教师	mentorship
辅导的	tutorial
辅币	bit
辅音	consonant
辉光	glowing
辉度	brilliance
辉煌	brilliantly, shiny
辉煌地	brilliantly
辉煌的	shiny, resplendent
辉耀	glisten, flamboyant
辉耀的	flamboyant, incandescent
辊轧	rolled
辊轧的	rolled
辐射	radiation
辐射体	radiator
辐射光线	radius
辐射学	radiology
辐射性微尘	fallout
辐射物	radiant
辐射状	radiate
辐射状的	radiate
辐射的	radiant
辐照	irradiation
辐状	rotate
辐状的	rotate
输	losing
输入	input, enter
输入品	importation
输入电路	input
输入终端	it
输入者	importer
输入项	entry
输出	output, export
输出品	export
输出物资	export
输出的	exporting
输出者	exporter
输卵管	fallopian, tubal
输卵管的	tubal
输弹机	ramrod
输液	transfusion
输电干线	mains
输的	losing
输精管切除术	vasectomy
输精管的	deferential
输血	transfusion
输送	transportation
输送人	transporter
输送管	pipe, duct
输送胆汁	biliary
输送胆汁的	biliary
辗压	rolled
辗压的	rolled
辗轧	jarring
辗轧声	creak, jarring
辗轧的	jarring
辗转不安	squirm
辘轳	waterwheel
辘辘响	rumble
辘辘声	rumble
辙迹	rut
辛劳	travail
辛勤工作	ply, plod
辛存者	survivor
辛普森	simpson
辛烷	octane
辛苦	hard, pain
辛苦地	hard
辛苦地从事	drudge
辛苦的	painstaking
辛辣	tart, spicy
辛辣地	tartly, poignantly
辛辣的	tart, spicy
辛辣调味品	condiment
辛迪	cindy
辛迪加	syndicate
辛迪加组织	syndication
辛酸	poignant
辛酸的	poignant
辜负	betray, betrayal
辞典	lexicon
辞典编纂者	lexicographer
辞别	farewell
辞呈	resignation
辞职	resign, resignation
辞退	retire
辣	hot
辣根	horseradish
辣椒	pepper
辣椒粉	chili
辣的	hot
辨别	distinguish, discern
辨别力	discretion, discrimination
辨读不出	indecipherable
辨读不出的	indecipherable
辩护	defend, defence
辩护人	defender
辩护的	apologetic
辩护者	defender, proponent
辩明	explanatory, vindication
辩明无罪	exculpatory
辩明无罪的	exculpatory
辩明的	explanatory
辩白	vindication
辩解	explanation, apologize
辩解地	apologetically
辩解的	exculpatory, apologetic
辩解者	apology
辩认	recognise
辩认得出	distinguishable
辩认得出的	distinguishable
辩论	reason, debate
辩论会	moot
辩论学	forensics
辩论家	debater
辩论术	forensics
辩论的	forensic
辩论练习	forensic
辩论者	polemic
辩证	dialectic, dialectical
辩证法	dialectic, dialectical
辩证法的	dialectic, dialectical
辩证的	dialectic, dialectical
辩驳	rebuttal, rebut
辫子	queue, tail
辫形导线	pigtail
辰砂	cinnabar
辱骂	abuse, taunt
边	rim, brim
边境	border, frontier
边墙	sidewall
边宽	siding
边带	webbing
边框形式	preset
边沁	bentham
边界	boundary, limit
边界地区居民	marcher
边界地方	borderland
边界的	borderline
边疆区	kray
边石	curb
边线	touchline
边线裁判员	linesman
边缘	edge, border
边缘化	marginalization
边缘地区	periphery
边缘政策	brinkmanship
边缘的	marginal, fringe
边缘部分	penumbra
边车	sidecar
边远	outlying
边远地区	backcountry
边远的	outlying
边锋	winger
边陲	borderland
边音	lateral
边饰	edging
辽阔	broad
辽阔地	expansively
辽阔的	broad
达不到	untouchable
达不到的	untouchable
达于极点	culminate
达克斯猎狗	dachshund
达利奇	dulwich
达到	go
达到顶点	climax
达到高潮	climax, culminate
达喀尔	dakar
达夫尔	duffle
达尔马提亚狗	dalmatian
达德利	dudley
达成协议	arrange
达拉斯	dallas
达特茅斯	dartmouth
达科他	dakota
达芙妮	daphne
达芬奇	vinci
达蒙	damon
达观	philosophical
达观的	philosophical
迁就	humour
迁居	move
迁延	deferment
迁徒	metastasize
迁徒的	metastatic
迁徙	flight
迁移	remove, transfer
迁移不定	planetary
迁移不定的	planetary
迁移率	mobility
迁移的	migratory
迁移程序	migrate
迂回	snake, roundabout
迂回旅行	meander
迂回的	roundabout, devious
迂回行进	weave
迂回路线	roundabout
迄	till
迄今	hitherto
迅速	forward, ready
迅速地	readily, rapidly
迅速增加	mushroom
迅速完成	expedited
迅速撤退	hightail
迅速生长	mushroom
迅速生长的	mushroom
迅速的	forward, quick
迅速翻查	rifle
迅速翻阅	riffle
迅速运输	gallop
迅速还击	riposte
迅速逃走	hightail
过了中年	elderly
过了中年的	elderly
过了期的	belated
过于丰富	overabundance
过于拘谨	squeamish
过于拘谨的	squeamish
过于敏感	touchy
过于敏感的	touchy
过于精致	precious
过于精致的	precious
过于自信	overconfident
过于自信的	overconfident
过于自恃的	overconfident
过于重视	overweight
过于频繁使用	hackney
过从甚密	hobnob
过公拥挤	overcrowding
过冬	hibernation, hibernate
过分	egregious, ultra
过分使用	strain
过分保护的	overprotective
过分动情的话	slobber
过分周到	finicky
过分周到的	finicky
过分地	obsessively, devilishly
过分地单纯化	oversimplify
过分多情	goo
过分夸赞	flattered
过分尊重	overvalue
过分延长	overextend
过分强调	overstate, overemphasize
过分扩展	overextend
过分挑剔者	perfectionist
过分注意	finicky
过分注意的	finicky
过分满意	sate
过分热忱	overzealous
过分热忱的	overzealous
过分的	egregious, excessive
过分的称赞	adulation
过分简单	oversimplification
过分简单化	simplistic, oversimplification
过分简单化的	simplistic
过分自信	assertive
过分自信的	assertive
过分装饰	garish
过分装饰的	garish
过分讲究	finicky
过分讲究的	finicky
过剩	surplus, plethora
过剩人口	overspill
过剩的	surplus, superfluous
过去	history, past
过去的	past
过去的事	bygone
过境鸟	transient
过夏天	summer
过多	redundancy, excessive
过多供应	glut
过多的	excessive, redundant
过多的供应品	oversupply
过大	oversized
过大的	oversized
过大而不适于	outgrow
过失	blame, error
过失杀人罪	manslaughter
过奢侈生活	luxuriate
过山车	rollercoaster
过帐	posting
过度	excessive, excess
过度伸张	overreach
过度使用	overspend, overuse
过度供给	oversupply
过度充电	overcharge
过度发育	overgrowth
过度呼吸	hyperventilate
过度地	overly, unduly
过度地杀伤	overkill
过度增大	hypertrophy
过度崇拜	idolise
过度拥挤	overcrowded
过度拥挤的	overcrowded
过度杀伤威力	overkill
过度的	excessive, unreasonable
过度的负担	overburden
过度紧张	hypertension
过度缩减	scrimp
过度膨胀	hypertrophy
过度节俭	parsimony, parsimonious
过度节俭的	parsimonious
过得去	livable
过得去的	livable
过急	previous
过急的	previous
过敏	hypersensitive, irritably
过敏反应	anaphylaxis
过敏地	irritably
过敏性	anaphylaxis
过敏症	hypersensitivity
过敏的	hypersensitive, irritable
过敏素	allergen
过早	premature, prematurely
过早地	prematurely
过早的	premature
过早硫化	scorching
过时	date
过时的	archaic, outmoded
过期	overdue
过期未付的	overdue
过期的	overdue
过来	come
过梁	lintel
过氧化物	peroxide
过流浪生涯	hobo
过渡时期	interim
过渡期	transitional
过渡期的	transitional
过渡的	transitional, transient
过渡过程	transient
过游民生活	bum
过滤	filter, sift
过滤器	filter
过激主义	extremism
过激论者	ultra
过火	ham
过火的	ham
过热	overheated
过热的	overheated
过熟	overripe
过熟的	overripe
过独身生活	bach
过甜	icky
过甜的	icky
过盛的	luxuriant
过着	live
过社会生活	sociable
过社会生活的	sociable
过秤	weigh
过程	process, course
过程接口控制	pic
过粘	icky
过粘的	icky
过细	meticulously, meticulous
过细地	meticulously
过细的	meticulous
过背摔	buttock
过调	toning
过路人	passer
过载	overload
过载失真	blasting
过道	aisle, runway
过重	overweight
过重的货物	overburden
过量	excess
过量的	excess
过错	fault
过闸	lock
过食	surfeit
过高	exorbitant
过高估价	overestimate
过高的	exorbitant
迈克尔	michael
迈大步走	stride
迈尔	my
迈尔斯	myers
迈拉	myra
迈纳	mina
迈耶	meyer
迎合	humor, cater
迎合的	ingratiating
迎接	salute
迎风	weather
迎风地	upwind
迎风的	weather
迎风航驶	ahold
运作	operational, functioning
运作上	operationally
运作的	operational
运动	movement, sport
运动员	athlete
运动员精神	sportsmanship
运动地	athletically
运动场	playground
运动学	kinematic, kinesiology
运动学的	kinematic
运动家作风	athletically
运动家作风地	athletically
运动引起	kinetic
运动引起的	kinetic
运动性	motility
运动服	tracksuit
运动机能学	kinesiology
运动柔软	sinuous
运动柔软的	sinuous
运动用	sporting
运动用的	sporting
运动的	sport, athletic
运动衫	sweater, jersey
运动装	sportswear
运动觉的	kinesthetic
运动迷	fandom
运动选手	athlete
运星	ascendant
运气	lot
运河	canal
运煤帆船	geordie
运煤船	collier
运煤船员	collier
运球	dribble
运用	use
运筹	logistically
运筹地	logistically
运算	operation
运算对象	operand
运算数	operand
运算符	operator
运行	move, function
运货单	manifest
运货者	shipper
运货车	waggon, wagon
运货马车	dray
运货马车夫	carter
运费	freight, carriage
运费准免的	franco
运转	movement, operate
运转的	locomotive, operative
运转费用	operating
运载	carry
运载体	vehicle
运输	transport, transportation
运输工会会员	teamster
运输工具	transport
运输机	transporter
运输者	conveyancer
运输船	transporter
运输费	transportation
运送	carry, forward
运送者	carrier
运送货物	shipment
近	near, short
近中心	proximal
近中心的	proximal
近乎头等	subprime
近乎头等的	subprime
近乎淫猥	risque
近乎淫猥的	risque
近于	approximately
近交	inbreeding
近亲	near
近亲交配	inbreeding
近亲复仇	vendetta
近亲的	near
近亲相奸	incest, incestuous
近亲相奸的	incestuous
近亲结婚	intermarriage, intermarry
近亲通婚	incest
近代	recent
近代的	recent
近似	approach, near
近似于	near
近似值	approximation
近似的	near
近卫兵	guardsman
近因	signal
近战	infighting
近接的	proximal, proximate
近旁	nearby
近旁地	nearby
近旁的	nearby
近日点	perihelion
近来	latter, lately
近来的	latter
近海	offshore
近海岸	inshore
近海岸的	inshore
近海渔夫	longshoreman
近海的	offshore
近的	near, short
近的一边	nearside
近脐	umbilical
近脐的	umbilical
近视	myopic, myopia
近视的	myopic, nearsighted
近赤道	equatorial
近赤道的	equatorial
近身体中央	proximal
近身体中央的	proximal
近郊	outskirts
返回	return
返回的	return
返回者	returnee
返工	rework
返工修光	refinish
返硫	reversion
返祖性的	atavistic
返祖者	throwback
返老还童	rejuvenate
返驰	retrace
还	yet
还价	huckster
还俗	secularization
还击	riposte, backstroke
还原	restore, reduction
还原剂	reductive, reducer
还原论	reductive
还原论的	reductive
还原论者	reductionist
还年轻	youngish
还年轻的	youngish
还幼小	youngish
还幼小的	youngish
还愿	votive
还愿的	votive
还押	remand
还押候审	remand
这	this
这一类的人	suchlike
这么	this
这些	these
这样	so, such
这样的	such
这边	hither
这边的	hither
这里	here
进一步	more
进一步的	farther
进人孔	manhole
进位	carry
进入	in
进入兽穴	lair
进入权	admittance
进入点	entrance
进入系统	logon
进入者	incomer, entrant
进入胎动期	quicken
进入蜂房	hive
进入轨道	orbit
进军	march
进动	precession
进化	evolution, evolve
进化了的	evolved
进化的	evolutionary, developmental
进化论	evolutionary
进化论的	evolutionary
进化论者	evolutionist
进去	enter
进取	aggressive
进取心	enterprise
进取的	aggressive
进取精神	gumption
进口	import, inlet
进口商	importer
进口税	inwards
进口货	import
进场	approaching
进场干预	intervene
进大学	matriculate
进尺	headway
进展	evolve, advance
进攻	onset
进攻的	offensive
进料	feeding
进晚餐	sup
进来	incoming
进来的	incoming
进样器	sampler
进款	taking
进步	develop, progress
进步党主义	progressivism
进步教育理论	progressivism
进步的	progressive, enlightened
进步论者	progressive
进水的	waterlogged
进洞	hole
进港	dock
进狗窝	kennel
进程协调	coordination
进纸器	tractor
进行	do, go
进行中	toward, going
进行中的	toward, going
进行交易	trade
进行仲裁	arbitrate
进行劈的人	splitter
进行哲学探讨	philosophize
进行夜盗	burglarize
进行小偷小摸	snitch
进行战争	war
进行手臂消毒	scrub
进行测试	test
进行消毒	sanitized
进行的	ongoing
进行群射	volley
进行者	pursuer
进行速度	tempo
进行面试者	interviewer
进行顺利	sizzling
进行预备训练	prep
进行预测	pretest
进货	stock
进退两难	stranded
进退两难的	stranded
进预备学校	prep
进餐	meal
进餐时间	mealtime
远	far
远中的	distal
远侧的	distal
远古	immemorial, primeval
远古的	immemorial, primeval
远地点	apogee
远处	yon
远处的	yon
远征	expedition
远征的	expeditionary
远房	shirttail
远房的	shirttail
远方	distance
远景	perspective
远期的	distant
远核点	apogee
远洋	pelagic
远洋的	pelagic
远的	far
远眺	overlook
远离	aloof, remoteness
远离的	aloof
远程	remote
远程交换	telecommuting
远程会议	teleconference
远程通信	telecommunication
远胜于	outclass
远见	foresight
远视	farsighted
远视的	farsighted
远足	excursion, hike
远足用的背包	backpack
远足者	tripper
远足适用	outing
远足适用的	outing
远距测定法	telemetry
远距照相	telephoto
远距照相的	telephoto
远距离通讯	telecommunication
远远	way
远远地	way
远避	eschew
远隔	remoteness, distantly
远高于	outclass
违例出牌	renege
违反	violation, offence
违反习俗	unnaturally
违反习俗地	unnaturally
违反军规者	defaulter
违反准则	nonconformist
违反准则的	nonconformist
违反宪法	unconstitutional
违反宪法的	unconstitutional
违反直觉	counterintuitive
违反直觉的	counterintuitive
违反者	trespasser, violator
违反规范	nonconformist
违反规范的	nonconformist
违反运行规程	mishandling
违宪的	unconstitutional
违抗	defiance
违拗症	negativism
违法	illegal
违法乱纪	malfeasance
违法地	illegally
违法的	illegal
违法的结社	confederacy
违法者	delinquent
违犯	violate, violation
违犯者	violator
违禁品	contraband
违禁的	illicit
违约	default
违约者	defaulter
违约金	penalty
违背	breach, violation
违背人道	unnatural
违背的	disobedient
违背者	violator
连合活字	logo
连响	ding
连唱	slurred
连复段	riff
连字符	hyphen
连带	jointly
连带地	jointly
连拱	arcade
连指手套	mitten
连接	join, couple
连接上	gear
连接口	connector
连接器	coupler
连接处	joint
连接物	attachment
连接的	joint, adjacent
连接词	conjunction
连接起来	link
连本带利的赌	parlay
连杆	pitman
连枷	flail
连栋房屋	townhouse, townhome
连根拔起	uproot
连根拔除	stub, eradication
连环	interlink
连环漫画	comic
连生	accrete
连祷	litany
连篇废话	yak
连累	incriminate
连结	link
连结物	link
连结者	connector, coupler
连续	series, continuous
连续不断	continuous
连续不断的	continuous
连续介质	continuum
连续区	continuum
连续四年	quadrennial
连续四年的	quadrennial
连续地	continuously, consecutively
连续性	continuity
连续打	buffet
连续投掷	pelt
连续猛打	batter
连续的	continuous, consecutive
连续统	continuum
连续统一体	continuum
连续谱	continuum
连续轻擂	ruffle
连续重击	pound
连续锤打	hammer
连续镜头	footage
连绵	stretch
连绵的山脉	cordillera
连网	networking
连翘	forsythia
连衣裙	frock
连衣裤	jumpsuit
连衫衬裤	teddy
连裤袜	pantyhose
连谱号	accolade
连贯	even
连贯性	coherence
连贯的	even
连轮装置	headgear
连载	serial
连载小说	serial
连载的	serial
连通度	connectivity
连通性	connectedness, connectivity
连锁	interlocking, linkage
连锁的	interlocking
连音符	slur
迟	late
迟于	beyond
迟到	overdue, tardy
迟到的	overdue, tardy
迟到者	latecomer
迟延	lag, retardation
迟延的	deferred
迟来	belated
迟来的	belated
迟滞	delay
迟疑	hesitate, shy
迟疑不决	haltingly
迟疑不决地	haltingly
迟疑地	hesitantly
迟疑的	shy, hesitant
迟的	late
迟缓	slowly, slow
迟缓地	slowly, slow
迟缓的	slow
迟钝	inert, sluggish
迟钝地	dully
迟钝的	inert, sluggish
迟钝者	laggard
迦拉太	galatian
迦拉太人	galatian
迦拉太人的	galatian
迦拉太的	galatian
迪奥	dior
迪恩	deane
迪拜	dubai
迪拜港	dubai
迪斯尼乐园	disneyland
迪斯科	disco
迪斯雷利	disraeli
迪特里希	dietrich
迪莉娅	delia
迫使	pressure
迫使做	coerced
迫出	expel
迫切	stringent, pressing
迫切地	urgently
迫切的	stringent, pressing
迫切的要求	urge
迫害	persecute, persecution
迫害者	persecutor
迫害运动	persecution
迫至一隅	corner
迫近	upon
迫近的危险	imminence
迫随者	supporter
迭代	iteration
迭戈	diego
迭盖	overlap
述行	performative
述行成分	performative
述行的	performative
述行语	performative
迷	fan
迷乱	daze
迷乱的	dazed
迷人	fascinating, charming
迷人地	charmingly, attractively
迷人的	fascinating, charming
迷人的美	glamour, glamor
迷住	capture, charm
迷信	superstition, superstitious
迷信招魂术者	spiritualist
迷信的	superstitious
迷向	disorientation
迷失	maze
迷宫	maze, labyrinth
迷幻	wrecked
迷幻剂	psychedelic, hallucinogen
迷幻的	wrecked
迷彩服	camo
迷恋	infatuation, enamored
迷恋的	enamored, enamoured
迷恋着	infatuated
迷恋着的	infatuated
迷恋者	captive
迷惑	bother, puzzle
迷惑人	enchanting
迷惑人的	enchanting
迷惑地	deceptively
迷惑的	puzzled, deceptive
迷惘	maze, vertigo
迷糊	sodden
迷糊的	sodden
迷蒙	mist
迷路	stray, maverick
迷路的	labyrinthine
迷迭香	rosemary
迷途	stray, astray
迷途地	astray
迷途的	stray
迸出	jet, gush
迸发	volley, spurt
迹象	evidence, hide
追	course
追击	sick
追加	supplementary, supplemental
追加的	supplementary, supplemental
追加罚款	surcharge
追寻猎物	quest
追封为圣者	canonization
追忆	retrospect
追忆往事	reminisce
追忆说	reminisce
追思录	memoir
追捕	chase, hunt
追求	court
追求物质利益	materialise
追求者	hunter
追溯	trace, retrace
追溯地	retroactively
追溯的	retroactive
追溯转换	recon
追究	run
追究者	enquirer
追索权	recourse
追肥	dressing
追补者	follower
追认	ratification
追赶	pursue, chase
追赶的	pursuant
追赶者	pursuer
追踪	track, pursue
追踪人	tracker
追踪者	trailer, tracker
追过	outstrip
追逐	chase
追随	follow
追随者	child
退	retreat
退伍军人	veteran
退休	retirement, retire
退休人员	retiree
退休的	retired
退休者	retiree
退休金	pension
退位	abdicate
退关	shutout
退出	exit
退化	degrade, degenerate
退化的	regressive, vestigial
退却	recede, recoil
退回	withdrawal, regress
退场	exit
退学学生	dropout
退席	walkout
退役	retire
退役的	retired
退款	drawback
退步	regression, setback
退步的	degenerative, retrograde
退潮	ebb, reflux
退火	softened, anneal
退火的	softened
退热净	acetaminophen
退税	drawback
退税凭单	debenture
退缩	shrink, recession
退职	superannuation
退职者	retiree
退职金	gratuity
退股	retirement
退行的	regressive
退让	concede
退走	backtrack
退还	rebate, reimbursement
退还部分付款	rebate
退避	wince
退隐处	hideaway
送信人	runner
送信者	messenger
送出	missive
送出的	missive
送奶工	milkman
送快信的人	courier
送急件者	courier
送报人	newsman
送气发音	aspirate
送气音	aspirate
送气音的	aspirate
送秋波	leer
送葬	funereal
送葬的	funereal
送葬者	mourner
送话口	mouthpiece
送货人	sender
送风机	ventilator
适中范围	midrange
适于上演	stage
适于上镜头	telegenic
适于上镜头的	telegenic
适于健康的	salutary
适于出版	printable
适于出版的	printable
适于女子	girlish
适于女子的	girlish
适于少年	juvenile
适于少年的	juvenile
适于居住	habitable
适于居住的	residential, habitable
适于帝王	regal
适于帝王的	regal
适于战争	military
适于战争的	military
适于搂抱	cuddly
适于搂抱的	cuddly
适于格斗	fighting
适于格斗的	fighting
适于男人	manly
适于男人的	manly
适于耕种	arable
适于耕种的	arable
适于航行	navigable
适于航行的	navigable
适于说	speaking
适于说的	speaking
适于远航	seagoing
适于远航的	seagoing
适于远行	rangy
适于远行的	rangy
适于饮用	potable
适于饮用的	potable
适任	eligibility
适任者	eligible
适切	fittingly
适切地	fittingly
适口的	palatable
适合	become
适合于	befit
适合仆人做	menial
适合仆人做的	menial
适合地	fittingly, competently
适合性	fitness
适合的	compatible, congruent
适合结婚	marriageable
适合结婚的	marriageable
适合葬礼	funereal
适合葬礼的	funereal
适宜	well, meet
适宜于	befit
适宜于吸入	breathable
适宜于吸入的	breathable
适宜于拍照	photogenic
适宜于拍照的	photogenic
适宜于教师	pedagogical
适宜于教师的	pedagogical
适宜地	aptly
适宜的	well, meet
适宜雇用	employable
适宜雇用的	employable
适应	answer, adapt
适应不良	maladaptive, maladjustment
适应不良的	maladaptive
适应于	adjust
适应征	indication
适应性	give
适应性调节	accommodation
适应新环境	acclimate
适应现代需要	modernise
适应的	adaptive, applicable
适应者	adapter
适度	moderate, reasonably
适度地	reasonably, moderately
适度的	moderate
适当	appropriate, proper
适当地	properly
适当的	appropriate, proper
适意	amenity, congenial
适意的	congenial
适时	pat, timely
适时的	timely
适用	apply
适用于	compliant
适用性	applicability
适用的	applicable
适配卡	adapter
适配器	adaptor, adapter
适销	saleable
适销性	marketability
适销的	saleable
逃	flee
逃不掉	inescapable, inescapably
逃不掉地	inescapably
逃不掉的	inescapable
逃亡	escape
逃亡的	fugitive, runaway
逃亡者	fugitive, emigre
逃亡黑人奴隶	maroon
逃兵	deserter
逃匿	abscond
逃学	mitch
逃掉	fleeing
逃犯	deserter
逃离	fleeing, escaped
逃脱	escape, cheat
逃脱不掉	inextricable
逃脱不掉的	inextricable
逃走	flight, flee
逃走的	runaway
逃走的人	runaway
逃跑	guy
逃避	escape, flee
逃避主义	escapism
逃避兵役者	slacker
逃避现实	escapism, escapist
逃避现实的	escapist
逃避现实者	escapist
逃避的	evasive, dodgy
逃避者	escapee
逃避责任的人	quitter
逆	conversely
逆动	retroactively
逆动地	retroactively
逆向	converse
逆向的	converse
逆吹	backwash
逆喻	oxymoron
逆境	adversity
逆戟鲸	orca
逆来顺受	meek
逆来顺受的	meek
逆栅流	backlash
逆流	setback, eddy
逆流地	upstream
逆流而上	upstream
逆流而上的	upstream
逆火	backfire
逆理的	paradoxical
逆电流器	spacer
逆的	adverse
逆行	stem
逆行的	recessive
逆转	reversal, changeover
逆风	headwind
选中	checked
选中的	checked
选主元	pivoting
选举	election, vote
选举人	electoral, voter
选举人名单	checklist
选举人的	electoral
选举团	electorate
选举投票	poll
选举权	suffrage
选举的	constituent, electoral
选修	elective
选修的	elective
选修课程	elective
选出	single, elect
选出的	elect
选区	electorate, constituency
选区内的选民	constituency
选取	choose
选取框	marquee
选定	paneled
选拔赛	tryout
选择	choose, choice
选择单	menu
选择器	selector
选择对象	alternative
选择度	selectivity
选择性	selective, selectivity
选择性的	selective
选择权	option, choice
选择的	selective, eclectic
选择者	selector
选文	selection
选民	voter, electorate
选派	detail
选票	vote
选筛	jig
选语失当	metonymy
选购	shop
选购的	optional
选集	anthology
选项	option
逊位	abdication
逊原子	subatomic
逊原子的	subatomic
逍遥自在	easygoing
逍遥自在的	easygoing
透不过	impervious
透不过气来	choking
透不过气来的	choking
透不过的	impervious
透入	permeate, pierce
透彻	thoroughly
透彻地	thoroughly
透支	overdraft
透支额	overdraft
透明	transparent, liquid
透明塑胶	perspex
透明度	clarity, transparency
透明性	clarity, transparency
透明的	transparent, liquid
透明硬纱	organza
透明胶带	sellotape
透析	dialysis
透视	perspective
透视感	perspective
透视法	perspective
透视法的	perspective
透视画	diorama
透视的	perspective
透过性	transparency
透镜	glass, lens
透露	reveal, disclose
逐个	piecemeal
逐个地	piecemeal
逐出	exclusion, expel
逐出国外	expatriate
逐出教会	excommunicate, excommunication
逐字	literally, literal
逐字地	literally
逐字的	literal, verbatim
逐放	eject
逐条列记	itemise
逐步	stepwise
逐步升级	escalating
逐步升高	escalate
逐步增强	escalate
逐步扩大	escalate
逐步的	stepwise
逐渐	generally, increasingly
逐渐减少	peter
逐渐减少的	dwindling
逐渐削弱	undermining
逐渐削薄	whittle
逐渐变为	graduate
逐渐变化	grade
逐渐地	generally, increasingly
逐渐毁坏	eroding
逐渐流走	drained
逐渐消失	peter
逐渐消失的	evanescent
逐渐灌输	instil
逐渐的	gradual
逐渐远离	receding
逐退	repel
逐项相符	check
递减	diminishing, descending
递增	increasing, ascending
递延的	deferred
递延项目	deferment
递归	recursive
递归的	recursive
递解	deport
递解出境	deportation
递送	deliver, delivery
途径	pass, route
逗号	comma
逗弄	tantalize
逗引性	tantalizing
逗引性的	tantalizing
逗惹	tease
逗点	comma
逗留	remain, stay
逗留的人	sojourner
逗趣	droll
逗趣的	droll
通便	laxative, purge
通便的	laxative, cathartic
通便药	cathartic
通俗	popular, common
通俗化	popularize
通俗地	popularly
通俗易懂	straightaway
通俗易懂的	straightaway
通俗的	popular, common
通信	communication, correspond
通信员	messenger
通信的	corresponding
通信者	correspondent
通信装置	communicator
通入蒸汽	steaming
通告	notify, announcement
通告者	harbinger
通商上	commercially
通奸	adultery, misconduct
通奸的	adulterous
通婚	intermarry
通宵	overnight
通宵的	overnight
通带宽度	bandwidth
通常	usually, common
通常的	common
通心粉	penne
通心面	macaroni
通情达理	sanity, gumption
通才	generalist
通报	message
通敌	collaborate, treason
通敌卖国者	collaboration
通敌者	collaborator
通气	venting
通气器	breather
通气孔	whistler
通气管	snorkel, outtake
通泻剂	laxative
通灵	telepathy
通用	global
通用仿真语言	gel
通用的	global
通电	galvanize, electrify
通电流于	galvanise
通电致死	electrocute
通畅	fluently
通畅地	fluently
通知	information, message
通知书	advice
通知者	informer
通红	glowing, aglow
通红的	glowing, aglow
通融	accommodate
通行	traffic, transit
通行手段	password
通行的	prevailing
通行证	passport
通行费	toll
通讯	message, communication
通讯记者	correspondent
通话软管	gosport
通谋	conspiracy
通货	currency
通货紧缩	deflationary, deflation
通货紧缩的	deflationary
通货膨胀	inflation
通货膨胀的	inflationary, inflatable
通路	access
通过	per, pass
通过协议	agreed
通过协议的	agreed
通过手势	gestural
通过手势的	gestural
通过民众	popularly
通过管道输送	duct
通过虹吸管	siphon, syphon
通过量	throughput
通道	passage
通风	ventilation
通风好	breezy
通风好的	breezy
通风孔	vent
通风帽	cowl
通风机	ventilator
通风的	draughty, airy
通风良好	drafty
通风良好的	drafty
通风设备	ventilator
通风道	outtake
逝去	elapse
逝去的	parting, foregone
逞能	conceited
逞能的	conceited
速度	rate, speed
速度计	speedometer, speedo
速成	crash
速成的	crash
速率	speed
速记	shorthand
速记员	stenographer
速记法	shorthand
速长区	aga
造	fashion
造冠术	crowning
造反	rebel, rising
造反的	rebel, rebellious
造园	garden
造型	formative, sculpt
造型不佳	misshapen
造型不佳的	misshapen
造型的	formative
造型者	shaper, modeler
造小尖塔	pinnacle
造币	coinage
造币厂	mint
造形	molded
造形的	molded
造影	visualization
造成	pose
造成不和	divisive
造成不和的	divisive
造成伤害	deleterious
造成伤害的	deleterious
造成偏见	prejudicial
造成偏见的	prejudicial
造成损害	hurtful
造成损害的	hurtful
造成烦的原因	gremlin
造成缝隙	gap
造成阻碍	snag
造房工	housebuilder
造林	afforestation
造桥	bridging
造模者	molder
造水槽	flume
造私酒者	bootlegger
造船	shipbuilding
造船专家	shipbuilder
造船厂	shipyard, dockyard
造船工程师	shipbuilder
造船技师	constructor
造酒厂	distillery
逡巡不前	balk
逢迎	supple, ingratiating
逢迎的	supple, ingratiating
逮捕	arrest, seize
逮捕他人者	captor
逮捕的	arrested
逸出	excursion
逻辑	logic
逻辑乘	intersection
逻辑地	logistically
逻辑学	logic
逻辑的	logical, logistical
逻辑论证	dialectic
逼出	expulsion
逼在眼前的	impending
逼真	living, realistic
逼真地	realistically
逼真度	fidelity
逼真的	living, realistic
逼真的描绘	photo, photograph
逼近	imminent, overhang
逼近的	imminent
逾期债款	arrears
逾越	overstep
遁世者	recluse
遁词	quibble
遁辞	quip, subterfuge
遂之而升的	buoyant
遂即	thereupon
遇海难	shipwreck
遇见	meet
遇难船	shipwreck
遍及	throughout
遍及于	pervade
遍及全州	statewide
遍及全州的	statewide
遍及全郡的	countywide
遍及各处	wide
遍及各处地	wide
遍寻	ransack, searching
遍寻的	searching
遍布	sheet
遍布于	infested
遍布地	pervasively
遍布斑点	splashy
遍布斑点的	splashy
遏制	deterrent, containment
遏制的	deterrent
道	tract, pathway
道义	morality
道义上	honorary
道义上的	honorary
道地	unadulterated
道地的	unadulterated
道尔	doyle
道尔顿	dalton
道德	moral, morality
道德上	morally
道德主义	moralistic, moralism
道德主义的	moralistic
道德家	moralistic, moralist
道德家的	moralistic
道德感	conscience
道德的	moral
道德的向上	uplift
道德规范	ethics, ethic
道德败坏	immorality, depraved
道德败坏的	depraved, immoral
道格	doug
道格拉斯	douglas
道森	dawson
道歉	apologize, apology
道歉地	apologetically
道歉的	apologetic
道灵	dorling
道纳尔铝合金	donal
道谢函	roofer
道路	road
道路定线	siting
遗产	heritage, estate
遗产管理人员	administrator
遗产管理的	administrative
遗产继承人	inheritor
遗传	genetic, inheritance
遗传因子	gen
遗传型	genotype
遗传学	genetics, genetically
遗传学家	geneticist
遗传性	heritage
遗传的	genetic, hereditary
遗传素质	id
遗体	remains
遗嘱	testament
遗嘱中有	testamentary
遗嘱中有的	testamentary
遗嘱人的	testamentary
遗嘱查讫证	probate
遗嘱查验	probate
遗嘱的	testamentary
遗失	lose, loss
遗失的	missing, lost
遗失者	loser
遗弃	abandon, desert
遗弃物	derelict
遗忘	leave
遗忘的	oblivious
遗憾	sorry, afraid
遗憾地	regrettably
遗憾的	sorry, afraid
遗漏	skip, omission
遗物	relic
遗留	bequeath, vestigial
遗留的	vestigial
遗精	emission
遗腹	posthumous, posthumously
遗腹的	posthumous
遗言	testament
遗赠	devise, demise
遗赠物	legacy
遗迹	relic, vestige
遗迹的	vestigial
遗骨匣	reliquary
遗骸	remains
遛	walk
遣回	remand
遣散	disband, demobilize
遣送回国	repatriation
遥测技术	telemetry
遥测数据	telemetry
遥测术	telemetry
遥远	far
遥远地	afar
遥远的	far
遭到轰炸	bombed
遭到轰炸的	bombed
遭到陷害	framed
遭到陷害的	framed
遭受	suffer, undergo
遭毒害	poisoned
遭毒害的	poisoned
遭破坏	destroyed
遭破坏的	destroyed
遭透	horrible
遭透的	horrible
遭遇	confront, encounter
遭难	castaway
遭难的	castaway
遭难者	victim
遮光剂	sunscreen
遮光物	shade
遮掩	cloak
遮断式的	barred
遮暗	blind
遮盖	housing
遮盖物	pall
遮眼	hoodwink, blindfold
遮篷	canopy, awning
遮胸	pectoral
遮蔽	shadow, roof
遮避	hide
遮阳布	havelock
遮阴	overshadow
遮雨板	flashing
遵从	compliance, obey
遵奉习俗	conformist
遵守	keep
遵守仪式	ritualistic
遵守仪式的	ritualistic
遵守纪律	disciplined
遵守纪律的	disciplined
遵守者	observer
遵循	follow
遵照	conformity
遵纪守法者	conformist
避免	avoid, miss
避免浪费	economise
避孕	contraception, contraceptive
避孕剂	contraceptive
避孕套	condom
避孕法	contraception
避孕用具	contraceptive
避孕用品	prophylactic
避孕的	contraceptive
避寒	hibernation, hibernate
避开	escape, dodge
避役属	chameleon
避暑	summer
避讳	ineffable
避讳的	ineffable
避难	refuge
避难处	citadel
避难所	home
避难者	refugee
避难设备	escape
避风	lee
避风处	lee
避风的	lee
邀请	ask
邀请的	invitational
邂逅	encounter
邋遢	slovenly, dingy
邋遢地	slovenly
邋遢女人	dowdy
邋遢的	slovenly, dingy
邓巴	dunbar
邓恩	dunne
邓洛普干酪	dunlop
邓肯	duncan
那	that
那一个	which
那个	that
那些	those
那什维尔	nashville
那时	then
那有这回事	shucks
那样	suchlike
那样的	suchlike
那边	yon, yonder
那边的	yon, yonder
邦戈羚羊	bongo
邦联	confederacy
邪恶	evil, ill
邪恶势力	hell
邪恶地	viciously
邪恶的	ill, evil
邪神	fiend
邪神崇拜	idolatry
邪道	miscreant
邪道的	miscreant
邮件	mail
邮件主管员	postmaster
邮件收发室	mailroom
邮件程序	pine
邮件车	gurney
邮寄	mail
邮寄者	mailer
邮局	postal
邮局的	postal
邮戳	postmark
邮政	mail, postal
邮政局长	postmaster
邮政的	postal
邮政编码	postcode
邮票	stamp
邮筒	mailbox
邮箱	mailbox
邮船	mailer
邮袋	postbag, mailbag
邮费	postage
邮资	postage
邮递	post, mail
邮递员	carrier, postman
邸宅	palazzo
邻人	neighborly
邻人的	neighborly
邻位的	adjacent
邻国	neighbour
邻域	neighbourhood
邻居	neighbor, neighbour
邻接	neighbor, neighbour
邻接的	neighbour, adjoining
邻接的东西	neighbour
邻甲基呋喃	sylvan
邻近	neighborhood, neighbour
邻近的	neighbour, neighbouring
郁滞	stasis
郁积	stasis, smolder
郁郁寡欢	moody
郁郁寡欢的	moody
郁金香	tulip
郁闷	morose
郁闷的	morose
郊区	suburb, suburban
郊区居民	suburban, suburbanite
郊区的	suburban
郊外	suburban, environs
郊外小旅馆	roadhouse
郊外的	suburban
郊游	outing
郑重	solemn
郑重地宣布	vow
郑重宣言	vow
郑重的	solemn
郡	county
郡副司法长官	bailiff
郡政府所在地	courthouse
郡治安官	sheriff
郡长	sheriff
部	office, ministry
部下	following
部件	unit
部位	loci
部位的	regional
部分	part
部分地	half, partly
部分的	half, partial
部分退款	rebate
部族间	intertribal
部族间的	intertribal
部的	ministerial
部署	manoeuvring
部落	tribal, tribe
部落主义	tribalism
部落制	tribalism
部落文化	tribalism
部落格	blog
部落男子	tribesman
部落的	tribal
部长	minister
部长的	ministerial
部长职务	portfolio
部门	department, sector
部门的	departmental, divisional
部队	unit
都不	neither
都不的	neither
都主教	metropolitan
都主教区	metropolitan
都主教区的	metropolitan
都市	city, urban
都市化	urbanization
都市性	cosmo
都市的	urban
都市的郊区	suburbia
都市酒店	metropole
都市风景	cityscape
都柏林人	dubliner
都灵	turin
鄙俗	coarsely
鄙俗地	coarsely
鄙劣	wretchedly
鄙劣地	wretchedly
鄙弃	disdain
鄙视	contemptuous, scornfully
鄙视别人	snooty
鄙视别人的	snooty
鄙视地	scornfully
鄙视的	contemptuous
酊	tincture
酋长	chief
酋长国	emirate
酋长领地	chiefdom
配件	fitment
配体	ligand
配偶	mate, spouse
配偶的	conjugal
配克	peck
配列	assortment
配制	formulation
配合	cooperation, cooperate
配合剂	ingredient
配基	ligand
配备	equip, outfit
配备的	fitted
配备职工	staffing
配套	mating
配子体	gametophyte
配对	paired, pairing
配对物	counterpart
配对的	paired
配料	furnish
配电盘	switchboard
配种	hybridization
配给	ration, allot
配给面包	tommy
配置	station
配置的	allocative
配膳室	buttery
配色师	colorist
配药	dosage
配药员	dispenser
配药学	pharmacy
配药过量	overdose
配药量过多	overdose
配车员	dispatcher
配重	counterweight
配错	mismatched
配错的	mismatched
配镜师	optometrist
配音	dub
配额	quota
酏剂	elixir
酒	drink, alcohol
酒中毒	alcoholism
酒保	bartender
酒刺	whelk
酒厂	distillery
酒后伤感	maudlin
酒后伤感的	maudlin
酒吧	bar
酒吧侍者	bartender
酒吧女侍	barmaid
酒吧女招待	barmaid
酒吧间	barroom
酒吧间男招待	barman
酒吧高脚凳	barstool
酒商	vintner
酒宴	convivial, booze
酒宴的	convivial
酒席	feast
酒店	cafe
酒店老板	publican
酒徒	drinker
酒杯	chalice, goblet
酒椰叶纤维	raffia
酒瓶	bottle
酒石	tartar
酒窖	bodega
酒窝	dimple
酒精	alcohol
酒精中毒	alcoholism
酒精中毒者	alcoholic
酒精含量高	nappy
酒精含量高的	nappy
酒精的	alcoholic
酒精饮料	stimulant
酒醉	drunken, groggy
酒醉地	drunkenly, groggily
酒醉的	drunken, groggy
酒量大的人	guzzler
酒馆	pub
酒香	bouquet
酒鬼	alcoholic, lush
酗酒	alcoholism
酚	phenol
酚尼	pfennig
酝酿	brew, incubation
酥脆	crisply
酥脆地	crisply
酩酊	boozy
酩酊的	boozy
酪乳	buttermilk
酪状物	curd
酪蛋白	casein
酬劳	remunerate, remuneration
酬谢	reward
酬金	recompense
酱	sauce
酱油	sauce, soy
酱色	caramel
酵母	yeast, leaven
酵母的	barmy
酵素	ferment
酶	enzyme
酶原	preferment
酷刑	crucifixion
酷吏	torturer
酷热	torrid
酷热的	torrid
酷爱	passion
酷象实物	lifelike
酷象实物的	lifelike
酸	acid, sour
酸乳	yoghurt
酸乳酪	yogurt
酸制酵母	marmite
酸化	acidification
酸卷心菜丝	slaw, coleslaw
酸奶	yoghurt
酸度	acidity
酸式碳酸盐	bicarbonate
酸性	acid
酸性反应	acidity
酸性的	acid
酸橙	lime
酸洗	pickle
酸洗使有光泽	blanched
酸的	acid, sour
酸类物质	acid
酸臭	sour
酸臭的	sour
酸败的	rancid
酸辣酱	chutney
酿成	spawn
酿造	brew
酿造所	brewery
酿造酒	brew
酿酒	vintage
酿酒厂	brewery
醇	alcohol
醇的	mellow
醇酸树脂	alkyd
醉	intoxication, greased
醉人	intoxicating
醉人的	intoxicating
醉心	infatuation
醉心于	idolize
醉的	greased, bombed
醉酒	drunkenness, boxed
醉酒的	boxed, stoned
醉鬼	stiff
醋	vinegar
醋栗	gooseberry
醋栗酒	gooseberry
醋氨酚	paracetamol
醋的	acetic
醋酸的	acetic
醋酸盐	acetate
醒悟了	disillusioned
醒悟了的	disillusioned
醒来	wake, arouse
醒目	striking, marked
醒目地	markedly, outstandingly
醒目性	highlighting
醒目的	striking, marked
醒目程度	boldness
醒着	wake, awake
醒着的	awake
醚	ether
醚制的	ethereal
醪液	wort
采	cull
采伐森林	deforestation
采伐量	fall
采取	adopt
采地	manor
采指纹	fingerprint
采捞	dredge
采捞船	dredger
采掘	pool, extract
采摘者	picker
采样	sampling
采珍珠	pearl
采用	adopt, introduce
采用的	adoptive
采用者	adopter
采用象征	symbolize
采石场	quarry
采矿	mining
采矿业	mining
采矿者	prospector
采纳	adoption
采葡萄	vintage
采蘑菇	mushroom
采购	procurement
采购的	purchasing
采运作业	logging
采邑	manor, fiefdom
采集	collection
采集浆果	berry
采集海绵	sponge
采集者	gatherer
釉	glaze
释义	paraphrase
释出	liberate
释放	free, release
释放后的安置	aftercare
释放宣言	parole
释放的	freed
释放者	liberator
释疑	conclusively
释罪	justification
里克特	richter
里加	riga
里吉斯	regis
里基	ricky
里士满	richmond
里头	within
里奇	ritchie
里奇托普	ridgetop
里弗斯	rivers
里德	reid
里拉	lire, lira
里根	reagan, regan
里程标	milestone
里程石	milestone
里程碑	milestone
里程表	odometer
里程计	speedometer, speedo
里约	rio
里脊肉	tenderloin
里诺	reno
重	heavy, weight
重临	revisit
重予安置	resettlement
重于	overweight
重作	recast, remake
重做	repeat
重写	rewrite
重写本	palimpsest
重击	pound, bang
重击声	thump
重击者	slugger
重刑罪	felony
重划学区	redistricting
重列	rearrangement
重制	refashion
重制物	remake
重力	gravity, gravitational
重力的	gravitational
重印	reprint
重压	press, weigh
重发	retry
重叠	lap, overlap
重合	coincide
重命名	rename
重唱歌曲	madrigal
重回	regain
重塑	remodeling
重复	repeat, repeatedly
重复主张	reassert
重复做的人	repeater
重复发明	reinvent
重复地	repeatedly
重复性	repeatability
重复测试	retest
重复的	repetitive
重复的话	refrain
重复说	chime
重大	magnitude, fatal
重大地	gravely
重大的	fatal, grand
重大马哈鱼	lox
重奏	reprise
重安排	reschedule
重定向	redirect
重建	rebuild, reconstruct
重建的	renewed, reconstructed
重开	reopen
重循环	recirculate
重想	rethink
重打	thump
重打声	wham
重折	redouble
重报	restatement
重担	load
重拍	retake, swat
重振旗鼓	rally
重排	arrange
重排版	reset
重摄	retake
重放	playback
重放装置	playback
重整	reintegration, reforming
重整军备	rearmament, rearm
重整器	reformer
重整旗鼓	rally
重新	newly
重新任命	reappoint
重新估价	reassessment, reappraisal
重新估计	reappraisal, recalculate
重新使用	reinvent, reuse
重新保证	reassure
重新修整	reshaping
重新分派	reallocate
重新分配	redistribution, redistribute
重新分配的	redistributive
重新利用	recycle
重新包装	repackage
重新占用	resumption
重新发动	relaunch
重新发射	relaunch
重新发现	rediscover, rediscovery
重新发行	reissue
重新叙述	restate
重新召集	reassemble
重新合成	remix
重新启动	restart
重新命名	rename
重新埋葬	rebury
重新委任	reappoint
重新安排	reorder
重新安置	relocate
重新安装	reinstall
重新定义	redefine, redefinition
重新定居	resettle, resettlement
重新寄送	redirect
重新布署	redeployment
重新开动	rerun
重新开始	resume, renew
重新开始的	new
重新引导	redirect
重新形成	reformation
重新排列	realign, realignment
重新排序	reorder
重新接纳	readmit, readmission
重新插入	reinsert
重新整理	rearrange, refresh
重新构建	reconstitution
重新构成	reconstitute
重新武装	rearm
重新比赛	replay
重新洗牌	reshuffle
重新流行	retro
重新激起	rekindle
重新燃烧	rekindle
重新确认	reconfirm
重新磨亮	refurbishment
重新约定	reappoint
重新组合	realign, regroup
重新组建	reconstitution
重新组成	reconstitute
重新组装	rebuilt
重新绘制	repaint
重新编码	recode
重新考虑	reconsider
重新聚合	rejoin
重新聚集	regroup
重新获得	recover
重新装备	retool
重新装配	reassemble
重新装饰	redecorate, redecoration
重新解释	reinterpretation, reinterpret
重新计算	recount
重新训练	retrain
重新设定	reset
重新设立	reconstitute
重新设置	reinstall
重新设计	redesign
重新设计的	redesigned
重新证实	reconfirm
重新评价	reappraisal, reappraise
重新评估	reappraise
重新试验	retest
重新调整	readjust
重新谈判	renegotiate
重新起草	redraft
重新运行	rerun
重新进货	restock
重新适应	readjustment
重新造林	reforestation
重新部署	redeploy
重新配置	reconfigure
重新陈述	restate, restatement
重新集合	reassemble
重新集资金	refinancing
重新露面	resurface
重构	remodeling
重构的	restructuring
重步行走	tramp
重氢	deuterium
重温	recapture
重游	revisit
重漆	repaint
重演	replay, reprise
重点	emphasis
重点恢复	redevelopment, redevelop
重物	heavy
重现	recur
重申	reiterate, reaffirm
重画	redraw, repaint
重的	heavy
重碳酸盐	bicarbonate
重组	reorganisation, recombinant
重组物	recombinant
重绕	rewind
重编程序	reprogram
重罪	felony
重罪犯	felon
重置	reset
重聚	reunion
重行批准	reconfirm
重要	important, big
重要中心	metropolis
重要人士	personage
重要人物	anybody
重要地	importantly
重要地位	importance
重要性	importance, significance
重要材料	substantial
重要的	important, big
重要的事	much
重要章节	chapter
重要语汇索引	concordance
重视	value
重议价	renegotiation
重讲	rehash
重试	retry
重说	retell, reiteration
重读	stress, accent
重调	readjustment
重调度	reschedule
重负	tax
重赋值	reassignment
重赛	replay, rematch
重踏	stomping
重踏着走	clomp
重载	burden
重迭	overriding, overlapping
重述	reiterate, restatement
重述要点	recapitulate
重量	weight
重量不足	underweight
重量不足的	underweight
重量为	scale
重量轻	lightweight
重量轻的	lightweight
重铸	recast
重铺路面	resurface
重音	accent
重鲁鱼	lox
野兔	hare
野兽	beast, feral
野兽的	feral, beastly
野味	venison
野外	field
野外工作	fieldwork
野外活动	outdoors
野外的	field
野心	ambition
野心家	aspirant, careerist
野性	wild
野性十足	tearaway
野性十足的	tearaway
野性的	wild
野战工事	fieldwork
野牛	bison
野猪	boar
野猫	wildcat
野生	field, wild
野生动植物	wildlife
野生动物	menagerie
野生植物	wilding
野生的	field, wild
野生苹果	wilding
野生苹果树	wilding
野花	wildflower
野苹果	crabapple
野草	weed
野营	bivouac, camping
野营地	campground
野葛	kudzu
野蛮	wild, brutal
野蛮人	barbarian
野蛮地	savagely, ferociously
野蛮狂暴的人	tearaway
野蛮的	wild, brutal
野蛮的行为	brutality
野餐	picnic
野马	mustang, bronco
野鸡	pheasant
野鹰	haggard
量	quantity, quantum
量化	quantification
量子	quantum
量度器	measure
量度标准	measure
量杯	graduate
量磅	pint
量纲的	dimensional
量袋器	pockmark
金	gold, golden
金丝雀	canary
金丹术	alchemy
金刚砂	emery
金刚鹦鹉	macaw
金制的	golden
金匠	goldsmith
金发	blond
金发的	blond
金合欢胶	acacia
金块	gold
金姆	kim
金字塔	pyramid
金字塔形	pyramidal
金字塔形的	pyramidal
金属	metal
金属丝	tinsel
金属制	metal
金属制品	metal
金属制的	metal
金属加工	metalwork
金属加工厂	fabricator
金属品工匠	smith
金属器具商	ironmonger
金属孔眼	grommet
金属小盒	locket
金属的	metallic
金属箔	tinsel
金属箔制	tinsel
金属箔制的	tinsel
金属线制	wiry
金属线制的	wiry
金属网	gauze
金属装饰小盒	locket
金属钩	crampon
金工	metalwork
金库	coffer, treasury
金斯敦	kingston
金星	phosphorus, phosphor
金枪鱼	tuna
金枪鱼肉	tuna
金的	gold, golden
金盏花	marigold
金色	gold, golden
金色的	gold, golden
金花鼠	chipmunk
金融	financial
金融上	financially
金融家	financier
金融的	financial
金衡	troy
金衡制	troy
金赛	kinsey
金钱	money
金钱上的	moneyed
金钱方面	pecuniary
金钱方面的	pecuniary
金钱的	monetary, pecuniary
金银	bullion
金银块	bullion
金银细丝工艺	filigree
金银锭	bullion
金雀花	broom
金额	sum
金鱼	goldfish
金鱼草	snapdragon
金鸡纳碱	quinine
金鸡纳霜	quinine
釜体釜	kettle
鉴于	whereas
鉴别	appreciate, appreciation
鉴别力	flair
鉴别法	identification
鉴别程序	evaluator
鉴定	judge, probation
鉴定书	testimonial
鉴定书的	testimonial
鉴定人	appraiser
鉴定合格	accreditation
鉴定家	critic
鉴定等级	rate
鉴赏家	connoisseur
鉴赏的能力	connoisseurship
针	needle, pin
针刺	acupuncture
针刺孔	pinprick
针刺疗法	acupuncture
针刺般痛	prickly
针刺般痛的	prickly
针叶树	conifer
针头	pinhead
针孔	pinhole
针尖	pinpoint, needlepoint
针尖的	pinpoint
针扎	pinprick
针拨开法	teasing
针排	heckle, hackle
针法	stitch
针灸医生	acupuncturist
针状物	skewer
针的	pin, spinal
针眼	eyelet
针织	knitting
针织品	knitwear
针织法	knitting
针织短外衣	spencer
针绣花边	needlepoint
钉	hammer, peg
钉住	stick, pin
钉子	nail
钉木钉	peg
钉满钉子	spiky
钉满钉子的	spiky
钉牢	clinch, clench
钉状物	spike
钉球戏	pinball
钉紧	clench
钉钮扣于	button
钉锤	hammer
钓	fish
钓绳	troll
钓钩	fishhook
钓鱼	fish, fishing
钓鱼术	angling
钓鱼的	fishing
钓鱼者	fisherman
钙	calcium
钙化软骨	calcareous
钚	plutonium
钛	titanium
钝	dull, blunt
钝地	dully
钝形的	obtuse
钝态	passivity
钝的	dull, blunt
钞票	bill, william
钟	bell
钟乳石	stalactite
钟塔	belfry
钟声	toll, chime
钟头	hour
钟情	loving
钟情的	loving
钟摆	pendulum
钟楼	belfry, campanile
钟爱	lovingly, endearment
钟爱地	lovingly
钟表匠	watchmaker
钟表装置	clockwork
钟锤	clapper
钟面	dial
钠	sodium
钡	barium
钢	steel, kong
钢制	steel
钢制品	steel
钢制的	steel
钢化	steel
钢琴	piano
钢琴家	pianist
钢琴演奏者	pianist
钢的	steel
钢盔	helmet
钢笔	pen
钢箍	stirrup
钢结构	steelwork
钢铁	steel
钢铁业	steel
钢铁业的	steel
钢铁工程	steelwork
钢铁般	steely
钢铁般的	steely
钢锯	hacksaw
钥匙	key
钦佩	admire, admiration
钦佩地	admiringly
钦佩的	admiring
钦佩者	admirer
钨	tungsten
钩	hook, crook
钩住	hook
钩吻根	jasmine
钩状	hook
钩状的	hooked
钩紧	hook
钩边	crochet
钩针编织品	crochet
钮孔	buttonhole
钮扣	button
钮眼	buttonhole
钯	palladium
钱	pocket
钱包	purse
钱和设备	provision
钱耙	rake
钱袋	pocket
钱财	gold
钳	nip, tongs
钳住	vice
钳口垫片	mouthpiece
钳子	tongs, pliers
钳子状器官	forceps
钳工	fitter
钳形运动	pincers
钳状体	forcep
钴	cobalt
钴类颜料	cobalt
钻	drilling
钻井	headway
钻刃磨薄	thinning
钻头	broach
钻子	drill
钻孔	drill, bore
钻孔器	burr, borer
钻孔机	drill, punch
钻孔虫	borer
钻孔锥	stiletto
钻床	driller
钻机	driller
钻模	jig
钻石	diamond
钻研	pore
钻蛀虫	borer
钻进	plunge
钾	potassium
钾硷	potash
钾碱	potash
钾铝明矾	alum
铀	uranium
铁	iron
铁制品	ironwork
铁匠	smith
铁器	iron
铁夹钳	cramp
铁定	ironclad
铁定的	ironclad
铁工厂	forge
铁手套	gauntlet
铁挺	crowbar
铁撬	jimmy
铁杉	hemlock
铁杉属植物	hemlock
铁架	hob
铁格子	grill
铁环	hoop
铁的	ferrous
铁石	ironstone
铁砧	anvil
铁笔	stylus
铁线莲	clematis
铁臂	jib
铁路	railway, railroad
铁路公司	railroad
铁路职工	railwayman
铁路货车	waggon
铁铲	shovel
铁锈	corrosion
铁锤	hammer
铁青	livid
铁青的	livid
铁饼	discus
铂	platinum
铃	bell
铃木	suzuki
铃锤	clapper
铅	lead
铅制	leaden
铅制的	leaden
铅包的	leaden
铅块	quad
铅坠	plummet
铅条	lead
铅灰色	leaden
铅灰色的	leaden
铅版	stereotype, stereo
铅的	leaden
铅笔	pencil
铅锤	plumb, sinker
铆接	riveting
铆钉	rivet
铐住	mitt
铙钹	cymbal
铜	copper
铜一样	coppery
铜一样的	coppery
铜像	bronze
铜制	coppery
铜制的	coppery
铜匠	brazier
铜的	coppery
铜管乐器	brass
铜管乐器的	brass
铜绿	patina
铜锣	gong
铝	aluminum, aluminium
铝土矿	bauxite
铝的	aluminium
铝矾土	bauxite
铠衣	acton
铣床	miller
铤而走险的人	daredevil
铥	de
铬	chrome, chromium
铬合金	chrome
铭刻	impress, imprint
铭刻的	stamped
铭文	posy
铭记	print, enshrine
铭记于	inscribe
铭记于心	embalm
铰接式	articulated
铰接式的	articulated
铰链	hinge
铱	iridium
铲	shovel, spade
铲刀	spade
铲子	scoop, spade
铲车	forklift
铵	ammonium
银	silver
银丝网	filigree
银制	silver
银制的	silver
银匠	silversmith
银器	silver
银器的	silver
银大马哈鱼	coho
银屑病	psoriasis
银币	silver
银幕	screen
银根紧	stringent
银根紧的	stringent
银河	galaxy
银河的	galactic
银河系	galaxy
银灰色	platinum
银白色金属	argentine
银白色鱼鳞	argentine
银的	silver
银色	silvery, argentine
银色的	silvery, argentine
银莲花	anemone
银莲花属	anemone
银行	bank
银行业	banking
银行业务	banking
银行业者	banker
银行事务	banking
银行团	consortia
银行家	banker
银铃一般	silvery
银铃一般的	silvery
铸件	cast
铸品	casting
铸块	ingot
铸币	coin
铸成品	casting
铸打成	hammered
铸打成的	hammered
铸模工	molder
铸补	tinkering
铸造	found, mint
铸造厂	foundry
铸造物	molding
铸造的	molten
铸造类	foundry
铺	paved
铺上草皮	sod
铺以地毯	carpet
铺以瓦	tile
铺以瓷砖	tile
铺位	bunk
铺地板	floor
铺地石	pitching
铺席子	matted
铺席子的	matted
铺开	spread
铺张	ostentatiously, ostentatious
铺张地	ostentatiously
铺张的	ostentatious
铺护盖物	mulch
铺有碎石	gravelly
铺有碎石的	gravelly
铺满	pave
铺瓷砖	tiling
铺盖	carpet
铺盖卷	bedroll
铺石块者	stoner
铺石头	stone
铺石材料	flagging
铺石板	flag, slate
铺石板者	slater
铺砌石板	flagging
铺筑过的地面	paving
铺筑过的路	paving
铺草	litter
铺草皮	sward
铺被单	sheeting
铺设	lay
铺设下水道于	sewer
铺设铁路	railroad
铺路用的石头	sett
铺过的道路	paving
铺镶木地板	parquet
铺面	facing
铺面路	pavement
铺鹅卵石	cobble
链	chain
链接	link
链烷烃	paraffin
链球菌	strep
链球菌的	strep
链轮	sprocket
链轮齿	sprocket
铿锵声	clang
销售	market, sales
销售活动	saleroom
销售的	sales
销售者	seller
销售额	saleroom
销声匿迹	vanished
销子	pin
销子的	pin
销毁	meltdown
销路	marketability
销路好	marketable, selling
销路好的	marketable, selling
锁	lock
锁上	key, lock
锁住	lock
锁匠	locksmith
锁定	locking
锁柜	locker
锁眼	keyhole
锁骨	collarbone, clavicle
锂	lithium
锄	spade, hoe
锄头	hoe
锄耕机	backhoe
锅	cooker, kettle
锅底不粘	nonstick
锅底不粘的	nonstick
锅柄	panhandle
锅柄状地区	panhandle
锅炉	boiler
锅炉制造工	boilermaker
锈	rust
锈色的	rusty
锈蚀	rusting
锉	file
锉刀	grater
锉屑	filing
锉屑器	grater
锉磨	rasp
锉磨声	rasping
锉磨声的	rasping
锉磨工人	filer
锋利	keen, sharp
锋利的	keen, sharp
锋线	frontline
锌	zinc
锐利	sharply, sharp
锐利地	sharply, sharp
锐利的	shrewd, pointed
锐度	acuity
锐敏的	subtle
锐气	elan
锗烷	germane
错	awry
错乱	unbalanced
错乱的	unbalanced, garbled
错位	misplaced
错位的	misplaced
错列	staggered
错列的	staggered
错地	awry
错放	misplaced
错筋	sprain
错综	intricate, intricacy
错综的	intricate
错觉	illusion, delusion
错觉的	illusory
错译	misreading
错误	wrong, mistake
错误传达	miscommunication
错误判断	misinterpretation
错误地	wrong
错误地引用	misquote
错误指导	misdirection
错误指示	misdirection
错误的	wrong, false
错误的消息	misinformation
错误的观念	fallacy
错误知觉	misperception
错误表示	misrepresentation
错误表示法	misrepresentation
错过	balk
错配	mismatch
锚	anchor
锚地	berth
锚定	anchorage
锚爪	fluke
锡	tin
锡克教教徒	sikh
锡制	tin
锡制的	tin
锡安山	zion
锡拉库扎	syracuse
锡的	tinny
锡箔	tinfoil
锡耶纳	siena
锣	bong
锤	hammer
锤击	hammering
锤头	hammerhead
锤成	hammered
锤成的	hammered
锤打	hammer
锥体	pyramidal
锥体的	pyramidal
锥形	tapered
锥形体	spire, steeple
锥形的	tapered
锥钻头	miser
锦标赛	tournament
锦鲤	koi
锭	ingot
锭剂	lozenge
键	key
键入	typing
键击	keystroke
键区	keypad
键孔	keyhole
键控器	keye
键盘	keyboard
锯	saw
锯子	saw
锯屑	sawdust
锯工	sawyer
锯开	saw
锯木厂	sawmill
锯木机	sawmill
锯木架	sawhorse
锯鹱	prion
锯齿	toothed, sawtooth
锯齿形	zigzag
锯齿形的	jagged, zigzag
锯齿形花饰	chevron
锯齿形裂痕	hackle
锯齿状	jagged, serrated
锯齿状的	jagged, serrated
锯齿的	toothed
锰	manganese
锰酸盐	manganese
锲而不舍	perseverance
锻	forged
锻件	forging
锻伸作业	stretching
锻工	hammersmith
锻工场	smithy
锻工车间	smithy
锻接	welding
锻炼	train, exercise
锻炼者	exerciser
锻炼肌肉者	bodybuilder
锻的	forged
锻造	forge
锻造工	smith
锻造炉	hearth
锻造的	forged
镀以黄铜	brass
镀层	plating
镀金	plate
镀金的	gilded, gilt
镀银	silver
镀锌	galvanize, galvanised
镀锌于	zinc
镀锡	tinned
镀锡的	tinned
镀镍于	nickel
镁	magnesium
镁诺克斯合金	magnox
镇	town
镇区	township
镇压	suppress, repress
镇压的	repressive
镇定	collected, undisturbed
镇定剂	downer
镇定的	collected, undisturbed
镇定药	tranquilizer
镇民	townspeople, townsfolk
镇痛	soothingly
镇痛地	soothingly
镇痛物	alleviation
镇痛软膏	balm
镇纸	paperweight
镇静	calm, composure
镇静剂	narcotic, sedative
镇静地	sedately
镇静片	mandy
镇静的	composed, sedate
镉	cadmium
镊	pliers
镊子	tweezers, pincers
镌	chiseled
镌版术	engraving
镍	nickel
镍币	nickel
镓	gallium, gallic
镓的	gallic
镜头	scene, lens
镜子	mirror
镜片	lens, optic
镞	arrowhead
镦	upsetting
镦锻	upsetting
镫具	stirrup
镫骨	stapes
镰刀	hook, sickle
镶以宝石	jewel
镶嵌	stud, beset
镶嵌外层	encrust
镶嵌工艺	mosaic
镶嵌物	inlay
镶嵌的	inlaid
镶嵌细工	mosaic
镶嵌细工的	mosaic
镶有宝石	jeweled, jewelled
镶有宝石的	jeweled, jewelled
镶有嵌板	panelled
镶有嵌板的	panelled
镶木地板	parquet
镶板	panelling, paneling
镶珠宝的饰物	jewel
镶补	inlay
镶边	edge, rim
镶铁的	ironclad
镶饰	veneer
镶饰的	inlaid
长	long
长丝	filament
长久	long
长久不变	permanency
长久的	long
长了酒垢	crusted
长了酒垢的	crusted
长叶莴苣	romaine
长号	trombone
长命	longevity
长嘴鱼	billfish
长处	forte
长大	grown
长大的	grown
长女	firstborn
长子继承权	birthright
长孢子	spore
长官	chief, magistrate
长官的	magisterial
长寿	longevity
长尾小鹦鹉	parakeet
长尾猕猴	machin
长尾鲨	thresher
长屋	longhouse
长崎	nagasaki
长度	length
长弹毛	shoddy
长得过大	overgrow
长成	blossoming
长手套	gauntlet
长打	swat
长披风	inverness
长新枝	stool
长方形	rectangle, oblong
长方形教堂	basilica
长方形的	oblong
长时间	longtime, prolonged
长时间的	longtime, prolonged
长春花	periwinkle
长曲棍球	lacrosse
长期	secular, perennial
长期不和	feud
长期保有的	tenured
长期借款的	funded
长期分居	desertion
长期地	chronically
长期存在	longstanding
长期存在的	longstanding
长期的	secular, perennial
长期间	longstanding
长期间的	longstanding
长条	strip
长条形	linearly
长枕	bolster
长柄勺	ladle
长柄大镰刀	scythe
长柄浅锅	skillet
长椅子	bench
长椭圆形	oblong
长椭圆形的	oblong
长橇	bobsled
长毛	hairy
长毛的	hairy
长毛绒	plush
长毛绒制	plush
长毛绒制的	plush
长毛绒裤	plush
长沙发	couch, lounge
长满	overgrow
长满某物	grown
长满某物的	grown
长满草	grassy
长满草的	grassy
长牙	tusk
长男	firstborn
长的	long
长皮	skin
长眠	rest, asleep
长眠的	asleep
长矛	lance, pike
长石	feldspar
长筒胶靴	welly
长筒雨靴	welly
长篇大论	harangue
长篇故事	novel
长统袜	hose
长罩衣	smock
长羽毛	feather
长老	presbytery
长老住宅	presbytery
长老制支持者	presbyterian
长老宗	presbyterian
长老宗的	presbyterian
长老教教友	presbyterian
长老派	presbyterian
长老派的	presbyterian
长者	superior
长而尖	spiky
长而尖的	spiky
长耳大野兔	jackrabbit
长肉叉	tormentor
长胖	flesh
长腿	leggy
长腿的	leggy
长臂猿	gibbon
长芽	sprout
长袍	cope
长袜	stocking
长裤	trousers, pants
长角于	horn
长诗的篇章	canto
长辈	father
长途跋涉	trudge
长钉	spike
长靠背椅	settee
长靴	boot
长颈鹿	giraffe
长鬈发	ringlet
长鼻子	proboscis
门	door
门侧	reveal
门侧柱	doorjamb
门厅	hall
门厅的	vestibular
门口	doorway
门外汉	stranger
门帘盒	pelmet
门廊	porch
门徒	disciple, protege
门房	lodge, porter
门柱	gatepost
门框	doorframe
门槛	threshold
门派	school
门牌	tablet
门牙	incisor
门环	knocker
门生	pupil
门窗侧壁	jamb
门第	parentage
门罗	monroe
门警	janitor
门诊病人	outpatient
门诊部	clinical
门诊部的	clinical
门铃	doorbell
门闩	bolt, latch
门阶	doorstep
门顶窗	transom
门齿	incisor
闩	pin, crossbar
闩上	latch
闩住	bolt
闩的	pin
闪亮	blink, glisten
闪亮的	ablaze, tinsel
闪光	flash, glance
闪光信号	flasher
闪光信号灯	flashlight
闪光灯	flasher
闪光灯泡	flashbulb
闪光的	flashy, iridescent
闪动	flicker, bicker
闪烁	flicker, ray
闪烁不定	glimpse
闪烁景	laurence
闪烁的	flickering
闪烁着才华	sparkling
闪烁着才华的	sparkling
闪燃器	flasher
闪现	flash
闪电	lightning
闪电战	blitz, blitzkrieg
闪电的	lightning
闪电般击中	zap
闪磷火	phosphorescent
闪磷火的	phosphorescent
闪耀	sparkle, flame
闪耀光	glare
闪耀的	glaring, sparkly
闪避	duck
闪避的回答	parry
闪锌矿	blackjack
闪闪	sequined
闪闪发光	shimmering, incandescent
闪闪发光的	incandescent, sparkling
闪闪的	sequined
闭厂	shutout
闭合器	closer
闭嘴	stopper
闭塞	occlusion
闭塞物	obstruction
闭联集	continuum
闭起	shut
闭锁不全	inadequacy, incompetence
闭门不出	housebound
闭门不出的	housebound
闭音节	checked
闭音节的	checked
问	ask
问候	respect, greet
问候的	complimentary
问卷	questionnaire
问号	interrogation
问安	salaam
问明	inquire
问答体	dialogic
问答体的	dialogic
问题	problem, question
闯	rush
闯入	intrusion, intrude
闯入的	intrusive
闯入盗窃财物	burglarize
闯入者	interloper
闯劲足	dashing
闯劲足的	dashing
闰日	embolism
闰理学	pathology
闲扯	prattle
闲散	idle, idleness
闲散的	idle
闲断的	pragmatic
闲暇	leisure
闲暇的	vacant
闲混	lounge
闲聊	gossip, waffle
闲荡	moon, swan
闲谈	visit, chat
闲适	quiet
闲逛	lounge, stroll
闲逛于	ramble
间介	mediation
间介器	mediator
间壁	divider
间接	indirect, circular
间接听来	secondhand
间接地	secondhand, indirectly
间接感受到	vicariously
间接感受到地	vicariously
间接的	indirect, circular
间接的抨击	sideswipe
间接获得	secondhand
间接获得的	secondhand
间断	gap
间断性	discontinuity
间断的	intermittent, discontinuous
间歇	interval, interim
间歇地	intermittently
间歇期	intermission
间歇泉	geyser
间歇的	interim, intermittent
间谍	spy
间谍活动	espionage
间谍软件	spyware
间质的	interstitial
间隔	interval
间隔区	spacer
间隔地	alternately
间隔时间	meantime
间隔的	alternate
间隙	clearance
间隙的	spatial
闷死	suffocate
闷烧	smolder, smoulder
闷热	stuffy, sultry
闷热的	stuffy, sultry
闷熄	smother, suffocate
闷闷不乐	worried
闷闷不乐地	glumly
闷闷不乐的	worried
闹事	rioting, affray
闹剧	farce
闹区	hive
闹宗派的人	sectarian
闹市	town
闹情绪	sulk
闹饮	revelry, bum
闹鬼	haunted
闹鬼的	haunted
闺女	damsel
闺房	harem, boudoir
闻	nose, smell
闻出	scent
闻名	famed, proverbial
闻名的	famed, proverbial
阀	valve
阀帽	bonnet
阀的	liminal
阀盖	bonnet
阁下	sir, lord
阁员职务	portfolio
阁楼	attic, loft
阅兵	parade
阅读	read, reading
阅读器	reader
阅读的	reading
阅读程序	reader
阈	threshold
阈下的	subliminal
阈值	threshold
阈限	liminal
阈限的	liminal
阉	castration, castrate
阉人	eunuch
阉割	castrate, castration
阉割动物	neuter
阉割的动物	gelding
阉牛	bullock
阉者	castrate
阎王殿	pandemonium
阐明	illustrate, clarify
阐明的	stated
阐述	exposition
阑尾	appendix
阑尾炎	appendicitis
阔叶材	hardwood
阔步舞	cakewalk
阔边女帽	sundown
阔边帽	sombrero
阜	hillock, mons
队	team
队伍	procession
队列	alignment, queue
队友	teammate
队长	skipper, headman
阮	nguyen
防冻	antifreeze
防冻剂	antifreeze
防卫	defense, protect
防卫器官	armature
防卫姿势	defensive
防卫物	defense
防卫的	defensive
防卫者	defender
防卫设备	defence
防备用	defensive
防备用的	defensive
防守	defending
防守挡击	stonewall
防守队员	defenseman
防寒泳衣	wetsuit
防尘面罩	respirator
防弹	bulletproof
防弹的	bulletproof
防御	defense
防御土墙	rampart
防御地	defensively
防御工事	fortification
防御阵地	redoubt
防扩散	nonproliferation
防护	defend, safety
防护剂	repellent
防护地	protectively
防护套	lagging
防护帽	helmet
防护物	security
防护的	protective
防护者	defender
防护设施	safeguard
防晒霜	sunblock
防染材料	resist
防止	avoid, prevent
防止物	preventive
防止的	preventive, preventative
防毒面具	respirator
防毒面罩	respirator
防水	waterproof, stanch
防水壁	bulkhead
防水布	repellent, tarp
防水帽	tarpaulin
防水材料	waterproof
防水板	flashing
防水的	waterproof, stanch
防水胶布	mac, mack
防水舱隔	compartment
防水衣	slicker
防治所	dispensary
防波堤	mole, jetty
防浪堤	breakwater
防潮水闸	floodgate
防火	fireproof
防火的	fireproof
防空	antiaircraft
防空壕	dugout
防空的	antiaircraft
防老剂	antioxidant
防老化剂	antioxidant
防腐	antiseptic, preservation
防腐剂	antiseptic, preservative
防腐物	preserver
防腐的	antiseptic
防臭	deodorant
防臭剂	deodorant
防臭的	deodorant
防霉剂	fungicide
防风林	windbreaker, windbreak
防风物	windbreak
防风茄克衫	windbreaker
防风雨	weatherproof
防风雨的	weatherproof
阳伞	parasol
阳光	sunshine, shine
阳光充足	sunny
阳光充足的	sunny
阳光地带	sunbelt
阳光照射	sunlit
阳光照射的	sunlit
阳光突现	sunburst
阳台	balcony
阳性	masculine
阳性的	positive, masculine
阳物	penis, willy
阳物崇拜	phallic
阳物崇拜的	phallic
阳物形象	phallus
阳离子	cation
阳萎	impotence
阴冷	bleak
阴冷的	bleak
阴历	lunar
阴历的	lunar
阴囊	scrotum
阴天	somber, overcast
阴天的	somber, overcast
阴影	shadow
阴性	feminine, minus
阴性的	feminine, minus
阴户	vulva
阴暗	cloud, shade
阴暗地	gloomily, dismally
阴暗的	shady, overcast
阴极	cathode
阴核	clitoris
阴森	gruesome
阴森森的大厦	mausoleum
阴森的	gruesome
阴沉	grey, cloud
阴沉地	gloomily, languidly
阴沉的	grey, dismal
阴沉脸色	scowl
阴沟	sewer, kennel
阴沟口	sinkhole
阴湿	dank
阴湿的	dank
阴茎	penis, willy
阴茎套	condom
阴茎的	phallic, penile
阴蒂	clitoris, phallus
阴谋	conspiracy, intrigue
阴谋家	jesuit, conspirator
阴谋小集团	junta
阴谋的	designing, conspiratorial
阴谋破坏者	saboteur
阴谋者	conspirator, conspiratorial
阴谋者的	conspiratorial
阴谋集团	conspiracy
阴道	vagina, vaginal
阴道的	vaginal
阴郁	gloomily, sourly
阴郁地	gloomily, sourly
阴部	private
阴部的	pubic
阴门	twat
阴间	infernal, otherworldly
阴间的	infernal, otherworldly
阴阳人	hermaphrodite
阴险	insidious, serpentine
阴险的	insidious, serpentine
阴险的人	snake
阴霾	haze
阵列	array
阵发	paroxysm
阵地工事	bastion
阵容	lineup
阵形	lineup
阵痛	throes, twitch
阵阵猛急	gusty
阵阵猛急的	gusty
阵雨	shower
阶	characteristic
阶乘	factorial
阶乘的	factorial
阶地	terrace
阶地的	terraced
阶层	estate
阶层的形成	stratification
阶度	gradation
阶梯	stair, stairway
阶梯现象	staircase
阶段	stage
阶级	class
阻力	resistance
阻塞	block
阻塞的	clogged
阻尼	damping
阻尼器	damper
阻扰	pullback
阻抑	depression
阻抑的	depressed
阻抗	impedance
阻挠	thwart, snooker
阻挡	bar
阻挡层	barrier
阻断	interruption, interdiction
阻止	stop, check
阻止物	check
阻止的人	stopper, interceptor
阻止者	checker
阻气门	choke
阻滞剂	blocker, retardant
阻滞抗体	blocker
阻滞物	blocker
阻片	barrier
阻生的	impacted
阻碍	discourage, brake
阻碍成长	stunt
阻碍物	hamper, hindrance
阻碍的	obstructive, baffling
阻碍议案通过	filibuster
阻隔	obstruct
阿	och
阿亚图拉	ayatollah
阿利札林	alizarin
阿加莎	agatha
阿卜杜勒	abdul
阿卡狄亚	arcadia
阿司匹灵	aspirin
阿司帕坦	aspartame
阿哈默德	ahmad
阿哥斯	argos
阿姨	aunt
阿尔佛雷德	alfred
阿尔塞	arce
阿尔巴尼亚人	albanian
阿尔文	alvin
阿尔玛	alma
阿尔贝托	alberto
阿德勒	adler
阿德莱德	adelaide
阿拉伯树胶	acacia
阿拉伯胶	acacia
阿拉斯加	alaskan
阿拉斯加州	alaskan
阿拉斯加州的	alaskan
阿拉斯加的	alaskan
阿摩尼亚	ammonia
阿敏	amin
阿斗波	adobo
阿斯匹林	aspirin
阿斯旺	aswan
阿斯顿	aston
阿方索	alfonso
阿曼达	amanda
阿月浑子果实	pistachio
阿月浑子树	pistachio
阿林顿	arlington
阿根廷	argentine
阿根廷的	argentine
阿格拉	agra
阿片	opium
阿米巴	amoeba
阿米巴属	amoeba
阿维尼昂绸	avignon
阿育吠陀	ayurvedic
阿蓝岛	arran
阿訇	imam
阿诺德	arnold
阿谀	soap, flatter
阿锐宾	harman
阿门	amen
阿飞	hooligan
阿黛尔	adele
陀螺	gyro
陀螺仪	gyroscope, gyro
陀螺状	turbinate
陀螺状的	turbinate
附上	attach
附于其后	tail
附以签条	tag
附件	rider, subsidiary
附依	accrete
附入	enclosing
附则	bylaw
附加	additional, plus
附加物	appendix, annex
附加的	additional, plus
附加额	plus
附器	appendage
附属	attach, accessory
附属于团	regimental
附属于团的	regimental
附属小教堂	chantry
附属建筑	annexe
附属建筑物	annex
附属机构	auxiliary
附属活动	sideshow
附属物	tag, attachment
附属的	accessory, adjunct
附带	incident
附带事件	incidental
附带条件	proviso
附带的	incident
附带说明	add
附庸风雅	arty
附庸风雅的	arty
附录	appendix
附文	proviso
附有	cum
附有红利	cum
附有红利地	cum
附有红利的	cum
附有阴影	shadowed
附着	hang, insert
附着的	adherent
附见	accompanying
附见的	accompanying
附言	postscript
附议人	seconder
附议者	seconder
附近	neighborhood, round
附近一带	neighbourhood
附近地区	vicinity
附近的	nearby, neighboring
附随	contingent, collateral
附随的	contingent, collateral
陆上	onshore
陆上的	onshore
陆上运输	portage
陆军	army
陆军上校	colonel
陆军准将	brigadier
陆军少校	major
陆地	land
陆地的	terrestrial
陆块	landmass
陆岬	headland
陆标	landmark
陆生	terrestrial
陆生的	terrestrial
陆界	lithosphere
陈	aged
陈列	display, exhibit
陈列室	showroom
陈列橱	showcase
陈化	aging
陈化的	aged
陈尸所	morgue
陈情书	petition
陈旧	antiquated, dated
陈旧之物	oldy
陈旧的	antiquated, dated
陈的	aged
陈腐	fossil, cliche
陈腐的	fossil, cliche
陈腔滥调	cliche
陈规	stereotype
陈设品	furnishing
陈诉	complaint
陈词滥调	truism
陈述	state, statement
陈述的	declarative
陈述者	narrator
陋屋	shack
陌生	new
陌生人	stranger
陌生的	new
降下	down
降临	befall
降临于	betide
降价	depreciate
降伏	prostrate
降伏的	prostrate
降低	cut, reduce
降低价值	devaluation, devalue
降低的	depressed
降低质量	debased
降低身份	demeaning
降低身份的	demeaning
降低速度	slowdown
降压	decompression
降小雨	spit
降格	degradation
降水	precipitation
降温	hypothermia
降温的	cryogenic
降的	descendent
降神会	seance
降等	demotion
降级	degrade, degradation
降而复升的	buoyant
降职	demotion
降落	descent, landing
降落伞	parachute
降落的	descendent
降雨	rainfall, moisture
降雨量	rainfall
降雪	snowfall
降雪量	snowfall
限下的	subliminal
限于少数人	closed
限于少数人的	closed
限制	limit, restrict
限制性条款	proviso
限制的	restrictive
限制词	restrictive
限定	limit, restrict
限定性的	determinate
限定的	definitive, restrictive
限定继承	entail, tail
限定继承的	tail
限定词	definitive
限定语	qualifier
限局性的	localised
限度	limit
限界	limitation
限额	allowance, limitation
限额配给	rationing
陛下	sire
陡岸	brink
陡峭	steep, precipitous
陡峭地	precipitously
陡峭的	steep, precipitous
陡然	precipitously
陡然地	precipitously
院士	academician
院校	academy
院禁	commitment
院系	faculty
院长	dean
院长宅邸	deanery
除	except
除不尽	indivisible
除不尽的	indivisible
除了	but
除去	eliminate, remove
除去核	stoned
除去核的	stoned
除去污物	defecate
除去瓦斯	degas
除去窃听器	debug
除去精华	eviscerate
除去面纱	unveil
除垢器	cleaner
除外	exclude, except
除得尽	divisible
除得尽的	divisible
除怪	exorcise, exorcize
除气	scavenging
除气法	scavenging
除法	division
除法器	divider
除神经	unnerve
除神经法	unnerving
除纤颤器	defibrillator
除臭药	deodorant
除草	weed
除草剂	herbicide
除草铲	spud
除莠剂	weedkiller
除虫	worm
除错	debug
除霜	defrost
除非	unless
除顶部	topping
陨星	meteorite
陨石	meteorite
陨铁	meteorite
险因	peril
险境	peril, precipice
险峻	steep
险峻地	steeply
险峻的	steep
险恶	ugly, nasty
险恶的	ugly, nasty
陪伴	company
陪同人员	entourage
陪嫁物	dowry
陪审员	juror
陪审团	jury
陪审官	juror
陪审长	foreman
陪病部	satellite
陪衬情节	subplot
陪静脉	satellite
陪音	overtone
陵墓	mausoleum
陶冶	catharsis
陶制	earthen
陶制的	earthen
陶制的长烟斗	churchwarden
陶制盖碗	terrine
陶制盖碗食品	terrine
陶器	pottery, earthenware
陶器厂	pottery
陶工	potter
陶瓷	ceramic
陶瓷制品	ceramic
陶瓷制造者	ceramist
陶瓷学	ceramics
陶瓷技师	ceramist
陶瓷的	ceramic
陶瓷碎片	shard
陶醉	euphoria, revel
陶醉感	euphoria
陷于	sink
陷于困境	stalemate
陷于沼泽	swamp
陷于泥中	stall
陷于泥沼	bog
陷入	slump
陷入困境	mess
陷入困境的	trapped
陷入泥中	poach
陷入的	entangled
陷入黑暗	benighted
陷入黑暗的	benighted
陷凹	excavation
陷害	circumvent
陷没	subsidence
陷窟	chasm
陷落	fallen
陷落的	fallen
陷阱	catch
隆凸	prominence, torus
隆德	lund
隆盛	flourishing
隆盛的	flourishing
隆起	upheaval, hump
隆起的	raised
隆起的部分	swell
隆起部	swelling
隆重	ceremoniously
隆重地	ceremoniously
隆隆响	growling
隆隆响的	growling
隆隆地移动	lumber
隆隆声	boom, rumble
随之发生	consequential
随之发生的	consequential
随从	attendant
随侍	squire
随便	random
随便地	casually, offhand
随便的	random
随便的衣着	negligee
随军牧师	padre
随动机	follower
随同	accompanying
随同的	accompanying
随后	later
随后的	succeeding
随员	suite
随声附和	echo
随季节而移居	migrate
随心所欲	freewheel, uninhibited
随心所欲的	uninhibited
随意	random, freely
随意地	freely
随意的	optional
随手射击	pot
随时	momentarily
随时地	momentarily
随机	random
随机化	randomize, randomized
随机化的	randomized
随机地	randomly
随机性	randomness, randomization
随机的	stochastic
随波逐流	adrift
随波逐流地	adrift
随潮流	trendy
随潮流的	trendy
随潮漂移	tiding
随着转移	pivot
随笔	essay, gossip
随笔作家	essayist
随行人员	retinue
随身听	walkman
随身小折刀	pocketknife
随身用具	paraphernalia
随随便便	perfunctory
随随便便的	perfunctory
随风传送	waft
随风飘	rack
随风飘飞的雪	snowdrift
隐伏	insidious
隐伏的	insidious
隐匿	shelter, cloak
隐匿之所	hiding
隐匿地	obscurely
隐匿处	nook, hideaway
隐匿的	concealed
隐匿阅读	lurk
隐名的	undisclosed
隐含	imply
隐含地	impliedly, implicitly
隐喻	metaphor
隐喻地	metaphorically
隐喻性	metaphorical
隐喻性的	metaphorical
隐喻的	metaphoric
隐士	private
隐士住处	hermitage
隐姓埋名	incognito
隐姓埋名地	incognito
隐孢子虫	cryptosporidium
隐密	covert, furtive
隐密的	covert, furtive
隐居	retire, retirement
隐居的	reclusive, cloistered
隐居者	hermit
隐性	recessive
隐性性状	recessive
隐性的	recessive
隐晦的比较	parable
隐现	masked
隐现的	masked
隐的	esoteric
隐瞒	hide, conceal
隐私	privacy
隐秘	secrete
隐秘不明	ulterior
隐秘不明的	ulterior
隐秘地	cryptically
隐窝	crypt
隐约可见	loom
隐约地闪现	gleam
隐约指纹	latent
隐蔽	secret, covert
隐蔽的	secret, covert
隐蔽着	covered
隐蔽着的	covered
隐藏	pocket, conceal
隐藏之事	hiding
隐藏处	lay
隐藏所	cache
隐藏物	stash
隐藏的	latent, cryptic
隐藏者	concealer
隐袭的	insidious
隐语	lingo
隐退	retreat, secluded
隐退的	secluded, retired
隐遁	recluse, reclusive
隐遁的	recluse, reclusive
隐遁者	recluse
隔代遗传	atavistic
隔代遗传的	atavistic
隔代遗传者	throwback
隔代重现的	atavistic
隔周	fortnightly
隔周发行	fortnightly
隔周发行的	fortnightly
隔墙	partition
隔壁	bulkhead
隔室	compartment
隔开	space
隔成多室	chambered
隔成多室的	chambered
隔断	occlude, severed
隔断的	severed
隔栅	retainer
隔热	insulated, insulating
隔热的	insulated, insulating
隔片	septum
隔离	isolation, insulation
隔离物	partition
隔离的	isolated, estranged
隔离种群	isolate
隔绝	isolation
隔膜	membrane, septum
隔膜的	septal
隔间	compartment
隘谷	gulley
隘路	narrow
隙的	spatial
隙透	effusion
障眼物	blindfold
障碍	let
障碍修理	troubleshoot
障碍滑雪	slalom
障碍物	interruption, roadblock
障碍的	stumbling
障碍赛马	steeplechase
隧道	tunnel, tube
隧道效应	tunnelling
隶属	subject
隶属的	subject
隶属的小组织	subgroup
隼	falcon
难	hard
难于言喻	inarticulate
难于言喻的	inarticulate
难于负担的	burdensome
难交朋友的人	hedgehog
难以下咽	yucky
难以下咽的	yucky
难以了解	inscrutable
难以了解的	inscrutable
难以克服	insurmountable
难以克服的	insurmountable
难以加工的	unmanageable
难以区别	nondescript
难以区别的	nondescript
难以取悦	touchy
难以取悦的	touchy
难以处理的	reluctant
难以忍受	heavily
难以忍受地	heavily
难以忘怀	hauntingly
难以忘怀地	hauntingly
难以承认的	unacceptable
难以捉摸	elusive, wayward
难以捉摸的	elusive, wayward
难以控制的	unmanageable
难以明了	intangible
难以明了的	intangible
难以消除	indelible
难以消除的	indelible
难以理解	unimaginably
难以理解地	unimaginably
难以申辩的	unaccountable
难以管理的	unmanageable
难以置信	impossible, incredible
难以置信地	unbelievably, impossibly
难以置信的	impossible, incredible
难以觉察	inconspicuously
难以觉察地	inconspicuously
难住	stump
难信	inconceivable
难信的	inconceivable
难倒	daunt
难做	fucking
难做的	fucking
难免的	unavoidable
难到达	unattainable
难到达的	unattainable
难办	impracticable
难办的	impracticable
难压制	ungovernable
难压制的	ungovernable
难取悦	fastidious, fussy
难取悦的	fastidious, fussy
难受	trying
难受的	trying
难吃	insipid, unsavory
难吃的	insipid, unsavory
难和解	implacable
难和解的	implacable
难嚼	chewy
难嚼的	chewy
难堪	trying
难堪的	trying
难处理	problem
难处理的	problem
难完成	fucking
难完成的	fucking
难对付	ticklish
难对付的	ticklish
难局	impasse
难弄	dodgy
难弄的	dodgy
难得	scarce
难得到	inaccessible
难得到的	inaccessible
难得的	scarce
难忍受	excruciatingly
难忍受的	excruciatingly
难忘	memorable, indelible
难忘的	memorable, indelible
难懂	involved
难懂地	intricately
难懂的	involved
难捉摸	fugitive
难捉摸的	fugitive
难捕捉之物	fugitive
难接近	inaccessible
难接近的	inaccessible
难控制	unruly, rambunctious
难控制的	unruly, rambunctious
难控驭	untamed
难控驭的	untamed
难操纵	unmanageable
难操纵的	unmanageable
难民	refugee
难治疗	refractory
难治疗的	refractory
难治的	intractable, refractory
难消化	indigestible
难消化的	indigestible
难点	difficulty
难理解	indigestible
难理解的	indigestible
难的	hard
难看	ungainly, unsightly
难看的	ungainly, unsightly
难看的东西	grunge
难看的补缀	botch
难管制	ungovernable
难管制的	ungovernable
难管理	unmanageable
难管理的	unmanageable
难统治的	ungovernable
难耐	intolerable, impatience
难耐的	intolerable
难获得	unobtainable
难获得的	unobtainable
难觉察的	invisibility
难解	mysterious, obscure
难解事物	labyrinth
难解的	mysterious, obscure
难认	cramp
难认的	cramp
难辨	cramped
难辨的	cramped
难辨认	illegible
难辨认的	illegible
难辩认	unreadable
难辩认的	unreadable
难达到	inaccessibility
难达成	inaccessible
难达成的	inaccessible
难过	sorry
难过的	sorry
难运转	unworkable
难运转的	unworkable
难题	problem
难驾御	restive
难驾御的	restive
难驾驭的	ungovernable
雀斑	freckle, fleck
雀科鸣鸟	finch
雀跃	caper
雀麦	chess
雁鸣	honk
雁鸣叫	honk
雄	jack
雄伟	superbly, majestically
雄伟地	superbly, majestically
雄心勃勃	ambitious
雄心勃勃的	ambitious
雄性	male
雄性动物	he
雄性激素	androgen
雄性的	male
雄性花蕊	stamen
雄榫	tenon
雄激素	androgen
雄火鸡	gobbler
雄狍	roebuck
雄猫	tom
雄的	jack
雄禽	cock
雄纠纠	manliness
雄茎	cirrus
雄蕊	stamina, stamen
雄蜂	drone
雄赤鹿	hart
雄赳赳	valiantly
雄辩	rhetoric, eloquent
雄辩家	orator
雄辩术	eloquence, oratory
雄辩的	eloquent
雄辩者	orator
雄鹅	gander
雄鹿	buck
雄鹿队	bucks
雅克	jacques
雅加达	jakarta
雅司病	tonga
雅各	jacob
雅各布	jacob
雅各布斯	jacobs
雅各布森	jacobsen
雅尔塔	yalta
雅座	parlour
雅皮士	yuppie, yuppy
雅致	finely
雅致地	finely
雅芳	avon
雅茅斯	yarmouth
雅观	tasteful
雅观的	tasteful
雅马哈商标	yamaha
集中	centre, center
集中于一点	converge
集中体现	epitomise
集中化	centralization
集中地	intensively
集中式	centralization
集中护理	colonization
集中焦点	focalization
集中畜群	herding
集中的	intensive, concentrated
集会	meet
集体	collective
集体主义	collectivism
集体主义者	collectivist
集体农场	kibbutz
集体性	collectivity
集体的	collective
集体组织的	collegiate
集体讨论	brainstorm
集体迫害	pogrom
集合	gather, assemble
集合体	aggregation
集合在一起	congregate
集合在一起的	congregate
集合城市	conurbation
集合物	assemblage
集合的	collective
集合起来	rallying
集团	bloc, clan
集团型	clique
集市	market
集成	integration
集成物	conglomerate
集拢	roundup
集束	clustered
集束的	clustered
集气架	beehive
集水	catchment
集电极	collector
集线器	hub
集结	rendezvous, buildup
集群现象	colonisation
集聚	centralize
集装箱	container
雇主	employer
雇佣	service
雇佣兵	mercenary
雇员	staff
雇员的	staff
雇工	journeyman
雇用	employment, employ
雇请	hire
雉堞墙	battlement
雉科鸟	pheasant
雉鸡	pheasant
雌兔	doe
雌性动物	female
雌性的	feminine
雌激素	estrogen, oestrogen
雌狐	vixen
雌狮	lioness
雌甾激素	oestrogen
雌禽	hen
雌苏格兰雷鸟	moorhen
雌雄同体	bisexual, androgynous
雌雄同体的	bisexual, androgynous
雌雄同序	androgynous
雌雄同序的	androgynous
雌鹅	goose
雌鹿	hind
雏形	rudiment
雏菊	daisy, marguerite
雕	chiseled
雕像	statue
雕像一般	statuesque
雕像一般的	statuesque
雕像家	statuary
雕像用	statuary
雕像用的	statuary
雕像的	statuary
雕像艺术	statuary
雕出	undercut
雕凿	chisel
雕刻	sculpture, carve
雕刻刀	scalper
雕刻匠	carver
雕刻品	carving, marble
雕刻器	carver
雕刻家	sculptor
雕刻师	engraver
雕刻术	carving
雕刻的	sculptural
雕刻般	sculptural
雕刻般的	sculptural
雕塑	sculpture
雕工	carver, engraver
雕版	engraving
雕落	passe
雕落的	passe
雕谢了	withered
雕谢了的	withered
雨	rain
雨云	nimbus
雨伞	umbrella
雨天	rain
雨夹雪	sleet
雨季	monsoon
雨披	poncho
雨暴	rainstorm
雨林	rainforest
雨果	hugo
雨水	water
雨滴	raindrop
雨点	raindrop
雨篷	awning
雨衣	raincoat, mac
雪	snow
雪上机动车	snowmobile
雪人	snowman, yeti
雪利酒	sherry
雪原	snowfield
雪堆	snowdrift
雪堤	snowbank
雪山飞魂	snowboarder
雪崩	avalanche
雪撬	sleigh
雪暴	snowstorm
雪松	cedar
雪橇	sledge
雪水	slush
雪片	snowflake
雪片莲	snowflake
雪犁	snowplow
雪球	snowball
雪的	snowy
雪纺绸	chiffon
雪花	snowflake
雪花石膏	alabaster
雪花石膏制	alabaster
雪花石膏制的	alabaster
雪花莲	snowdrop
雪茄	cigar
雪莉	shirley
雪豹	ounce
雪貂	ferret
雪野	snowfield
雪铁龙牌汽车	citroen
雪鞋	snowshoe
零	nothing
零件	part
零件市场	aftermarket
零位	null
零售	retail
零售业	retailing
零售冰的人	iceman
零售商	shopkeeper, tradesman
零售商人	retailer
零售的	retail
零工	chore
零度	zero
零料	remnant
零星	sporadically
零星发生	sporadic
零星发生的	sporadic
零星地	sporadically
零比零	goalless
零比零的	goalless
零活	job
零点	zero
零用钱	allowance
零的	zero
零的记号	cypher
零碎	piecemeal, flotsam
零碎地	piecemeal
零碎的	piecemeal
零蛋	bagel
零钱	shrapnel
零零碎碎	bitty
零零碎碎的	bitty
雷	thunder
雷一般响亮	thundering
雷一般响亮的	thundering
雷克斯	rex
雷内	rene
雷切尔	rachel
雷利	rayleigh
雷声	thunder
雷德蒙	redmond
雷德蒙德	redmond
雷普顿	lepton
雷暴雨	thunderstorm
雷曼	lehman
雷格泰姆旋律	ragtime
雷电	thunderbolt
雷盖	reggae
雷管	detonator, primer
雷蒙德	raymond
雷诺	renault
雷诺兹	reynolds
雷诺阿	renoir
雷达	radar
雷达图	radar
雷金纳德	reginald
雷雨云砧	thunderhead
雷鸣般	thundering
雷鸣般的	thundering
雹暴	hailstorm
雾	mist, fog
雾号	foghorn
雾气	smoke
雾浓	soupy
雾浓的	soupy
雾深	foggy
雾深的	foggy
需氧	aerobic
需氧的	aerobic
需氧菌产生	aerobic
需氧菌产生的	aerobic
需求	requirement, demand
需要	need, want
需要多嚼	chewy
需要多嚼的	chewy
需要手巧	fiddly
需要手巧的	fiddly
需要的	requisite
需要的东西	want
震中	epicenter
震击	zap
震动	shake, shock
震动法	shaking
震动的	shaky
震响	peal
震忧	choc
震惊	shock, jar
震惊的	shocked
震摇	jolt
震撼	shocked
震撼的	shocked
震耳欲聋	deafening
震耳欲聋的	deafening
震荡	concussion, commotion
震荡波	shockwave
震荡的	choppy
震颤	thrill
震颤的	tremulous
霉	mold, mildew
霉臭	musty
霉臭的	musty
霉菌	fungus
霉菌性口炎	prunella
霉菌的	fungal
霍乱	cholera
霍华德	howard
霍奇	hodge
霍奇金	hodgkin
霍巴特	hobart
霍布斯	hobbes
霍普金	hopkins
霍桑	hawthorne
霍金斯	hawkins
霜	frost
霜冻	frosty
霜冻的	frosty
霜状白糖	frosting
霰弹	canister
露光过度	overexposure
露出	reveal
露出地表	outcrop
露出欲	exhibitionism
露出欲者	exhibitionist
露出水面	broach
露出狂	exhibitionism
露出狂者	exhibitionist
露出线缝	seamy
露出线缝的	seamy
露天	outdoor
露天剧场	souk
露天市场	fairground
露天开采	opencast
露天开采的	opencast
露天的	outdoor
露天看台	bleachers
露头	outcrop
露宿	bivouac
露宿者	outlier
露水	dew
露湿	dewy
露湿的	dewy
露珠	dew
露置	expose
露营	camp
露营地	bivouac
露营场所	campground
露营用具	duffel
露营者	camper
露西	lucy
露西娅	lucia
露面	show
露骨	baldly
露骨地	baldly
露齿	toothy
露齿的	toothy
露齿笑	grin
露齿而笑	grin
霸主	overlord
霸主地位	overlord
霸占	grab
霸权	supreme, hegemony
霸权地位	supremacy
霸权的	hegemonic
霸王龙	tyrannosaurus
霹雳	thunderbolt, thunderclap
霹雳声	clap
青光眼	glaucoma
青少年	adolescent
青少年的	adolescent
青年	lad, youth
青年们	young
青年招待所	hostel
青年时代	youth
青年时期	youth
青年期	adolescence
青年男奴	jong
青年的	youthful
青春	bloom
青春时期	youth
青春期	adolescent, adolescence
青春期前	preteen
青春期前的	preteen
青春期的	adolescent
青春的	vernal
青灰色	pewter
青白	pallor
青稞酒	chang
青紫的	livid
青翠	verdant
青翠的	verdant
青肿	bruise
青肿的	bruised
青苔	lichen
青葱	scallions
青蛙	frog
青贮	silage
青贮窖	silo
青贮饲料	silage
青金石	lazuli
青铜	bronze
青铜色	bronze
青铜色光泽	schiller
青铜色的	bronze
青霉素	penicillin
青鱼	herring
静	stat
静养地	sanatorium
静卧	repose
静坐的	sedentary
静寂	still
静寂的	still
静态	static
静态的	static
静息的	quiescent
静悄悄	soundlessly, soundless
静悄悄地	soundlessly
静悄悄的	soundless
静止	still
静止的	still
静电	static
静电复印	xerox
静电学	electrostatic
静电学的	electrostatic
静电干扰	static
静电的	electrostatic
静脉	vein
静脉内	intravenous, intravenously
静脉内地	intravenously
静脉内的	intravenous
静脉曲张	varicose
静脉曲张的	varicose
静脉注射	intravenously
静脉注射地	intravenously
静脉的	venous
静脉窦	sinus
静静	softly, silently
静静地	softly, silently
靛蓝色	indigo, delphinium
靛蓝色的	indigo
靛青	indigo
非	not
非专业人员	laypeople
非世间	unearthly
非世间的	unearthly
非个人	transpersonal
非个人的	transpersonal
非中心区	uptown
非主要	accidental
非主要的	accidental
非书面	unwritten, verbally
非书面地	verbally
非书面的	unwritten
非争论性	uncontroversial
非争论性的	uncontroversial
非人化	dehumanize
非人格性	impersonality
非人称动词	impersonal
非人类	inhuman
非人类的	inhuman
非人道的	inhuman
非代表性	unrepresentative
非代表性的	unrepresentative
非伊斯兰教徒	gentile
非会员	outsider, nonmember
非传导性	dielectric
非传导性的	dielectric
非传统	nontraditional, unconventional
非传统的	nontraditional, unconventional
非例外	unexceptional
非例外的	unexceptional
非侵害	noninvasive
非侵害的	noninvasive
非侵袭	noninvasive
非侵袭的	noninvasive
非保护的	unprotected
非先行的	unanticipated
非公认	unofficially
非公认地	unofficially
非具体	generalised
非具体的	generalised
非典型	atypical
非典型的	atypical
非写实的	stylised
非军事化	demilitarization
非农业	nonagricultural
非农业的	nonagricultural
非决定性	inconclusive, indecisive
非决定性的	inconclusive, indecisive
非凡	extraordinary, extraordinarily
非凡的	extraordinary, divine
非凡的人	buster
非凡的领导力	charisma
非分辩的	unresolved
非劳动所得	unearned
非劳动所得的	unearned
非医学	nonmedical
非医学的	nonmedical
非原地产	artificial
非原地产的	artificial
非合金	unalloyed
非合金的	unalloyed
非同寻常	uncharacteristically
非同寻常地	uncharacteristically
非周期	deadbeat
非周期的	deadbeat
非国有	extrinsic
非国有的	extrinsic
非国营化	privatisation
非外科的	nonsurgical
非妥协性	intransigent
非妥协性的	intransigent
非存心	unintentionally, unknowingly
非存心地	unintentionally, unknowingly
非官方	unofficial, officious
非官方的	unofficial, officious
非实质	insubstantial
非实质的	insubstantial
非对映体过量	de
非对称的	asymmetrical, asymmetric
非尘世	unworldly
非尘世的	unworldly
非居民	commuter
非常	very, way
非常不幸	miserably
非常不幸地	miserably
非常严肃	humorless
非常严肃的	humorless
非常兴奋	thrilled
非常兴奋的	thrilled
非常卓越	unsurpassed
非常卓越的	unsurpassed
非常危险	breakneck
非常危险的	breakneck
非常地	extremely, considerably
非常坚硬	adamant
非常坚硬的	adamant
非常好	terrific, immense
非常好的	terrific, immense
非常有经验的	sophisticated
非常有趣	riveting, absorbing
非常有趣的	riveting, absorbing
非常热	roasting
非常热地	roasting
非常热的	roasting
非常痛	achingly
非常痛地	achingly
非常的	great
非常规	unconventional
非常规的	unconventional
非常警戒线	cordon
非常讨厌	loathing, hideously
非常讨厌地	hideously
非常讨厌的	stinking
非常赞许	highly
非常赞许地	highly
非常轰动	smash
非常轰动的	smash
非常高兴	exult, exultant
非常高兴的	exultant
非当事人	stranger
非彩色	neutral
非必要	extraneous
非必要的	extraneous
非战主义	pacifism
非所要求	undesired
非所要求的	undesired
非摩门教徒	gentile
非摩门教徒的	gentile
非政府	nongovernmental
非政府的	nongovernmental
非政治	nongovernmental
非政治的	nongovernmental
非故意	inadvertently, unintentionally
非故意地	inadvertently, unintentionally
非故意的	unintended, inadvertent
非晶形的	amorphous
非暴力	nonviolence, nonviolent
非暴力的	nonviolent
非曝露部雀斑	freckle
非最后的	interlocutory
非朊基	prosthetic
非朊基的	prosthetic
非正义的行为	injustice
非正式	informal
非正式地	informally, unofficially
非正式的	informal
非正态性	abnormality
非正统	unorthodox
非正统的	unorthodox
非此即彼	alternatively
非武装	unarmed, demilitarized
非武装的	unarmed, demilitarized
非殖民化	decolonization
非民主	undemocratic
非民主的	undemocratic
非永久性	deciduous
非永久性的	deciduous
非法	unlawful, lawless
非法买卖	contraband
非法买卖的	contraband
非法交易	trafficking
非法侵入	trespass
非法地	illegally
非法定的	unofficial
非法性交	fornication
非法的	illegal, unlawful
非法经营	wildcat
非法经营的	wildcat
非法行为	illegality, tort
非法赚钱的	hustler
非法酿制的酒	moonshine
非活动的	inactive
非物质	immaterial
非物质的	immaterial
非犹太人	gentile
非犹太人的	gentile
非现世	unworldly
非现世的	unworldly
非现实	unreality
非理智的	unreasonable
非生意性的	unproductive
非电抗	nonreactive
非电抗的	nonreactive
非直截了当	indirect
非直截了当的	indirect
非相像	tangible
非相像的	tangible
非相干性	incoherence
非礼	irreverence
非类固醇	nonsteroidal
非类固醇的	nonsteroidal
非系统组成	unstructured
非系统组成的	unstructured
非线性	nonlinear
非线性的	nonlinear
非经营	noncommercial
非经营的	noncommercial
非编辑的	unedited
非职业性	unprofessional
非职业性的	unprofessional
非自然形成	inorganic
非自然形成的	inorganic
非营利的	nonprofit
非赢利	nonprofit
非赢利的	nonprofit
非运动员	nonathlete
非连通的	unconnected
非除阻	unreleased
非除阻的	unreleased
非难	criticism, criticize
非难地	disapprovingly
非难的	invective, reproachful
非难的理由	condemnation
靠	depend
靠不住	slippery
靠不住的	slippery, unreliable
靠什么	whereby
靠在枕上	pillow
靠垫	pillow
靠外交途径	diplomatically
靠好运成功	luck
靠手	armrest
靠拢着	alongside
靠救济度日者	pauper
靠模切削	profiling
靠模工	profiler
靠模工具机	profiler
靠模机	profiling
靠海滨	beachfront
靠海滨的	beachfront
靠着	loll
靠码头	wharf
靠背	backrest
靠近	close, approach
靠近的	close
靠铰链移动	hinge
面	surface
面具	mask
面前	presence
面包	bread
面包卷	rolls
面包屑	crumb, breadcrumb
面包师	baker
面包干	rusk
面包店	bakery
面包果	breadfruit
面包片	sop
面包皮	crust
面向	presented
面向下	prone
面向下的	prone
面向海的一面	seafront
面团	paste
面团布丁	dumpling
面团的	doughy
面孔的一部分	feature
面容	face
面容诊断	physiognomy
面对	face, front
面无笑容	unsmiling
面无笑容的	unsmiling
面条	noodle
面板	faceplate
面沙尔麻	sisal
面海	seaward
面海的	seaward
面甲	visor
面相	physiognomy
面积	area
面积的	superficial
面筋	gluten
面粉	flour
面粉糕饼	pastry
面糊	batter
面糊似	pasty
面糊似的	pasty
面红	flush
面纱	veil
面罩	veil
面色	colour, color
面色苍白	gray
面色苍白的	gray
面试	interviewing
面谈	interview
面谈者	interviewer
面貌	aspect
面貌秀丽	featured
面貌秀丽的	featured
面部丘疹	whelk
面部表情	countenance
面霜	cream
面额	denomination
面食	paste
革命	revolution, revolutionary
革命党人	revolutionary
革命性	revolutionary
革命性的	revolutionary
革命的	revolutionary
革命者	revolutionary
革新	reform, innovative
革新的	innovative
革职	ousted
革除	abolish
靴	shoe
靴子	boots
靴类	footwear
靶	butt, barn
靶子	target
鞋	shoe
鞋内底	insole
鞋匠	crispin
鞋匠工头	clicker
鞋垫	sock
鞋带	tie
鞋帮	upper
鞋底	sole
鞋店营业员	shoemaker
鞋拔	shoehorn
鞋盒	shoebox
鞋类	footwear
鞋钉	spike
鞋面	vamp
鞍	saddle
鞍囊	saddlebag
鞑靼	tartar
鞑靼人	tartar
鞑靼的	tartar
鞘	sheath, scabbard
鞘的	vaginal
鞘翅	shard
鞠躬	bow
鞣制	tanning
鞣制过	curried
鞣制过的	curried
鞣料	tan
鞣皮	tan
鞣皮的	tan
鞣酸	tannin
鞣酸处理的	tanned
鞭	scourge
鞭子	whip, lash
鞭子的顶端	whiplash
鞭打	whip, lash
鞭炮	firecracker, banger
鞭状动作	thrash
鞭痕	welt, weal
鞭笞	lam
鞭策	flog
鞭绳	whiplash
鞭苔	leather
韦克菲尔德	wakefield
韦勃	webb
韦勒	weller
韦尔奇	welch
韦尔登	weldon
韦恩	wayne
韦斯	wes
韦斯利	wesley
韦斯顿	weston
韦特	waite
韧带	ligament
韧性	toughness
韭	leek
韭黃	chives
音乐	music
音乐上	musically
音乐会	concert
音乐剧	melodrama
音乐协会	philharmonic
音乐厅	odeon
音乐台	bandstand
音乐大师	maestro
音乐学校	conservatory
音乐学者	musicologist
音乐家	musician
音乐感	musicianship
音乐才能	musicality, musicianship
音乐技巧	musicianship
音乐爱好者	philharmonic
音乐片	musical
音乐的	musical
音乐舞台剧	musical
音乐般	harmonic
音乐般的	harmonic
音位	phoneme, phonemic
音位学	phonological
音位学的	phonological
音位的	phonemic
音叉	pitchfork
音品	timbre
音响	acoustic
音响的	acoustic
音域	compass
音序器	sequencer
音律	swing
音波	sonic
音波的	sonic
音系学	phonology
音素	phoneme
音素的	phonemic
音色	timbre
音节	syllable
音装置	mixer
音调	tone
音调变化	inflection
音调的	tonal
音质	tone
音速	sonic
音速的	sonic
音阶	gamut
音韵学	phonological
音韵学的	phonological
音频	audio
音频的	audio
韵	rhyme
韵律	metre, rhythm
韵律学	metrics
韵律特色	metrics
韵律的	metrical
韵文	poetry, verse
韵文的	poetical
页	page
页岩	slate, shale
页式调度	paging
页眉	header
页码	folio
页调度程序	pager
页边的空白	margin
页边距	margin
页面布局	layout
顶	tip
顶上	top
顶上的	top
顶住	withstand
顶嘴	retort
顶尖	finial
顶层公寓	penthouse
顶峰	zenith
顶撞	bunt
顶替展开法	displacement
顶梁	header
顶楼	attic
顶点	summit, crown
顶点的	climactic, meridian
顶的	vertical
顶盖	coping
顶石	capstone
顶端	top
顶端的	apical, topmost
顶线	ceiling
顶部	top
顶针	thimble
顶风	headwind, upwind
顶风地	upwind
顶风的	upwind
顶骨	parietal
顶骨的	parietal
顷刻	mo, transience
项	term, item
项圈	torque
项目	item
项目说明	id
项链	necklace
顺从	comply, compliance
顺从地	obediently
顺从的	compliant, obedient
顺从者	henchman
顺便	incidentally
顺利	great
顺利地	great
顺利的	successful
顺势医疗的	homeopathic
顺势疗法	homoeopathic, homoeopathy
顺势疗法的	homoeopathic
顺序	sequence, tactic
顺序地	orderly
顺序的	tactic
顺应	humor, compliance
顺应潮水航行	tiding
顺时针方向	clockwise
顺时针方向地	clockwise
顺时针方向的	clockwise
顺流搬运	flume
顺潮行驶	tide
顺风	downwind
顺风的	downwind
须后水	aftershave
顽固	stubborn, sticky
顽固不化	unrepentant
顽固不化的	unrepentant
顽固分子	royalist
顽固地	stiffly, stubbornly
顽固性的	refractory
顽固的	stubborn, sticky
顽固者	donkey
顽强	stubbornness, dogged
顽强地	doggedly
顽强的	dogged, dour
顽抗	recalcitrant
顽抗的	recalcitrant
顽抗者	recalcitrant
顽皮	naughty
顽皮地	archly, wickedly
顽皮女孩	romp
顽皮的	naughty
顽童	imp, urchin
顾客	client, customer
顾问	consultant, counselor
顾问医师	consultant
顾问的	advisory
顿悟	insight
顿挫	frustration, abortion
顿挫性结核	tuberculosis
顿挫的	abortive
顿足	stamp
顿足的	stamped
颁布	decree, enact
颁布命令	ordain
颁布法令	ordination
颂扬	extol, emblazon
颂歌	carol, mantra
颂诗	ode
颂辞	tribute
预习	preparation
预付的	advanced
预兆	warning, omen
预兆的	ominous, prognostic
预先	ready, ahead
预先假定	presuppose
预先决定	predetermine, foregone
预先决定的	foregone
预先判断	prejudge
预先包装好	prepackaged
预先包装好的	prepackaged
预先占有	preemption
预先商定	prearranged
预先处理	foreclose
预先处置	predispose
预先安排	prearranged
预先排除	preclude
预先推测	presupposition
预先提出	premise
预先放火	backfire
预先查明	predetermine
预先武装	forearm
预先的	ahead
预先考虑	premeditated
预先考虑的	premeditated
预先警告	precaution
预先警戒	precautionary
预先警戒的	precautionary
预先计划	premeditation
预先阻止	forestall
预制	prefabricated, prefab
预制构件	prefabricated
预制构件的	prefabricated
预制的	prefab
预后	prognosis, prognostic
预后的	prognostic
预告	warning
预告者	harbinger, warner
预备	prepare, preparation
预备好的状态	ready
预备学校	prep
预备性	preparatory
预备性的	preparatory
预备期	probationary
预备期的	probationary
预备演员	understudy
预备的	preliminary
预定	schedule, engage
预定的	scheduled, planned
预尝	foretaste
预想	forecast, envision
预想的	preconceived
预感	hunch, presage
预感到	hunch
预报	predict, prediction
预报员	forecaster
预支的	advanced
预料	anticipation, presuppose
预料不到的	unforeseeable
预料的	expected
预期	expect
预期使用期限	lifespan
预期生命期限	lifespan
预期的	prospective
预期者	expectant
预测	calculate, forecast
预测出	dope
预测未来者	soothsayer
预测程序	predictor
预演	rehearsal, rehearse
预热	preheat
预留的容量	outage
预知	predict
预知的	prescient
预示	promise, shadow
预示变量	predictor
预示地	ominously
预示的	prophetic
预科	preparatory
预科生	preppy
预算	budget
预算的	budgetary
预算编制	budgeting
预约	reservation, bespeak
预约演出合同	booking
预见	foresee
预见的能力	foresight
预览	preview
预言	predict, prediction
预言性	predictive
预言性的	predictive
预言的	prophetic
预言者	prophet, predictor
预言能力	prophecy
预计	estimated
预计的	estimated
预订	book
预订铺位	accommodation
预试	preliminary
预调装置	preset
预谋	premeditated, malice
预谋犯罪	premeditation
预谋的	premeditated
预防	prevent
预防修理	turnaround
预防性	prophylactic
预防性的	prophylactic
预防接种	vaccinate
预防措施	preventative
预防方法	preventive
预防法	preventative, prophylactic
预防物	preventative
预防的	preventive, preventative
预防药	preservative, preventive
颅	cranium
颅侧	cranial
颅侧的	cranial
颅内	intracranial
颅内的	intracranial
颅的	cranial
领主	laird
领事	consul, consulate
领事任期	consulate
领事的	consular
领事馆	consulate
领会	understand
领会错误	misapprehension
领先	ahead
领先的	ahead
领养人	adopter
领到执照的人	licensee
领到许可证的	licensed
领取	draw
领取抚恤金者	pensioner
领取退休金者	pensioner
领受	recipient
领受的	recipient
领受者	recipient
领口	neckline
领唱者	cantor
领圈	neckline
领土	territory, territorial
领土扩张政策	expansionism
领土扩张论者	expansionist
领土权	territoriality
领土的	territorial
领圣俸者	incumbent
领地	territory
领地的	feudal
领域	field
领奖人	honoree
领导	lead, leading
领导人会议	caucus
领导人地位	headship
领导权	hegemony
领导的	leading
领导者	leader
领导能力	leadership
领导阶层	leadership
领巾状领带	ascot
领带	scarf, necktie
领悟	realization, digestion
领悟力	perception
领扣	stud
领有执照的	licensed
领海	waters
领班	foreman, shifter
领班神父	archdeacon
领航	pilot
领航员	pilot
领薪金	stipendiary
领薪金的	stipendiary
领薪金者	stipendiary
领衔主演	starring
领袖	head, chief
领针	brooch
颇	pretty, considerably
颇为干净	spruce
颇为干净的	spruce
颇为曲折的	quirky
颇大	goodly
颇大的	goodly
颇有争议	controversially
颇有争议地	controversially
颇策略	strategically
颇策略地	strategically
颈	neck
颈动脉	carotid
颈动脉的	carotid
颈圈	collar
颈手枷	pillory
颈的	cervical
颈羽	hackle
颈背	scruff, nape
颈部	jugular
颈部的	jugular
颈静脉	jugular
颈静脉的	jugular
颊	cheek
颌	chap, jaw
颌的	maxillary
颏	chin
颏的	genial
频宽	bandwidth
频带	band
频带宽度	bandwidth
频数	frequency
频率	frequency
频繁	frequently, frequent
频繁地	continually
频繁的	frequent
频道	channel
频闪仪	strobe
频闪管	strobe
颓坏	decaying
颓废	beat
颓废派	decadent
颓废的	beat
颗粒	particle, grain
颗粒状物	pellet
颗粒状的	granular
颗粒的	granular
题写	inscribe
题字	inscription
题目	theme, thematic
题目的	thematic, topical
题词	epigraph
题铭	epigraph
颚	jaw
颚骨	jowl, jawbone
颜料	colour, color
颜色	colour, color
颜色丰富	colourful
颜色丰富的	colourful
颜色变浅	bleached
颜色变浅的	bleached
颜色变深	darken
颜色调和	tone
额	forehead, brow
额叶前部的	prefrontal
额外	extra, additional
额外地	extra
额外工作	overwork
额外的	extra, additional
额外的事物	extra
额外的人	etcetera
额外补贴	premium
额定功率	rating
额定的	rated
额手礼	salaam
额的	frontal
额镜带	headband
额骨	frontal
颞部	temple
颞颥	temple
颠倒	overturn, conversely
颠倒的	converse
颠倒的事物	invert
颠倒顺序	transpose
颠簸	toss, surge
颠簸地	jerkily
颠簸的	bumpy
颠簸而行	bump, jolt
颠覆	upset, topple
颠覆分子	subversive
颤动	vibration, vibrate
颤动的	quivering
颤声	trill, warble
颤抖	shiver, tremble
颤抖地说	quaver
颤抖的	aspen, agitated
颤抖着	shakily
颤振	chattering
颤音	trill
颧骨	cheekbone
风	wind
风俗	custom
风信子	hyacinth
风信子石	hyacinth
风信旗	vane
风光影片	scenic
风刮	windswept
风刮的	windswept
风化	weathering
风化的	weathered
风压差	leeway
风压角	leeway
风向标	vane
风吹	blow
风吹雨打	bleakly
风吹雨打地	bleakly
风味	smack, relish
风味极佳	savory, savoury
风味极佳的	savory, savoury
风哮雨嚎	roaring
风哮雨嚎的	roaring
风土学	climatology
风大	blustery
风大的	blustery
风尚	fashion
风帆比赛	yachting
风干土坯	adobe
风干砖	adobe
风平浪静	calm
风度	grace
风度好	personable
风度好的	personable
风强	windy
风强的	windy
风扇	fan
风扇罩	cowl
风景	view, landscape
风景好	scenic
风景好的	scenic
风景照片	scenic
风景画	landscape
风暴性大火	firestorm
风机	blower
风格	style, manner
风格化	stylised
风波	storm
风流	romantic
风流坯子	womanizer
风流的	romantic
风湿病	rheumatism, rheumatic
风湿病引起	rheumatic
风湿病引起的	rheumatic
风湿病患者	rheumatic
风湿病样的	rheumatoid
风湿病的	rheumatic
风滚草	tumbleweed
风狂吹	bluster
风琴	organ
风琴弹奏者	organist
风琴的音栓	celeste
风疹	measles
风笛	bagpipe
风笛手	piper
风筝	kite
风箱	bellows
风行一时	overrun
风衣	windbreaker
风趣	salt
风趣的	salt
风车	windmill
风道	airway
风遮蔽	windshield
风采	mien
风闸	airlock
风险	venture
风雪短大衣	anorak
风飘型	windblown
风飘型的	windblown
飑	squall
飒飒声	rustle
飓风	hurricane
飕飕作声	whiz, whizz
飕飕声	whir, whiz
飘	flap
飘动	fan, wave
飘忽不定	rove
飘扬	fly, stream
飘扬的	flying
飘流	roll
飘流物	waif
飘浮感	levitation
飘浮着	afloat
飘浮着的	afloat
飘浮空中	levitate
飘渺	ethereal, wispy
飘渺的	ethereal, wispy
飘荡	waft
飞	fly
飞云	scud
飞利浦	phillips, philips
飞去归来器	boomerang
飞奔	gallop, whisk
飞弹	missile
飞快	rapidly, rapid
飞快地	rapidly
飞快的	rapid
飞快移动	whoosh
飞快翻书	riffle
飞掠而过	skitter
飞机	aircraft, airplane
飞机场	airport
飞机库	hangar
飞机的	aero
飞机的服务员	steward
飞机票价	airfare
飞机航程表	logbook
飞机跑道	airstrip
飞机降落目标	meatball
飞涨	skyrocket
飞涨的	soaring
飞溅	splash
飞溅出	sputter
飞燕草	delphinium
飞燕草子	larkspur
飞牌	finesse
飞的	flying
飞碟游戏	guts
飞禽	fowl
飞翔	fly
飞船	airship
飞艇	airship
飞花	flying
飞行	flight, fly
飞行员	pilot
飞行术	aviation, aeronautics
飞行物	flyer
飞行的	aero
飞行者	flier
飞越	fly
飞越上空	overflight
飞跑	drive
飞轮	flywheel
飞过	wing
飞逝	fleeting
飞逝的	fleeting
飞速	flying
飞速的	flying
飞镖	dart
飞驰	hell, rocket
飞鸟	flyer
飞鸟群	skein
食	ecliptic
食人	cannibalism
食人者	cannibal
食人肉	cannibalistic
食人肉的	cannibalistic
食人魔鬼	ogre
食入	ingestion
食同类	cannibal
食同类的	cannibal
食品	food
食品供应部	commissary
食品商	grocer
食品室	pantry
食品杂货业	grocery
食品杂货店	grocery
食堂	mess
食客	parasite, dependant
食尸鬼	ghoul
食尸鬼似	ghoulish
食尸鬼似的	ghoulish
食指	forefinger
食槽	crib
食橱	cupboard
食欲	stomach, appetite
食欲缺乏	anorexia, anorexic
食欲缺乏的	anorexic
食欲过盛	bulimia
食欲过盛的	bulimic
食物	food
食物传播的	foodborne
食物传染的	foodborne
食物储藏室	larder
食物橱	larder
食用螺	winkle
食的	ecliptic
食盒	hamper
食管	esophageal, esophagus
食管炎	oesophagitis
食管的	oesophageal, esophageal
食篮	hamper
食肉	carnivorous
食肉动物	predator, carnivore
食肉的	carnivorous
食草动物	vegetarian
食虫植物	carnivore
食蟹猴	machin
食言	renege
食谱	recipe
食道	oesophageal, esophagus
食鱼动物	fisher
餐	meat
餐具	tableware
餐具垫	placemat
餐具室	pantry
餐具柜	cupboard, sideboard
餐具橱	credenza
餐厅	refectory
餐后甜点	dessert
餐巾	napkin
餐巾纸	napkin
餐桌	table
餐馆	restaurant
餐馆老板	restaurateur
饥荒	famine, hunger
饥锇	starvation
饥饿	hungry, hunger
饥饿地	hungrily
饥饿的	hungry
饥馑	dearth
饥馑的	famished
饭店	restaurant
饭桶	git
饭盒	lunchbox
饮	lush, imbibe
饮剂	potion
饮宴狂欢	carnival
饮料	drink
饮用	drinkable
饮用的	drinkable
饮者	drinker
饮酒	tipple, libation
饮酒作乐	bender
饮酒过度	intemperate
饮酒过度的	intemperate
饮食	dietary
饮食奢侈	pampered
饮食奢侈的	pampered
饮食学家	dietitian
饮食的	dietary
饮食过度	surfeit
饮食过量	pampered
饮食过量的	pampered
饰以宝石	gem
饰以珠	beaded
饰以珠宝	jewel
饰以珠的	beaded
饰以花	flowering
饰以花边	lace
饰以荷叶边	flounce
饰头巾	headdress
饰带	lace, frieze
饰有珠子	beady
饰有珠子的	beady
饰板	plaque
饰毛	crest
饰面	veneer
饰面薄板	veneer
饱受折磨	tormented
饱受折磨的	tormented
饱含	sodden
饱含的	sodden
饱和	saturated, saturation
饱和化合物	saturate
饱和度	saturation
饱和度高	saturate
饱和度高的	saturate
饱和的	saturated
饱和脂肪酸	saturate
饱嗝儿	burp
饱足	satiate
饱足的	satiate
饲养	feed, breeding
饲养专家	husbandman
饲养业	husbandry
饲养员	breeder
饲养者	feeder
饲料	feed
饲料槽	trough
饲育场	feedlot
饲草架	rack
饲鹰者	hawker
饵	lure, bait
饶恕	excuse
饶舌	chatter, garrulous
饶舌的	garrulous, chatty
饶舌的人	magpie, rattler
饶舌者	talker
饷金名单	payroll
饺子	dumplings, tortellini
饼	cake
饼图	pie
饼干	cookie, biscuit
饿极	ravenous
饿极的	ravenous
饿死	starve, starvation
饿鬼	ghoul
馅饼	pie
首位	chief, premier
首位的	chief, premier
首倡者	initiator
首先	first
首先地	primarily
首先的	primo
首创	pioneering
首创的	pioneering
首创精神	initiative
首字母	initial
首字母组合词	acronym
首字母缩拼词	acronym
首席	doyen
首席的	presiding
首府	metropolis
首标	herder
首次	premiere
首次展示	rollout
首次的	premiere
首次露面	premiere
首相	chancellor, premier
首相职位	premiership
首相职权	premiership
首脑	kingpin, supremo
首要	principal, fundamentally
首要的	principal
首选	preferred
首选的	preferred
首选项	preference
首部	herder
首都	capital
首都的	capital
首长	principal, presidential
首长的	presidential
首领	chieftain, headman
首领的地位	chiefdom
首饰盒	casket
香	spicy, incense
香味	scent, odor
香味的	perfumed
香囊	sachet
香子兰	vanilla
香客	pilgrim
香料	spice
香料袋	sachet
香柏	cedar
香树膏	balm, balsam
香椿	cedar
香槟酒	champagne
香槟酒色	champagne
香气	perfume, spice
香水	perfume, scent
香港	hongkong
香烟	cigarette, tobacco
香烟屁股	snipe
香甜的酒	creme
香的	spicy
香精	essence
香肠	sausage
香脂	balsam, balm
香脂性的	balsamic
香脂气味的	balmy
香脂的	balsamic
香膏	balm
香膏质	balsamic
香膏质的	balsamic
香草	vanilla, herb
香菇	shiitake
香蒜沙司	pesto
香蒜酱	pesto
香蒲	cattail
香蕈	shiitake
香蕉	banana
香酒	liqueur
馥郁	fragrant
馥郁的	fragrant
马	horse
马上	forthright
马乔里	marjorie
马修斯	matthews
马克	mark
马克思	marx
马具	harness
马利筋	milkweed
马利筋属植物	milkweed
马刺	spur
马力	soup, horsepower
马勒	bridle
马卡姆	markham
马口铁	tin
马嚼子	bit
马夫	groom
马头鱼	seahorse
马尔可夫	markov
马尔堡	marlborough
马尔科	marco
马尔科姆	malcolm
马尾辫	ponytail
马屁精	spaniel, lackey
马戏	circus
马戏团	circus, tan
马戏演出指挥	ringmaster
马房	stable
马拉松	marathon
马拉松运动员	marathoner
马提尼	martini
马文	marvin
马斯喀特	muscat
马曼	maman
马术师	horseman
马槽	manger
马歇特	machete
马毛	horsehair
马洛里合金	mallory
马海毛	mohair
马海毛制	mohair
马海毛制的	mohair
马球	polo
马琳	marlene
马甲	waistcoat
马略卡岛	majorca
马的	equestrian, equine
马的缓行步态	amble
马眼罩	blinders
马缓行	amble
马肩隆	withers
马背	horseback
马背突然拱起	buck
马背长矛打斗	joust
马自达汽车	mazda
马蒂	marty
马虎	slack
马虎地	slack
马虎地做	shuffle
马裤	britches
马赛克	mosaic
马赛克的	mosaic
马足水肿	stocking
马路	street
马蹄冠	coronet
马蹄叉	frog
马蹄疽	quitter
马蹄铁	horseshoe
马车	carriage
马车夫	coachman, cabdriver
马达	motor
马达的	motor
马道	bridleway
马那瓜	managua
马郁兰	marjoram
马里奥	mario
马里恩	marion
马金托什雨衣	mackintosh
马铃薯	potato
马铃薯饼	latke
马镫	stirrup
马镫的皮带	leather
马鞍	saddle
马鞭草	verbena
马饰	trappings
马首挽具	headgear
马鬃	horsehair
马龙	malone
驯养	domestic
驯养的	domestic
驯化	domesticated
驯服	tame
驯服的	tame
驯马师	trainer
驯鹿	reindeer
驰名	celebrated
驰名的	celebrated
驰振	galloping
驰豫	relaxation
驱使	drive
驱使过度	overdrive
驱出	ferret
驱动器	driver
驱动程序	driver
驱散	dispel, dissipate
驱策	urge
驱逐	expel, banish
驱逐出境	deportation, deport
驱逐舰	destroyer, chaser
驱邪	exorcise
驱邪物	talisman
驱集	roundup
驱魔	exorcism
驱魔的人	exorcist
驳不倒	impregnable
驳不倒的	impregnable
驳倒	refute
驳回	ignore, rejection
驳岸	quay
驳斥	refute
驳船	barge
驴	ass
驴叫声	bray
驴子	donkey
驴的	asinine
驹	foal
驻军	garrison
驻扎	quarter, station
驼毛织物	aba
驼背	hump, humpback
驼背的	gibbous
驼鹿	moose
驽马	nag
驾帆船	yachting
驾游艇	yacht
驾船	sail
驾船技术	watercraft
驾车	drive
驾车专用道路	parkway
驾车旅行的人	motorist
驾运货马车	cart
驾驭	rein, harness
驾驶	pilot, steer
驾驶卡车	team
驾驶后座	banquette
驾驶员	driver
驾驶员座舱	cockpit
驾驶室	pilothouse, wheelhouse
驾驶指示	steer
驾驶盘	helm
驿马	relay, poster
骄傲	proud, pride
骄傲地	haughtily
骄傲的	proud
骄傲自大	overbearing, cockiness
骄傲自大的	overbearing
骄傲自大的人	hubcap
骄奢淫逸	voluptuous
骄奢淫逸的	voluptuous
骄气	mickey, micky
骆驼	camel
骇人	appalling, terrifying
骇人的	appalling, terrifying
验光师	optometrist
验尸	autopsy, inquest
验尸官	coroner
验收	acceptance
验收员	examiner
验讫	examined
验证	validate, verification
骑	sit, ride
骑兵	horse
骑兵营	squadron
骑在马上	horseback
骑在马背上	equestrian
骑在马背上的	equestrian
骑士	knight, cavalier
骑士制度	chivalry
骑士气质	knighthood
骑士的	chivalrous, knightly
骑士精神	chivalry
骑士身分	knighthood
骑手	rider
骑摩托车	motorcyclist
骑术	equestrian
骑术的	equestrian
骑缝线	roulette
骑脚踏车兜风	cycling
骑脚踏车消遣	cycling
骑脚踏车的人	cyclist
骑脚踏车者	bicyclist
骑自行车	cycle
骑自行车者	bicyclist
骑警	ranger, trooper
骑马	horse, ride
骑马玩乐	lark
骑马者	horseman
骑马行列	cavalcade
骗	jockey, gull
骗人	misleading
骗人地	deceptively
骗人的	misleading
骗人的把戏	mystification
骗人货	duffer
骗入	entrap
骗取	cheat, swindle
骗取的	fraudulent
骗子	sharp, shark
骗局	scam, swindle
骗徒	knave
骗钱	kite
骚乱	turbulent, turbulence
骚乱的	turbulent, tumultuous
骚乱者	rioter
骚动	stir, storm
骚动的	convulsive
骚塞	southey
骚扰	annoy, infest
骡	mule
骤然跌落	plummeting
骤退	crisis
骤雨	pour
骨	bone
骨关节炎	osteoarthritis
骨制品	bone
骨头	bone
骨干	backbone
骨愈合	knitting
骨折	fracture
骨架	framework
骨牌	domino
骨瘦如柴	scrawny
骨瘦如柴的	scrawny
骨瘦如柴的人	skeleton
骨盆	basin, pelvis
骨盆的	pelvic
骨肿块	bunch
骨胳的	skeletal
骨胶原	collagen
骨质疏松	osteoporosis
骨质疏松症	osteoporosis
骨骼	skeleton, anatomy
骨骼的	skeleton, skeletal
骨髓	marrow, pith
骰子	die
髋骨	hipbone
髓	marrow
髓盖	capping
髓磷脂	myelin
髓鞘质	myelin
高	high
高价的	expensive
高估	overstate, overrate
高位	perch, dignity
高位的	exalted
高低不平	rugged
高低不平的	rugged
高傲	superior, superiority
高傲的	superior
高僧	dignitary
高八度音	replicate, octave
高兴	pleased, pleasure
高兴地	gladly, gleefully
高兴的	pleased, glad
高分子	polymer
高利	usury
高利贷	usury
高半胱氨酸	homocysteine
高卢	gaul
高卢人	gaul
高压统治	coercion
高原	plateau, upland
高叫	screeching
高唱	troll
高喊	shout
高喊声	whooping
高喊声的	whooping
高地	raise
高地人	highlander
高地的	upland
高坛	chancel
高声	loud, loudly
高声地	loud, loudly
高声埋怨	squeal
高声说	whoop
高声鸣叫	blare
高处	high
高处的城堡	aerie
高处的房子	aerie
高大结实	stalwart
高大结实的	stalwart
高官	dignitary
高射炮	flak, archibald
高尔夫球	golf
高尚	proper, magnificent
高尚化	sublimation
高尚地	nobly
高尚的	proper, magnificent
高山	alpine, alp
高山生长	alpine
高山生长的	alpine
高山的	alpine
高山草旬	alm
高峰	pinnacle
高年级学生	upperclassman
高度	high
高度地	high
高度增生的	exuberant
高度紧张	hyper
高度紧张的	hyper
高度计	altimeter
高弹体	elastomer
高手	proficient
高扬	soar
高效	expeditiously
高明亮部分	highlighting
高曼	goldman
高架	overhead
高架桥	viaduct
高架的	overhead
高档	upmarket
高档的	upmarket
高档的东西	topper
高档货	topper
高梁	sorghum
高楼	tower
高沼地	moorland
高涨	sky
高涨的	rising
高深莫测	enigmatic
高深莫测的	enigmatic
高潮	climax, culmination
高潮的	climactic
高灵敏度	hypersensitive, hypersensitivity
高灵敏度的	hypersensitive
高球	lob
高的	high
高端	upmarket
高端的	upmarket
高笑声	cackle
高等妓女	courtesan
高等教育	postsecondary
高粱	sorghum
高级	high
高级寄宿舍	guesthouse
高级市政官	alderman
高级教士	prelate
高级的	high
高统防水长靴	wader
高翻领毛衣	turtleneck
高耸	tower, soar
高耸入云	soaring
高耸入云的	soaring
高耸的	towering
高脚杯	goblet
高脚果盘	compote
高血压	hypertension
高血压的	hypertensive
高视阔步	strut, stalk
高谈阔论	spout, spiel
高贵	tony, noble
高贵的	tony, noble
高贵的人	dignitary
高赫	gogh
高超声速的	hypersonic
高跷	stilt
高达	top
高速	winged
高速公路	motorway, freeway
高速游艇	speedboat
高速的	winged
高速缓冲	cache
高雅	elegant, elegance
高雅地	tastefully, decently
高雅的	elegant
高音	piping
高音的	piping
高音调	alt
高音调的	alt
高飞	soaring
高飞的	soaring
高高兴兴	cheerfully
高高兴兴地	cheerfully
高龄	senile, senility
高龄的	senile
髭	moustache, mustache
鬃毛	mane
鬈发	curl
鬈发的	curled
鬈毛狗	poodle
鬓角	sideburn
鬣蜥	iguana
鬼	ghost, apparition
鬼似地游荡	ghost
鬼怪	spectral
鬼怪的	spectral
鬼怪般地出没	spook
鬼把戏	shenanigans
鬼火	wildfire
鬼祟	stealth, sneaky
鬼祟的	sneaky
鬼脸	grimace, mop
鬼鬼祟祟	slinky, stealthy
鬼鬼祟祟做事	sneak
鬼鬼祟祟地走	slink
鬼鬼祟祟的	slinky, surreptitious
鬼鬼祟祟的人	sneak
魁伟	portly, strapping
魁伟的	portly, strapping
魁北克	quebec
魁梧有力	herculean
魁梧有力的	herculean
魁首	ringleader
魄力	assertiveness
魅力	spell, glamour
魔力	charm, alchemy
魔女	hag
魔术	magic, magical
魔术家	magician
魔术师	mage, trickster
魔术的	magic, magical
魔法	magic, glamour
魔法师	sorcerer
魔爪	talon
魔王	archenemy
魔窟	pandemonium
魔鬼	devil, demon
魔鬼似	devilish
魔鬼似的	devilish
鱼	fish
鱼业	fishing
鱼似	fishy
鱼似的	fishy
鱼卵	roe
鱼叉	harpoon, gaff
鱼商	fishmonger
鱼子	roe
鱼子酱	caviar
鱼尾状	fishtail
鱼尾状的	fishtail
鱼成群而游	shoal
鱼排	steak
鱼梁	weir
鱼狗	kingfisher
鱼类	fish
鱼网	fishnet
鱼群	school
鱼翅	fin
鱼肉	fish
鱼肥料	guano
鱼苗	fry
鱼藤酮	rotenone
鱼贩	fishmonger
鱼钩	fishhook
鱼雷	torpedo
鱼鳞	scaling
鱿鱼	squid, calamari
鲁弗斯	rufus
鲁棒性	robustness
鲁特诗琴	lute
鲁莽	reckless, temerity
鲁莽的	reckless, rash
鲁迪	rudy
鲁道夫	rudolf
鲍	abalone
鲍伊猎刀	bowie
鲍威尔	powell
鲍尔	bauer
鲍尔温	baldwin
鲍尔温苹果	baldwin
鲍恩	bowen
鲍里斯	boris
鲑	salmon
鲑鱼	salmon, trout
鲜明	bright, lively
鲜明地	brightly
鲜明度	boldness
鲜明的	bright, lively
鲜红的	florid
鲜红色	cardinal, scarlet
鲜红色的	scarlet
鲜美可口	appetizing
鲜美可口的	appetizing
鲜艳	vividly, vivid
鲜艳服装	finery
鲜艳的	vivid, colourful
鲜艳的色彩	technicolor
鲜血	lifeblood
鲟鱼	sturgeon
鲤科淡水小鱼	minnow
鲤鱼	carp
鲨鱼	shark
鲭	mackerel
鲮鱼	dace
鲱	herring
鲶鱼	catfish
鲷科海鱼	bream
鲸	whale
鲸油	sperm
鲸目	cetacean
鲸目动物	cetacean
鲸目的	cetacean
鲸脂	blubber
鲸蜡油	sperm
鲸饮	swig
鲸鱼	cetacean
鲸鱼的	cetacean
鳀鱼	anchovy
鳃	gill, branchial
鳃状	branchial
鳃状的	branchial
鳃的	branchial
鳄梨	avocado
鳄梨树	avocado
鳄梨色拉	guacamole
鳄梨酱	guacamole
鳄鱼	crocodile
鳍	fin
鳍状物	fin
鳍状肢	flipper
鳍鲸	razorback
鳏夫	widower
鳏居的	widowed
鳕	cod
鳕鱼	ling
鳕鱼类	pollock
鳗鱼	eel
鳝鱼	eel
鳞屑的	squamous
鳞片排列	scaling
鳞片样脱落	exfoliating
鳞状	scaly, squamous
鳞状的	scaly, squamous
鳞茎	bulb
鳞龟属动物	ridley
鸟	bird
鸟啭	warble
鸟嘴	beak
鸟澡盆	birdbath
鸟笼	birdhouse
鸟类	birds, avian
鸟类学	ornithology, ornithological
鸟类学的	ornithological
鸟类学者	ornithologist
鸟类的	avian
鸟类羽毛	plumage
鸟类饲养场	aviary
鸟粪石	guano
鸟群	flock
鸟舍	birdhouse
鸟蛛	tarantula
鸟蛤	cockle
鸟蛤壳	cockle
鸟鸣	warble
鸟鸣声	birdsong
鸡冠	comb
鸡奸	bugger, sodomy
鸡奸者	buggery
鸡尾酒	cocktail
鸡尾酒会	cocktail
鸡尾酒会的	cocktail
鸡巴	plonker
鸡油菌	chanterelle
鸡笼	coop
鸡肉	chicken
鸡腿下段	drumstick
鸡舍	henhouse
鸡鸣	crow
鸢尾属植物	iris
鸣	ring
鸣丧钟	knell
鸣叫	whoop
鸣响	resound, hoot
鸣声	song
鸣汽笛	whistle
鸣钟	toll
鸣锣召唤	gong
鸥	gull, seagull
鸦片	opium
鸦片制剂	opiate
鸫	thrush
鸬鹚	cormorant
鸭叫声	quack
鸭子	duck
鸭绒	eiderdown
鸭绒被	eiderdown
鸵峰	hump
鸵鸟	ostrich
鸽	columbine
鸽似	columbine
鸽似的	columbine
鸽子	pigeon, dove
鸽子出入孔	pigeonhole
鸽子的叫声	coo
鸽房	loft
鸽棚	pigeonhole
鸽的	columbine
鹅	goose
鹅卵石	cobblestone, cobble
鹅口疮	thrush, prunella
鹅群	gaggle
鹅肉	goose
鹈鹕鸟	pelican
鹊	magpie
鹊的	magpie
鹌鹑	quail
鹗	osprey
鹤	crane
鹦哥	polly
鹦鹉	parrot
鹦鹉螺	nautilus
鹧鸪	partridge
鹨	pipit
鹪鹩	wren
鹬	sandpiper
鹬鸵	kiwi
鹭	heron
鹰	eagle, hawk
鹰嘴豆	gram, chickpea
鹰嘴豆沙	hummus
鹰嘴豆泥	hummus
鹰派	hawkish
鹰派成员	hawk
鹰派的	hawkish
鹰状标饰	eagle
鹰的脚带	jess
鹰笼	mew
鹳	stork
鹿	deer
鹿皮	buckskin
鹿皮鞋	moccasin
鹿肉	venison
鹿角	antler
鹿豹座	giraffe
麂皮	suede, chamois
麋	moose
麋鹿	elk
麝香	musk, musky
麝香似	musky
麝香似的	musky
麝香的	musky
麝香的气味	musk
麝香草	thyme
麝鼠	muskrat
麦克唐纳	macdonald, mcdonald
麦克斯韦	maxwell
麦克风	microphone
麦卡锡	mccarthy
麦地那	medina
麦尔登呢	melton
麦当劳	mcdonald
麦当劳快餐店	macdonald
麦斯林纱	muslin
麦格纳	magna
麦片	cornmeal
麦秆条带	plait
麦管	straw
麦粉	flour
麦肯纳	mckenna
麦肯齐区	mackenzie
麦肯齐氏	mackenzie
麦肯齐河	mackenzie
麦胺	histamine
麦芽	malt
麦芽作坊	maltings
麦芽制造	maltings
麦芽汁	wort
麦芽的	malt
麦芽酒	ale
麦西亚	mercia
麦迪逊	madison
麸	bran
麸皮	pollard
麸质	gluten
麻刺感	tingling
麻子	pock, pockmark
麻布	flax, hessian
麻布袋	sack
麻木	dead, stupid
麻木不仁	callousness
麻木状态	slumber
麻木的	dead, stupid
麻烦	trouble, bother
麻烦事	annoyance
麻烦的	troublesome, messy
麻烦的事物	peeve
麻疯病	leprosy
麻疯病患者	leper
麻疹	measles
麻痹	paralysis, blunt
麻痹的	blunt
麻省理工学院	mit
麻类植物	hemp
麻线	twine
麻药	drug
麻袋	matting
麻袋布	sacking
麻醉	narcotic, anesthesia
麻醉剂	anesthetic, anaesthetic
麻醉品	gow
麻醉学家	anesthesiologist
麻醉学者	anesthesiologist
麻醉师	anaesthetist
麻醉椒	kava
麻醉的	narcotic, anesthetic
麻醉药	drug
麻醉药物	dope
麻雀	sparrow
麻风	leprosy
麻风病人	leper
麻鹬	curlew
麻黄	ephedra
黄	huang, wong
黄体制剂	progestin
黄体素	lutein
黄包车	rickshaw
黄化	yellowing
黄华柳	sallow
黄华柳细枝	sallow
黄变	yellowing
黄土	ocher
黄昏	dark
黄晶	topaz
黄杨	boxwood
黄杨木	boxwood
黄杨木材	boxwood
黄樟	sassafras
黄油	butter
黄玉	topaz
黄瓜	cucumber
黄疸	jaundice
黄绿色	olive
黄绿色的	olive
黄色	yellow
黄色书刊	pornography, porn
黄色的	yellow
黄色读物	pornography
黄芩属植物	skullcap
黄花九轮草	cowslip
黄蜂	wasp
黄褐色	tan, olive
黄褐色的	tan, olive
黄褐色颜料	sienna
黄貂鱼	stingray
黄道	ecliptic
黄道十二宫图	zodiac
黄道带	zodiac, zodiacal
黄道的	ecliptic
黄酮类	flavonoid
黄金	gold
黄铜	brass
黄铜制	brazen
黄铜制品	brass
黄铜制的	brazen
黄铜的	brass
黍	millet
黎加	rica
黎巴嫩	lebanese
黎巴嫩的	lebanese
黎明	dawn, sunrise
黏合	coherence
黏合在一起	cohesive
黏合在一起的	cohesive
黏土	clay
黏牢	cement
黏稠度	consistency
黏聚	cohesion
黏膜炎	catarrh
黑	blackness, darkly
黑人	soul
黑人的	soul
黑刺李	blackthorn
黑刺李木手杖	blackthorn
黑名单	blacklist
黑夜	night
黑客	hacker
黑度	blackness
黑手党	mafia
黑斑	blackspot
黑斑羚	impala
黑斑鳕	haddock
黑斯廷斯	hastings
黑暗	dark, night
黑暗的	dark
黑曜石	obsidian
黑板	blackboard, chalkboard
黑板架	easel
黑果木	huckleberry
黑果莓	blackberry
黑格尔	hegel
黑檀	blackwood
黑水鸡	moorhen
黑潭	blackpool
黑点	blackspot
黑猩猩	chimpanzee, chimp
黑玉般	jetty
黑玉般的	jetty
黑瘤	melanoma
黑白	monochrome
黑白的	monochrome
黑白花奶牛	friesian
黑白花斑	pinto
黑白花斑的	pinto
黑穗病	smut
黑管	clarinet
黑素	melanin
黑素瘤	melanoma
黑而发亮	jet
黑而发亮的	jet
黑色	black
黑色的	black
黑色的小乳牛	kerry
黑色短披肩	rabat
黑色素	melanin
黑莓	blackberry, bramble
黑话	cant
黑豹	panther
黑貂	sable
黑貂皮	sable
黑貂皮的	sable
黑醋栗	blackcurrant
黑颜料	black
黑鸟	blackbird
黑麦	rye
黑黝黝	swarthy
黑黝黝的	swarthy
默契	privity
默察	contemplation
默想	meditative
默想的	meditative
默然同意	acquiesce
默认	default, acquiescence
默认值	default
默记	con
默许	acquiesce, connive
默里	murray
默默	silently
默默地	silently
默默无言	wordlessly
默默无言地	wordlessly
黛博拉	deborah
黛娜	dinah
黛安	diane
黛拉	della
黛比	debbie
黝暗	murky
黝暗的	murky
鼓	drum
鼓似	tympanic
鼓似的	tympanic
鼓动	prompt, agitate
鼓动的	moving
鼓动者	mover
鼓励	heart, encourage
鼓励地	encouragingly, reassuringly
鼓励的	encouraging
鼓吹	advocacy
鼓吹军国主义	militarize
鼓声	drum, tuck
鼓室	tympanic, eardrum
鼓室上隐窝	attic
鼓室的	tympanic
鼓手	drummer
鼓掌	applause, clap
鼓槌	drumstick
鼓翼	flutter
鼓翼而飞	flap
鼓膜	eardrum, tympanic
鼓膜的	tympanic
鼓舞	spirit, lift
鼓舞人心	inspiring, inspirational
鼓舞人心的	inspiring, inspirational
鼓舞的	stimulant
鼓舞者	animator
鼓起	belly, knob
鼓起勇气	nerve
鼓起精神	pep
鼓风机	blower
鼠	rat
鼠尾草	salvia
鼠尾草属	salvia
鼠尾草属植物	sage
鼠标	mouse
鼠海豚	porpoise
鼠疫	pest
鼠臭	ratty
鼠臭的	ratty
鼬鼠	weasel
鼹鼠	mole
鼻	nasal
鼻出血	nosebleed
鼻口部	snout
鼻塞	snuffle
鼻声	nasal
鼻声的	nasal
鼻子	nose
鼻孔	nostril
鼻息	snuffle
鼻水	snot
鼻涕	snot
鼻涕虫	slug
鼻炎	rhinitis
鼻甲	turbinate
鼻甲的	turbinate
鼻的	nasal
鼻音	nasal
鼻音字	nasal
鼾声	snore
齐发	volley
齐名	eponymous
齐名的	eponymous
齐声	chorus
齐声说道	chorus
齐射	fusillade
齐平	level
齐平地	flush
齐平的	level
齐性	homogeneous, homogeneity
齐性的	homogeneous
齐柏林飞船	zeppelin
齐鸣	volley
齐默尔曼	zimmerman
齿	tines, dens
齿列	denture
齿根膜	periodontal
齿根膜的	periodontal
齿状物	tooth
齿的	dental
齿轮	gear
齿轮作用	gearing
齿轮换向器	tumbler
齿轮箱	gearbox
齿音	dental
齿顶	addendum
龌龊	grotty
龌龊的	grotty
龙	dragon
龙卷风	tornado, cyclone
龙头	faucet, cock
龙舌兰	agave
龙舌兰属	agave
龙舌兰酒	tequila
龙艾	tarragon
龙葵	morel
龙蒿	tarragon
龙虾	lobster
龙门起重架	gantry
龙骑兵	dragoon
龙骨	keel
龟	tortoise
龟板	tortoiseshell
龟甲	tortoiseshell
龟甲网衬里	monolithic
龟裂	chap
